country_code,year,gdp_per_capita,population,inflation_hcpi,dependency_ratio,employment_rate,interest_rate
ABW,1990,33063.0,62753.0,2.890000104904175,48.3884698148455,,4.5666408556276
ABW,1991,33993.207,65896.0,2.890000104904175,50.238252661818,,4.79112520734837
ABW,1992,34371.164,69005.0,2.890000104904175,51.0352827876029,,6.52813758772899
ABW,1993,34540.336,73685.0,2.890000104904175,50.4215576196795,,5.03292510547116
ABW,1994,35490.723,77595.0,2.890000104904175,49.7915138411644,,4.05692612365099
ABW,1995,35386.86,79805.0,2.890000104904175,48.4495619338157,,6.98825052743605
ABW,1996,34419.43,83021.0,3.200000047683716,46.6724378566507,,6.89090544941648
ABW,1997,35444.58,86301.0,2.996000051498413,45.3563969547935,,6.31195251913281
ABW,1998,35271.906,88451.0,1.875,44.3940185451221,,4.173555703149
ABW,1999,35227.477,89659.0,2.2769999504089355,43.6697806335828,,10.7168994077419
ABW,2000,37524.035,90588.0,4.048999786376953,43.3179869318272,,10.9174500760991
ABW,2001,38729.457,91439.0,2.890000104904175,43.2308391159286,,15.885948876168
ABW,2002,38098.906,92074.0,3.319999933242798,43.0780227806007,,6.57378500312943
ABW,2003,38086.01,93128.0,3.6600000858306885,42.8753336810776,,7.42457507462851
ABW,2004,40000.562,95138.0,2.5299999713897705,42.6913039565648,,6.60450953637949
ABW,2005,38828.215,97635.0,3.4000000953674316,42.6369612856099,,5.64637297616821
ABW,2006,38566.8,99405.0,3.609999895095825,42.7685060178669,,5.81310509823675
ABW,2007,39462.586,100150.0,5.389999866485596,42.9917617327489,,4.97600231726435
ABW,2008,39881.59,100917.0,8.960000038146973,43.260508496231,,5.9825479431511
ABW,2009,34986.15,101604.0,-2.140000104904175,43.5354448619784,,8.84604657019821
ABW,2010,33951.625,101838.0,2.0799999237060547,43.4533955008381,,11.6661307585963
ABW,2011,34837.94,102591.0,4.320000171661377,43.0477704342006,,4.80197433814387
ABW,2012,33972.34,104110.0,0.6299999952316284,42.8649842877335,,8.20087500684476
ABW,2013,35621.785,105675.0,-2.369999885559082,43.0385229703024,,10.7097087655441
ABW,2014,35746.863,106807.0,0.41999998688697815,43.5153583617747,,6.37347405601159
ABW,2015,36660.633,107906.0,0.47999998927116394,44.2477876106195,,6.37347405601159
ABW,2016,36832.902,108727.0,-0.8899999856948853,45.1551319021681,,6.37347405601159
ABW,2017,38116.832,108735.0,-0.474,46.125005039442,,6.37347405601159
ABW,2018,39278.83,108908.0,3.58,47.1166704939956,,6.37347405601159
ABW,2019,39652.633,109203.0,4.256999969482422,48.0999783009656,,6.37347405601159
ABW,2020,30347.637,108587.0,1.222000002861023,48.8784687945596,,6.37347405601159
ABW,2021,35104.785,107700.0,0.744,49.3199495334618,,6.37347405601159
ABW,2022,38979.836,107310.0,5.52,49.8010748935576,,6.37347405601159
ABW,2023,41964.77,107359.0,3.363,50.499754678629,,6.37347405601159
ABW,2024,44558.93,107995.0,1.712,51.2895227154925,,6.37347405601159
AFG,2000,1617.8264,20130327.0,0.0010000000474974513,109.586047730495,42.885,10.0468971030039
AFG,2001,1454.1108,20284307.0,-43.400001525878906,110.219341359285,42.817,10.0468971030039
AFG,2002,1774.3087,21378117.0,51.93000030517578,110.534611030603,42.846,10.0468971030039
AFG,2003,1815.9282,22733049.0,35.66299819946289,110.557539565476,42.85,10.0468971030039
AFG,2004,1776.9182,23560654.0,16.357999801635742,110.285308007212,42.881,10.0468971030039
AFG,2005,1908.1147,24404567.0,10.569000244140625,109.728525433204,42.866,10.0468971030039
AFG,2006,1929.7239,25424094.0,6.78000020980835,108.889135191956,42.893,10.0468971030039
AFG,2007,2155.353,25909852.0,8.680000305175781,107.737250564546,42.966,-3.58511111025937
AFG,2008,2191.5044,26482622.0,26.420000076293945,106.334375525183,43.004,12.5579601438018
AFG,2009,2565.022,27466101.0,-6.809999942779541,104.799467490534,43.097,17.5429289286094
AFG,2010,2848.5862,28284089.0,2.180000066757202,103.144455694301,43.159,11.3640937418183
AFG,2011,2757.0525,29347708.0,11.800000190734863,101.458308292088,43.213,-1.24150600982001
AFG,2012,2985.319,30560034.0,6.440000057220459,99.7731309368865,43.258,7.17438724753763
AFG,2013,3046.5798,31622704.0,7.389999866485596,98.063558808759,43.301,9.78449593859924
AFG,2014,3017.9426,32792523.0,4.670000076293945,96.3463937851296,43.368,14.3516893380043
AFG,2015,2967.6921,33831764.0,-0.6600000262260437,94.6132337112821,42.906,14.3516893380043
AFG,2016,2958.7854,34700612.0,4.380000114440918,92.8898712202104,42.457,14.3516893380043
AFG,2017,2952.999,35688935.0,4.976,91.2936186853936,42.014,14.3516893380043
AFG,2018,2902.392,36743039.0,0.63,89.8496059758101,40.466,14.3516893380043
AFG,2019,2927.245,37856121.0,2.302000045776367,88.5120276122222,38.913,14.3516893380043
AFG,2020,2769.6858,39068979.0,5.442999839782715,87.2478169146763,36.71,14.3516893380043
AFG,2021,2144.1665,40000412.0,5.062,86.0834681804276,35.8,14.3516893380043
AFG,2022,1981.7102,40578842.0,10.6,84.9624893289139,32.333,14.3516893380043
AFG,2023,1983.8126,41454761.0,-7.714,83.8361728436287,32.323,14.3516893380043
AGO,1990,8368.723,11626360.0,1.8329999446868896,90.2569092408058,64.376,-1.993590713855136
AGO,1991,8172.5054,12023529.0,85.26499938964844,91.0097669157643,64.307,-1.993590713855136
AGO,1992,7447.494,12423712.0,299.09698486328125,91.7442494683851,64.226,-1.993590713855136
AGO,1993,5483.2773,12827135.0,1379.4759521484375,92.4413661617916,63.88,-1.993590713855136
AGO,1994,5379.475,13249764.0,949.77099609375,93.0993791707479,63.899,-1.993590713855136
AGO,1995,5983.184,13699778.0,2672.22998046875,93.5234970290837,64.271,-84.0950001791546
AGO,1996,6567.6777,14170973.0,4146.009765625,93.7288649060103,64.892,-93.5134588840176
AGO,1997,6810.2163,14660413.0,221.49200439453125,93.7802905353552,64.973,-29.522706549011
AGO,1998,6895.026,15159370.0,107.42900085449219,93.7057826773577,64.787,4.04755887747496
AGO,1999,6817.057,15667235.0,248.2480010986328,93.5866772056373,64.579,-72.5785001611618
AGO,2000,6796.4062,16194869.0,325.02899169921875,93.3950546591747,64.484,-60.7813270387997
AGO,2001,6848.683,16747208.0,152.58599853515625,93.1426057931913,64.451,-5.03293321688837
AGO,2002,7523.813,17327699.0,108.89299774169922,92.8689882806235,64.617,-41.3294690923792
AGO,2003,7518.8896,17943712.0,98.21900177001953,92.580157249846,64.59,0.774759816031368
AGO,2004,8081.757,18600423.0,43.525001525878906,92.303774744203,64.677,36.7003974568589
AGO,2005,8895.377,19291161.0,22.961000442504883,92.0716996645369,64.679,19.6820166550523
AGO,2006,9588.822,20015279.0,13.305000305175781,91.8966478141105,64.804,2.30827389629116
AGO,2007,10437.59,20778561.0,12.24899959564209,91.7757132003252,64.842,11.9081334304949
AGO,2008,11134.705,21578655.0,12.46500015258789,91.7437443702865,64.775,-5.77235856598051
AGO,2009,10933.271,22414773.0,13.720999717712402,91.7835468670602,64.6,34.9396938678722
AGO,2010,11077.13,23294825.0,14.479999542236328,91.8283866159677,64.438,-4.76194124374164
AGO,2011,11037.639,24218352.0,13.484000205993652,91.8569027197923,64.35,-8.39804755510652
AGO,2012,11519.993,25177394.0,10.28499984741211,91.8993770017946,64.296,8.91040000919163
AGO,2013,11626.1875,26165620.0,8.781999588012695,91.9497035468882,64.119,12.1812486049924
AGO,2014,11721.664,27160769.0,7.297999858856201,92.0505618911043,63.952,11.8181537125047
AGO,2015,11392.906,28157798.0,9.159000396728516,92.1805019005926,63.638,11.8181537125047
AGO,2016,10805.712,29183070.0,32.37773132324219,92.1880041070431,63.321,11.8181537125047
AGO,2017,10414.236,30234839.0,29.844,92.0715542905016,63.045,11.8181537125047
AGO,2018,10000.944,31297155.0,19.63,91.902769414907,62.812,11.8181537125047
AGO,2019,9648.011,32375632.0,17.07900047302246,91.6470396304726,62.644,11.8181537125047
AGO,2020,8960.338,33451132.0,21.02400016784668,91.3698274972374,61.078,11.8181537125047
AGO,2021,8862.281,34532429.0,23.846111090525053,91.0363983104785,64.306,11.8181537125047
AGO,2022,8950.143,35635029.0,23.826818592387248,90.5895118569742,64.619,11.8181537125047
AGO,2023,8788.261,36749906.0,13.639,90.0552252752265,64.369,11.8181537125047
AGO,2024,8901.888,37885849.0,28.2404948915772,89.4060806363382,64.383,11.8181537125047
ALB,1990,5560.857,3286542.0,-0.18000000715255737,61.4824255907926,49.4495,1.43757004142406
ALB,1991,4027.9055,3266790.0,35.71699905395508,61.0785706431672,61.273,-25.4690910583275
ALB,1992,3761.1555,3247039.0,225.99600219726562,60.7871692686772,48.547,-63.7871204785824
ALB,1993,4145.92,3227287.0,85.00499725341797,60.5915833011548,50.736,-42.5735139644764
ALB,1994,4517.799,3207536.0,22.565000534057617,60.4038280450256,52.725,-8.96318218802839
ALB,1995,5151.3975,3187784.0,7.7546067237854,60.2826958882289,55.276,-10.3859981337813
ALB,1996,5563.793,3168033.0,12.798909187316895,60.1606949122209,54.626,6.00672099352221
ALB,1997,4943.004,3148281.0,33.212188720703125,59.8927067398816,53.996,17.6952058443456
ALB,1998,5387.5684,3128530.0,20.551681518554688,59.5026684639966,50.942,17.6952058443456
ALB,1999,6086.009,3108778.0,0.40231868624687195,59.0642631536668,49.13,18.3197049982099
ALB,2000,6582.0166,3089027.0,0.02503771148622036,58.5977290277002,49.528,15.2785042512077
ALB,2001,7232.9907,3060173.0,3.1046555042266846,57.8351705993426,48.965,15.311595059467
ALB,2002,7590.49,3051010.0,5.1845574378967285,56.7367022110026,48.945,10.9719532137275
ALB,2003,8025.2812,3039616.0,2.377929925918579,55.6139978139615,48.611,8.89419077403408
ALB,2004,8483.294,3026939.0,2.830083131790161,54.5211229067505,48.121,8.40596001388614
ALB,2005,8964.318,3011487.0,2.357452869415283,53.4435407688365,47.419,9.62860015652314
ALB,2006,9564.029,2992547.0,2.4102840423583984,52.4132353218301,46.704,9.98704550225854
ALB,2007,10262.967,2970017.0,2.9079484939575195,51.4388391998976,45.61,8.51173734427855
ALB,2008,11056.352,2947314.0,3.40516996383667,50.4759629154815,46.245,9.19915823851388
ALB,2009,11430.622,2927519.0,2.290375232696533,49.4627290108976,47.473,9.83773189748568
ALB,2010,11829.054,2913021.0,3.565251350402832,48.4034139161967,47.426,8.35023474045181
ALB,2011,12153.114,2905195.0,3.4146783351898193,47.3939165172533,51.857,10.5583645007965
ALB,2012,12463.57,2860708.0,2.027812957763672,46.6305614201807,49.371,10.6295054335739
ALB,2013,12873.483,2816902.0,1.9347490072250366,46.2294891341532,44.101,9.44075587277392
ALB,2014,13366.56,2773767.0,1.6219470500946045,46.0990797197022,43.775,6.43617834102525
ALB,2015,13876.819,2731293.0,1.9101791381835938,46.063682495576,45.955,6.43617834102525
ALB,2016,14643.489,2689469.0,1.291233777999878,46.0418641879175,48.477,6.43617834102525
ALB,2017,15359.461,2648285.0,1.987,46.1747781810153,50.152,6.43617834102525
ALB,2018,16170.99,2607733.0,2.03,46.5089324540399,52.0,6.43617834102525
ALB,2019,16761.193,2567801.0,1.4110000133514404,47.0423753077936,53.392,6.43617834102525
ALB,2020,16457.787,2528480.0,1.620886617169514,47.6864712685303,52.458,6.43617834102525
ALB,2021,18212.871,2489762.0,2.04147163139546,48.4416017247105,52.836,6.43617834102525
ALB,2022,19388.873,2451636.0,6.72520271530062,49.2510463435051,55.457,6.43617834102525
ALB,2023,20481.035,2414095.0,4.769,50.0239258237319,57.066,6.43617834102525
ALB,2024,21641.074,2377128.0,2.21448953273292,50.9742938346485,57.164,6.43617834102525
AND,1990,50036.3,52597.0,,37.8932466442953,,
AND,1991,47624.97,56667.0,,36.2351244139921,,
AND,1992,45246.53,60200.0,,35.2413901556849,,
AND,1993,42605.66,63272.0,,34.9716284824438,,
AND,1994,42716.367,64612.0,,34.9654293651954,,
AND,1995,44375.023,63912.0,,35.5820021638134,,
AND,1996,46386.09,63984.0,,36.1854287721091,,
AND,1997,50032.35,64700.0,,36.5122903259838,,
AND,1998,51092.223,65382.0,,36.7852883951547,,
AND,1999,52921.047,65710.0,,37.3996319839411,,
AND,2000,54809.145,65685.0,,38.2609244758777,,
AND,2001,59109.016,65852.0,,38.9898478228751,,
AND,2002,61188.637,66506.0,,39.5564042303173,,
AND,2003,63656.195,69486.0,,38.8803389762757,,
AND,2004,64353.484,74325.0,,37.3267802372418,,
AND,2005,65114.805,77421.0,,36.7306571534535,,
AND,2006,66390.3,79585.0,,36.5890914083685,,
AND,2007,65534.117,81877.0,,36.3435022980084,,
AND,2008,60691.605,83495.0,,36.443115338105,,
AND,2009,57203.973,83888.0,,37.0265105110991,,
AND,2010,58285.06,80706.0,,38.3349616907492,,
AND,2011,60470.465,77783.0,,39.2481203007519,,
AND,2012,58172.133,76834.0,,39.2727668213457,,
AND,2013,57332.16,75194.0,,39.4617752884009,,
AND,2014,59929.246,73737.0,,39.5371281507834,,
AND,2015,62105.152,72174.0,,39.3616405028095,,
AND,2016,64402.81,72181.0,,39.1038735787242,,
AND,2017,63239.656,73763.0,,38.7983591750715,,
AND,2018,63048.598,75162.0,,38.3256344663857,,
AND,2019,63215.9,76474.0,,38.0123080254823,,
AND,2020,55488.492,77380.0,,38.1539010890912,,
AND,2021,59332.203,78364.0,,38.19592628516,,
AND,2022,63913.383,79705.0,,38.168706445238,,
AND,2023,64631.297,80856.0,,38.2484697192491,,
AND,2024,65928.305,81938.0,,38.5649541718808,,
ARE,1990,111377.05,1898220.0,0.6039999723434448,44.1092156907403,74.725,
ARE,1991,106266.195,2006626.0,3.4000000953674316,42.5639437112041,73.432,
ARE,1992,104206.76,2114730.0,6.382999897003174,41.066545883166,73.667,
ARE,1993,100422.63,2222093.0,5.2729997634887695,39.6473016268041,74.048,
ARE,1994,102456.1,2328188.0,5.698999881744385,38.272105724528,74.42,
ARE,1995,104527.92,2434662.0,4.329999923706055,36.8700363669481,74.789,
ARE,1996,103653.48,2597564.0,2.9760000705718994,35.4838440474638,74.636,
ARE,1997,103392.44,2817410.0,2.9660000801086426,33.9063010927674,73.918,
ARE,1998,96088.49,3040421.0,1.99399995803833,32.0313687412118,73.327,
ARE,1999,92047.59,3266009.0,2.0999999046325684,30.1512914467431,72.964,
ARE,2000,95390.7,3493575.0,1.3480000495910645,28.3894784230497,72.831,
ARE,2001,90750.34,3723590.0,2.799999952316284,26.8321411139091,72.825,
ARE,2002,87479.24,3956826.0,2.9179999828338623,25.5807133564786,72.996,
ARE,2003,89828.555,4192457.0,3.11899995803833,24.7137727030423,73.28,
ARE,2004,93166.15,4428967.0,5.040999889373779,24.2034056488981,73.803,
ARE,2005,92750.914,4664790.0,6.195000171661377,23.8508434184053,74.315,
ARE,2006,94872.54,5009100.0,9.28499984741211,23.501200223279,74.934,
ARE,2007,87180.61,5624635.0,11.128000259399414,22.9934856247938,75.051,
ARE,2008,80285.19,6302664.0,12.272000312805176,22.5722525422506,74.887,
ARE,2009,71488.99,6707058.0,1.5699459314346313,22.4572001454064,74.35,
ARE,2010,70913.78,6869838.0,0.8841280937194824,22.3929290494442,74.498,
ARE,2011,73190.4,7104538.0,0.8833853006362915,22.3254188260817,74.881,
ARE,2012,73644.055,7391448.0,0.6630261540412903,22.3511283233596,75.256,
ARE,2013,74237.22,7693031.0,1.0940264463424683,22.4163226622205,75.691,
ARE,2014,74145.11,8059440.0,2.3443222045898438,22.4573333412344,76.119,
ARE,2015,75238.555,8505237.0,4.067131996154785,22.4526561983721,76.599,
ARE,2016,75671.055,8935095.0,1.6197954416275024,22.3933808829188,77.16,
ARE,2017,72529.055,9223225.0,1.967,22.3131514262999,76.82,
ARE,2018,72671.06,9346701.0,3.06,22.2647153045603,77.339,
ARE,2019,72822.97,9445785.0,-1.930999994277954,22.2156206400823,77.614,
ARE,2020,66808.65,9401038.0,-2.0794031794099572,22.1652541679088,75.398,
ARE,2021,68580.15,9575152.0,0.18,22.1412793084987,74.661,
ARE,2022,70075.63,10074977.0,4.82788859594433,22.1229936023157,75.023,
ARE,2023,70239.85,10483751.0,1.624,22.0026623838262,76.681,
ARE,2024,69701.805,10986400.0,1.66336510224892,21.769960468876,76.789,
ARG,1990,17007.285,32755901.0,2313.9599609375,64.0659888263892,54.914500000000004,-7.77340523607891
ARG,1991,18295.61,33230294.0,171.6719970703125,63.909043570366,56.707,-7.77340523607891
ARG,1992,19476.283,33693527.0,24.899900436401367,63.7003214972916,56.855,-7.77340523607891
ARG,1993,20791.346,34152717.0,10.611499786376953,63.4247592212681,55.284,-7.77340523607891
ARG,1994,21711.844,34613491.0,4.177350044250488,63.1273809200644,54.716,-7.77340523607891
ARG,1995,20819.5,35070020.0,3.376120090484619,62.7992211452248,49.947,-7.77340523607891
ARG,1996,21695.596,35513793.0,0.15569600462913513,62.4265471122743,51.392,-7.77340523607891
ARG,1997,23172.158,35947791.0,0.5272579789161682,62.0324271385077,53.474,-7.77340523607891
ARG,1998,23783.102,36372860.0,0.925000011920929,61.6256924207643,55.104,-7.77340523607891
ARG,1999,22714.512,36794682.0,-1.1670000553131104,61.2236911618814,53.755,-7.77340523607891
ARG,2000,22281.38,37213984.0,-0.9390000104904175,60.8399424011737,52.968,-7.77340523607891
ARG,2001,21066.459,37624825.0,-1.065000057220459,60.442088771688,50.973,-7.77340523607891
ARG,2002,18571.701,38029349.0,25.868999481201172,60.0100181534326,48.366,-7.77340523607891
ARG,2003,20005.139,38424282.0,13.442999839782715,59.5157720560259,51.661,-7.77340523607891
ARG,2004,21591.45,38815916.0,4.415999889373779,58.9908808603745,53.567,-7.77340523607891
ARG,2005,23262.408,39216789.0,9.642000198364258,58.4885317167095,54.434,-7.77340523607891
ARG,2006,24877.25,39622115.0,10.89799976348877,58.0003526705021,55.567,-7.77340523607891
ARG,2007,26850.664,40016763.0,8.829999923706055,57.5050434620378,55.937,-7.77340523607891
ARG,2008,27658.484,40424148.0,8.585000038146973,57.0741876732807,55.692,-7.77340523607891
ARG,2009,25747.197,40854831.0,6.269999980926514,56.735685768345,55.526,-7.77340523607891
ARG,2010,28056.258,41288694.0,10.461000442504883,56.452142111234,55.544,-8.56602872006595
ARG,2011,29425.76,41730660.0,9.774999618530273,56.2739537637124,56.297,-7.77340523607891
ARG,2012,28825.967,42161721.0,10.043000221252441,56.1467747951315,56.005,-6.74819555440488
ARG,2013,29227.66,42582455.0,10.619000434875488,56.0487044709811,55.705,-5.48583918237907
ARG,2014,28200.814,43024071.0,38.08060073852539,56.0256427923844,55.123,-11.6006987702162
ARG,2015,28669.207,43477012.0,26.538400650024414,56.0522891497333,54.744,-11.6006987702162
ARG,2016,27802.105,43900313.0,39.400001525878906,56.0461721346243,54.247,-11.6006987702162
ARG,2017,28334.904,44288894.0,25.675,55.9728015245357,53.899,-11.6006987702162
ARG,2018,27367.115,44654882.0,34.28,55.8529254060554,54.101,-11.6006987702162
ARG,2019,26629.553,44973465.0,53.54800033569336,55.5931801951266,54.355,-11.6006987702162
ARG,2020,23877.094,45191965.0,42.01509475708008,55.0207968902513,49.602,-11.6006987702162
ARG,2021,26300.273,45312281.0,48.40938,54.2195244410156,55.085,-11.6006987702162
ARG,2022,27825.027,45407904.0,72.43076,53.3385463867822,57.3,-11.6006987702162
ARG,2023,27230.396,45538401.0,133.489,52.4243366823125,58.463,-11.6006987702162
ARG,2024,26771.965,45696159.0,219.883929014578,51.5609570038159,57.439,-11.6006987702162
ARM,1990,6137.6006,3552128.0,3.6374999284744263,54.7782354435487,53.4255,14.0486972998039
ARM,1991,5326.753,3613977.0,3.6374999284744263,55.6070325851032,64.672,14.0486972998039
ARM,1992,3136.7244,3571861.0,3.6374999284744263,58.0371569902749,64.367,14.0486972998039
ARM,1993,2958.8804,3453332.0,3731.800048828125,61.4842213799892,61.603,14.0486972998039
ARM,1994,3200.8965,3364610.0,5273.44921875,63.7380996295148,60.227,14.0486972998039
ARM,1995,3480.7559,3307581.0,176.7429962158203,64.6941692969785,59.627,-24.9130577387047
ARM,1996,3717.3357,3278735.0,18.652999877929688,64.5626640928773,57.479,39.1051682810329
ARM,1997,3879.1794,3246289.0,14.045999526977539,64.1123326604617,56.088,30.9943494018688
ARM,1998,4211.5127,3208401.0,8.67300033569336,61.8430046181047,56.637,34.1346115887574
ARM,1999,4406.9673,3167286.0,0.6480000019073486,58.1037949459291,55.315,38.7736674369924
ARM,2000,4589.0083,3221100.0,-0.7910000085830688,54.813388611356,55.238,33.3984630599644
ARM,2001,5044.1167,3211800.0,3.1459999084472656,52.4889483731996,55.082,21.7821520799662
ARM,2002,5731.3535,3199800.0,1.7899999618530273,51.0703531395798,54.849,18.3470692801939
ARM,2003,6569.2603,3182500.0,4.543000221252441,50.0136226039065,54.636,15.5169875894728
ARM,2004,7299.4,3164900.0,5.927999973297119,48.9919306433595,54.455,11.6248159998918
ARM,2005,8362.9,3146400.0,0.7170000076293945,47.8193074702708,54.336,14.3161459394902
ARM,2006,9525.231,3127100.0,3.433000087738037,46.4862231466127,54.305,11.3814924574335
ARM,2007,10898.849,3107400.0,4.552999973297119,45.1305540220802,54.415,12.6947444611314
ARM,2008,11727.482,3087100.0,9.017999649047852,44.0261431322025,50.108,10.4349146525183
ARM,2009,10143.235,3066000.0,3.5439999103546143,43.2941291937252,49.952,15.8708814402683
ARM,2010,10438.564,3044800.0,7.27400016784668,42.9172236658305,49.862,10.6076357898924
ARM,2011,10990.177,3027900.0,7.6529998779296875,42.8588952887091,50.142,12.9197578932997
ARM,2012,11796.274,3024100.0,2.5399999618530273,43.1066653605776,50.772,11.2811932906832
ARM,2013,12194.019,3022000.0,5.788000106811523,43.5955735295585,51.339,12.2168430436348
ARM,2014,12667.376,3013800.0,2.9809999465942383,44.220347328995,50.761,13.7812486601176
ARM,2015,13112.76,3004600.0,3.7309999465942383,45.0074829961521,50.3,13.7812486601176
ARM,2016,13192.994,2992300.0,-1.406000018119812,45.9130890185114,50.783,13.7812486601176
ARM,2017,14243.875,2979400.0,1.031,46.8188831337656,50.581,13.7812486601176
ARM,2018,15037.045,2969000.0,2.52,47.4127303230816,49.697,13.7812486601176
ARM,2019,16215.36,2962500.0,1.4429999589920044,47.8107543362811,48.002,13.7812486601176
ARM,2020,15052.936,2961500.0,1.2114357783846512,48.1754870679756,50.125,13.7812486601176
ARM,2021,15921.705,2962300.0,7.18483629443373,48.4759951441955,52.364,13.7812486601176
ARM,2022,17886.178,2969200.0,8.64091108973845,48.7601980797249,50.905,13.7812486601176
ARM,2023,19402.752,2964300.0,1.959,48.7129653645231,52.546,13.7812486601176
ARM,2024,20078.785,3033500.0,0.269511978259078,49.1198808417762,52.485,13.7812486601176
ATG,1990,21074.576,63066.0,6.591000080108643,63.3241829388305,,8.36685996382998
ATG,1991,21424.291,63387.0,4.51800012588501,62.9067077872012,,9.25544256949174
ATG,1992,21330.273,64404.0,3.0,61.4094884839979,,9.49084094132999
ATG,1993,22051.438,65587.0,3.0999999046325684,60.0673597891346,,10.1255605432011
ATG,1994,23081.664,66843.0,6.485000133514404,59.0174854288093,,9.22740608527823
ATG,1995,21639.602,68189.0,2.736999988555908,58.1267537045196,,9.36234713805886
ATG,1996,22597.314,69612.0,2.9649999141693115,57.375714963941,,8.55672723148799
ATG,1997,23350.309,71053.0,0.3619999885559082,56.6389629858248,,9.21909774793213
ATG,1998,23996.115,72412.0,3.26200008392334,55.781683626272,,9.26602195402914
ATG,1999,24462.203,73666.0,1.1349999904632568,54.8429814604616,,9.86245684952877
ATG,2000,25547.611,74912.0,-0.16200000047683716,54.1272323265575,,10.4751903679494
ATG,2001,24014.775,76069.0,1.934999942779541,53.4690419028789,,9.36728251413515
ATG,2002,23958.164,77032.0,2.4079999923706055,52.5567394145839,,9.98619298727225
ATG,2003,25136.002,77884.0,1.99399995803833,51.5419787917113,,13.365375754855
ATG,2004,26303.617,78719.0,2.0299999713897705,50.4654318863849,,9.39508535611004
ATG,2005,27692.635,79611.0,2.0989999771118164,49.2426514697061,,6.4153000424977
ATG,2006,30827.342,80604.0,1.7879999876022339,48.0901725183266,,9.66489579668665
ATG,2007,33245.27,81704.0,1.4160000085830688,47.099596716117,,5.81513271883767
ATG,2008,32756.307,82912.0,5.334000110626221,46.2576513962144,,5.43329381929374
ATG,2009,28405.69,84173.0,-0.550000011920929,45.5499645518839,,8.85744858342285
ATG,2010,25826.61,85320.0,3.369999885559082,44.7352796485097,,9.24335140853374
ATG,2011,25023.918,86332.0,3.4570000171661377,43.8770748616759,,9.6701441061203
ATG,2012,25592.906,87260.0,3.377000093460083,43.0773266872172,,7.41717719114798
ATG,2013,25206.846,88064.0,1.059000015258789,42.3716756931533,,12.5264773364625
ATG,2014,25557.525,88765.0,1.0889999866485596,41.8515085655842,,8.14993534146254
ATG,2015,25734.152,89409.0,0.968999981880188,41.382691060896,,8.14993534146254
ATG,2016,26627.715,89969.0,-0.48899999260902405,41.0194517155441,,8.14993534146254
ATG,2017,27199.195,90468.0,2.425,40.8522629964658,,8.14993534146254
ATG,2018,28878.607,90926.0,1.21,40.6810867681644,,8.14993534146254
ATG,2019,29651.863,91364.0,1.475000023841858,40.6075902613192,,8.14993534146254
ATG,2020,23930.672,91846.0,1.058,40.7838869387943,,8.14993534146254
ATG,2021,25745.496,92349.0,1.627,41.0892979909862,,8.14993534146254
ATG,2022,27941.785,92840.0,7.53107834634288,41.4482905722469,,8.14993534146254
ATG,2023,28474.045,93316.0,5.067,41.7566725911073,,8.14993534146254
ATG,2024,29371.639,93772.0,6.36,42.0142359533545,,8.14993534146254
AUS,1990,36267.742,17065128.0,7.333023548126221,49.4681242875355,61.1885,9.66177943370785
AUS,1991,35670.668,17284036.0,3.1766762733459473,49.6170680136445,57.218,10.0864707781497
AUS,1992,35426.285,17478635.0,1.0122301578521729,49.811919085308,56.24,8.97107853965401
AUS,1993,36533.15,17634808.0,1.7536569833755493,49.9860771260875,55.787,8.47616802286489
AUS,1994,37622.652,17805468.0,1.9696329832077026,50.0950366169999,56.943,7.9813736477786
AUS,1995,38653.336,18004882.0,4.6277642250061035,50.109195672058,58.283,8.02236263480293
AUS,1996,39663.16,18224767.0,2.615387439727783,50.0490001668879,58.233,6.83133888876501
AUS,1997,40773.566,18423037.0,0.22488272190093994,49.9340260684314,57.967,5.82323813876082
AUS,1998,42257.17,18607584.0,0.8601366877555847,49.7980120889248,58.281,5.48226492899418
AUS,1999,43899.074,18812264.0,1.4831321239471436,49.6367192474489,58.582,6.05604022023678
AUS,2000,45099.074,19028802.0,4.457431316375732,49.4598371499961,59.303,5.03411252620181
AUS,2001,45428.2,19274701.0,4.407132625579834,49.286835461901,59.164,2.10299461437176
AUS,2002,46688.395,19495210.0,2.9815785884857178,49.0739278664306,59.459,3.42491629064352
AUS,2003,47581.23,19720737.0,2.732590913772583,48.8445617344122,59.935,3.51968278100984
AUS,2004,49061.277,19932722.0,2.343264102935791,48.6497650677502,60.144,3.69949132705322
AUS,2005,49997.066,20176844.0,2.6918296813964844,48.4752997933678,61.26,3.30680627260577
AUS,2006,50693.727,20450966.0,3.555284023284912,48.3296763998251,61.747,2.37921843259392
AUS,2007,51663.242,20827622.0,2.32761549949646,48.2183232721235,62.415,3.05876012508836
AUS,2008,52473.383,21249199.0,4.35029411315918,48.1253903251165,62.783,4.15102038072407
AUS,2009,52407.91,21691653.0,1.7711164951324463,48.1482571709664,61.856,0.98031322538665
AUS,2010,52739.27,22031750.0,2.918346405029297,48.3638611109409,62.066,6.04356005483095
AUS,2011,53257.047,22340024.0,3.3038461208343506,48.7682383229883,62.184,1.44878757207191
AUS,2012,54403.883,22733465.0,1.7627781629562378,49.3289726898378,61.836,5.08629843609618
AUS,2013,54895.004,23128129.0,2.4498889446258545,49.9243673123919,61.343,6.31873407967245
AUS,2014,55489.07,23475686.0,2.4879236221313477,50.4910608998852,60.849,4.46963335705945
AUS,2015,55879.996,23815995.0,1.508367896080017,51.0633010294012,61.135,4.46963335705945
AUS,2016,56529.953,24190907.0,1.2769927978515625,51.6034455745862,61.242,4.46963335705945
AUS,2017,56881.855,24592588.0,1.972,52.0424214921712,61.599,4.46963335705945
AUS,2018,57647.844,24963258.0,1.91,52.4455151692804,62.286,4.46963335705945
AUS,2019,58048.617,25334826.0,1.6100000143051147,52.9197584315896,62.689,4.46963335705945
AUS,2020,57260.465,25649248.0,0.8469055374596394,53.6061246381616,60.87,4.46963335705945
AUS,2021,58327.414,25685412.0,2.82,54.2558157593525,62.825,4.46963335705945
AUS,2022,60029.133,26018721.0,6.594097,54.5847718434653,64.396,4.46963335705945
AUS,2023,60684.96,26659922.0,5.616,54.8330501591457,64.565,4.46963335705945
AUS,2024,60303.98,27196812.0,3.161563335797758,55.211692188952,64.089,4.46963335705945
AUT,1990,43258.176,7677850.0,3.2618722915649414,48.0917909291909,56.661,
AUT,1991,44302.42,7754891.0,3.337425470352173,48.2285247680827,54.168,
AUT,1992,44734.855,7840709.0,4.020849704742432,48.4171903074154,54.896,
AUT,1993,44601.207,7905633.0,3.6317827701568604,48.6512460320535,54.759,
AUT,1994,45497.137,7936118.0,2.9534056186676025,48.9373545320685,56.619,
AUT,1995,46639.53,7948278.0,2.243367910385132,49.1627810262895,56.326,
AUT,1996,47608.633,7959017.0,1.8609700202941895,49.1944566289136,55.309,
AUT,1997,48575.16,7968041.0,1.305985689163208,49.0458626050382,55.097,
AUT,1998,50216.7,7976789.0,0.9224640130996704,48.814859865565,55.202,
AUT,1999,52004.53,7992324.0,0.5689857006072998,48.4964969480677,55.823,
AUT,2000,53534.344,8011566.0,2.344871997833252,48.1071501989905,55.69,
AUT,2001,54032.152,8042293.0,2.649995803833008,47.6678889861432,55.572,
AUT,2002,54565.08,8081957.0,1.8103632926940918,47.2188927886777,55.843,
AUT,2003,54919.79,8121423.0,1.3555521965026855,46.8524301443133,55.921,
AUT,2004,55980.23,8171966.0,2.0612118244171143,46.9768541067,54.203,
AUT,2005,56890.28,8227829.0,2.2991316318511963,47.5504023020352,54.764,
AUT,2006,58460.24,8268641.0,1.4415483474731445,48.0318641277387,55.447,
AUT,2007,60470.91,8295487.0,2.16855788230896,48.2157973934847,56.506,
AUT,2008,61157.99,8321496.0,3.2159464359283447,48.2132469576325,57.153,
AUT,2009,58810.44,8343323.0,0.5063095092773438,48.254000464131,56.703,
AUT,2010,59730.55,8363404.0,1.8135322332382202,48.1046425720335,56.952,
AUT,2011,61272.258,8391643.0,3.2865872383117676,47.8895152059342,57.131,
AUT,2012,61376.723,8429991.0,2.485670328140259,48.0162294769948,57.252,
AUT,2013,60863.055,8479823.0,2.000159502029419,48.309248026685,57.122,
AUT,2014,60845.66,8546356.0,1.6058048009872437,48.5645070083682,56.758,
AUT,2015,60951.688,8642699.0,0.8965647220611572,48.7326907012931,56.73,
AUT,2016,61572.71,8736668.0,0.8915959596633911,48.9558627535325,57.015,
AUT,2017,62535.9,8797566.0,2.23,49.3109345699699,57.292,
AUT,2018,63778.027,8840521.0,2.0,49.6838960625127,57.914,
AUT,2019,64609.375,8879920.0,1.4900000095367432,50.0670998710729,58.121,
AUT,2020,60276.414,8916864.0,1.3819106335189655,50.5184076844052,57.224,
AUT,2021,62968.94,8955797.0,2.766667,51.1110949880295,56.715,
AUT,2022,65694.555,9041851.0,8.54687,51.8277987141945,57.843,
AUT,2023,64536.297,9131761.0,7.712,52.5940837665189,57.649,
AUT,2024,63788.08,9177982.0,2.9378744817234344,53.4552149204625,57.361,
AZE,1990,10776.067,7175200.0,6.1678238189149885,60.7608042252363,61.8765,7.94230043681966
AZE,1991,10559.212,7271300.0,106.5999984741211,61.6403223780662,69.104,7.94230043681966
AZE,1992,8050.2163,7382050.0,917.0,62.2755975821056,71.001,7.94230043681966
AZE,1993,6097.4863,7494800.0,1129.699951171875,62.8456271137093,72.117,7.94230043681966
AZE,1994,4830.699,7596550.0,1664.0,63.0401091319686,73.623,7.94230043681966
AZE,1995,4211.721,7684850.0,411.760009765625,62.7881655671631,74.699,7.94230043681966
AZE,1996,4223.523,7763000.0,19.795000076293945,62.1572070772658,73.986,7.94230043681966
AZE,1997,4425.5884,7838250.0,3.6740000247955322,61.1585362468694,72.677,7.94230043681966
AZE,1998,4822.16,7913000.0,-0.7730000019073486,59.776051037878,70.999,21.017984953084
AZE,1999,5133.748,7982750.0,-8.524999618530273,57.9315133943277,69.607,16.9546089911586
AZE,2000,5656.9297,8048600.0,1.8049999475479126,55.931513815901,67.753,6.36757302509518
AZE,2001,6168.9854,8111200.0,1.8630000352859497,53.8473400300442,66.459,16.7690790545171
AZE,2002,6701.0815,8171950.0,2.7773683071136475,51.7884755585068,65.205,12.6244058764035
AZE,2003,7329.4062,8234100.0,2.130825996398926,49.8064583738137,64.066,7.94230043681966
AZE,2004,7937.8594,8306500.0,6.706959247589111,48.0296012903785,62.538,5.92029158128701
AZE,2005,10054.101,8391850.0,9.541507720947266,46.4150522686018,61.711,2.00903640930593
AZE,2006,13371.658,8484550.0,8.232281684875488,44.8703115705014,60.511,5.86921103386284
AZE,2007,16587.365,8581300.0,16.566076278686523,43.3860991042067,57.876,-1.20386445598547
AZE,2008,17963.021,8763400.0,20.797019958496094,41.8635190360907,57.259,-6.41437028522556
AZE,2009,19242.39,8947243.0,1.332173228263855,40.3857954835192,57.482,48.0000301665621
AZE,2010,19925.39,9054332.0,5.6853485107421875,39.274311233566,57.437,6.03749019446764
AZE,2011,19358.078,9173082.0,7.772475719451904,38.7078975091925,57.873,-4.50907141950471
AZE,2012,19523.373,9295784.0,1.0095494985580444,38.81041962457,58.398,15.0720533422824
AZE,2013,20398.646,9416801.0,2.4322760105133057,39.5493100261129,58.82,17.7236085217691
AZE,2014,20709.201,9535079.0,1.4330828189849854,40.4458230491559,59.68,19.4463807888005
AZE,2015,20678.754,9649341.0,4.032937526702881,41.3385630702997,60.386,19.4463807888005
AZE,2016,19822.41,9757812.0,12.44055461883545,42.2694499411257,61.419,19.4463807888005
AZE,2017,19659.004,9854033.0,12.844,42.9697743409433,61.787,19.4463807888005
AZE,2018,19781.852,9939771.0,2.33,43.1245500256305,62.195,19.4463807888005
AZE,2019,20101.492,10024283.0,2.7119998931884766,43.2140002863056,61.966,19.4463807888005
AZE,2020,19126.098,10093121.0,2.7598094700812825,43.4171493479948,62.356,19.4463807888005
AZE,2021,20111.375,10137750.0,6.65029912708779,43.4555527993272,59.853,19.4463807888005
AZE,2022,21051.244,10141756.0,13.8522590144267,43.5216840131791,61.116,19.4463807888005
AZE,2023,21310.738,10153958.0,8.813,43.5853062725148,60.716,19.4463807888005
AZE,2024,22072.148,10202830.0,2.21217188919901,43.6108909062656,60.292,19.4463807888005
BDI,1990,1460.2765,5587052.0,6.991000175476074,106.303555537503,78.361,5.99714246808453
BDI,1991,1501.846,5703857.0,9.01099967956543,107.055190449086,86.734,8.34847759842348
BDI,1992,1476.9944,5858407.0,5.328000068664551,106.508077507411,86.208,7.83342951672532
BDI,1993,1429.1213,5676843.0,9.71399974822998,115.542047998445,85.522,5.59112035265415
BDI,1994,1365.4835,5713854.0,14.713000297546387,116.025869324072,84.786,7.0908334336198
BDI,1995,1184.284,6066316.0,19.361000061035156,106.905811273288,84.192,-0.727268464698452
BDI,1996,1088.7893,6070506.0,26.416000366210938,108.880860090737,83.391,-0.727268464698452
BDI,1997,1071.5594,6070042.0,31.062999725341797,110.135451613272,82.478,-0.727268464698452
BDI,1998,1101.2205,6187108.0,12.470999717712402,107.673689139362,81.559,3.54367365832104
BDI,1999,1064.2876,6337155.0,3.5220000743865967,104.675875834493,80.834,0.245048218192701
BDI,2000,1033.4719,6470194.0,24.43000030517578,102.683867443087,80.062,-16.6791975356856
BDI,2001,1028.6185,6634365.0,9.300000190734863,100.486259710613,79.277,2.73290368762483
BDI,2002,1044.4802,6824132.0,-1.3700000047683716,98.4196517721056,78.474,18.2520363062058
BDI,2003,999.6158,7043154.0,10.649999618530273,96.4236779759572,77.678,5.61440230161237
BDI,2004,1009.5892,7310656.0,8.180000305175781,94.2244022756485,76.826,4.51452118694419
BDI,2005,981.5332,7587299.0,13.25,92.7130065629574,75.95,-0.333712699963746
BDI,2006,998.06946,7865547.0,2.75,91.9058450723641,74.981,13.8331873120086
BDI,2007,994.96356,8161874.0,8.40999984741211,91.4102334997001,75.809,7.90733431224241
BDI,2008,1001.6175,8505637.0,24.40999984741211,90.6439922277766,76.607,-6.1527653400062
BDI,2009,988.19635,8947646.0,10.5600004196167,89.8539543509212,76.891,3.59561466651467
BDI,2010,991.0389,9376444.0,6.489999771118164,90.0088940874077,77.156,3.1778306745493
BDI,2011,994.6912,9717978.0,9.59000015258789,91.008769559132,77.307,4.48464935182698
BDI,2012,1002.27454,10071028.0,18.15999984741211,92.1563928504512,77.448,0.254833708436296
BDI,2013,1014.5231,10439341.0,7.940000057220459,93.3838719525298,77.59,6.39183238994164
BDI,2014,1022.29156,10799785.0,4.409999847412109,94.622070654264,77.697,9.84410521693673
BDI,2015,995.3191,11047580.0,5.539999961853027,97.1104592056118,78.337,9.84410521693673
BDI,2016,1009.636,11239451.0,5.559999942779541,99.9434296067735,78.843,9.84410521693673
BDI,2017,1023.9704,11506762.0,16.643,101.067653404408,79.093,9.84410521693673
BDI,2018,1046.5951,11859446.0,-2.81,100.4896672849,79.126,9.84410521693673
BDI,2019,1057.9501,12255336.0,-0.7089999914169312,98.9997673122223,78.909,9.84410521693673
BDI,2020,1030.7703,12617036.0,7.321106434154916,97.5964620984537,77.737,9.84410521693673
BDI,2021,1035.5386,12965481.0,8.313,96.0054320138089,78.21,9.84410521693673
BDI,2022,1031.2542,13321097.0,18.8008786664944,94.079560239112,78.385,9.84410521693673
BDI,2023,1036.1671,13689450.0,27.078,91.846666183644,78.082,9.84410521693673
BDI,2024,1051.2593,14047786.0,20.2124925027846,89.5041466801602,77.774,9.84410521693673
BEL,1990,41640.06,9967379.0,3.4483115673065186,49.3650466113017,48.921499999999995,
BEL,1991,42246.074,10004486.0,3.2153100967407227,49.9079902741352,45.757,
BEL,1992,42719.047,10045158.0,2.4279494285583496,50.3450623087789,46.204,
BEL,1993,42143.195,10084475.0,2.754430055618286,50.6682864290023,45.616,
BEL,1994,43369.277,10115603.0,2.3775417804718018,50.9276612379211,45.384,
BEL,1995,44310.63,10136811.0,1.4679627418518066,51.2189562339941,45.73,
BEL,1996,44808.523,10156637.0,2.077023983001709,51.525845200322,45.62,
BEL,1997,46396.004,10181245.0,1.628162145614624,51.8219915446386,45.969,
BEL,1998,47205.31,10203008.0,0.9492554664611816,52.0877806515219,46.014,
BEL,1999,48765.766,10226419.0,1.120848536491394,52.2922497210349,47.384,
BEL,2000,50455.734,10251250.0,2.5445139408111572,52.4658001418577,48.802,
BEL,2001,50835.4,10286570.0,2.46926212310791,52.5494560740193,47.653,
BEL,2002,51471.85,10332785.0,1.6452137231826782,52.5280654232509,47.57,
BEL,2003,51788.844,10376133.0,1.588963270187378,52.4831390432658,47.319,
BEL,2004,53406.69,10421137.0,2.0972838401794434,52.4646246048715,48.122,
BEL,2005,54346.895,10478617.0,2.781432867050171,52.3334222062245,48.796,
BEL,2006,55367.62,10547958.0,1.791200876235962,51.9611319103656,48.73,
BEL,2007,56983.46,10625700.0,1.823056697845459,51.562632608567,49.654,
BEL,2008,56787.74,10709973.0,4.489445209503174,51.4173676865474,49.949,
BEL,2009,55258.707,10796493.0,-0.05314158275723457,51.4944379968229,49.282,
BEL,2010,56240.203,10895586.0,2.1892964839935303,51.6473697242393,49.67,
BEL,2011,56585.3,11038264.0,3.532081127166748,52.0418059511966,49.491,
BEL,2012,56356.824,11106932.0,2.839660882949829,52.6045148789969,49.306,
BEL,2013,56263.176,11159407.0,1.1130969524383545,53.1602786566966,49.1,
BEL,2014,57002.91,11209057.0,0.34000372886657715,53.7527116455187,49.008,
BEL,2015,57509.023,11274196.0,0.5614306330680847,54.2185860669473,48.842,
BEL,2016,57901.496,11331422.0,1.9738540649414062,54.6532925416515,49.001,
BEL,2017,58529.332,11375158.0,2.224,55.1767824380792,49.554,
BEL,2018,59357.69,11427054.0,2.05,55.6547268372572,50.48,
BEL,2019,60479.977,11488980.0,1.2489999532699585,56.0563384873172,51.005,
BEL,2020,57333.543,11538604.0,0.7407918122200935,56.3096171847589,50.422,
BEL,2021,60669.215,11586195.0,2.440248,56.5798437606637,50.671,
BEL,2022,62561.78,11680210.0,9.597511,56.9781655092647,51.536,
BEL,2023,63095.402,11779946.0,2.294,57.321807211007,51.39,
BEL,2024,63347.785,11858610.0,3.143512928112699,57.6148666582755,51.429,
BEN,1990,2207.0679,5281479.0,1.1119999885559082,99.0034902521248,71.1925,3.0921218864960354
BEN,1991,2230.4604,5446932.0,2.0999999046325684,98.8392926241274,70.979,3.0921218864960354
BEN,1992,2226.5667,5617844.0,5.921000003814697,98.6215606190886,71.07,3.0921218864960354
BEN,1993,2254.2456,5872706.0,0.4449999928474426,96.4993400063239,71.042,3.0921218864960354
BEN,1994,2215.3662,6096506.0,38.53499984741211,95.6095155345189,71.031,3.0921218864960354
BEN,1995,2300.141,6226773.0,14.458000183105469,96.8770749203547,71.098,3.0921218864960354
BEN,1996,2337.6304,6391858.0,4.916999816894531,97.0615837296028,71.1,3.0921218864960354
BEN,1997,2399.786,6583365.0,3.802999973297119,96.6363688769587,71.164,3.0921218864960354
BEN,1998,2419.1,6789489.0,5.755000114440918,95.9996893792232,71.161,3.0921218864960354
BEN,1999,2470.685,7002818.0,0.3479999899864197,95.2999618202775,71.191,3.0921218864960354
BEN,2000,2536.169,7221619.0,4.210000038146973,94.5561020344605,71.212,3.0921218864960354
BEN,2001,2591.065,7445596.0,3.9809999465942383,93.796458949283,71.242,3.0921218864960354
BEN,2002,2630.1807,7675426.0,2.421999931335449,93.0421170627939,71.255,3.0921218864960354
BEN,2003,2639.0437,7913070.0,1.5069999694824219,92.329888698524,71.228,3.0921218864960354
BEN,2004,2672.844,8159094.0,0.8830000162124634,91.7058736179667,71.212,3.0921218864960354
BEN,2005,2632.4724,8426144.0,5.363999843597412,90.9728456484841,71.176,3.59609815466937
BEN,2006,2652.2185,8693242.0,3.7869999408721924,90.4640703836321,71.17,2.5881456183227
BEN,2007,2729.1375,8953969.0,1.2940000295639038,90.2147219975119,71.174,4.3445629753372
BEN,2008,2777.6196,9228466.0,7.939000129699707,89.8184844413472,71.194,-1.36233108364526
BEN,2009,2758.0725,9509423.0,0.39800000190734863,89.2022244846513,71.169,2.37742857428905
BEN,2010,2733.574,9797484.0,2.178999900817871,88.5466956692596,71.118,4.19549019095698
BEN,2011,2732.0125,10093623.0,2.7200000286102295,88.0623986546347,69.977,1.46803081679031
BEN,2012,2779.7266,10397657.0,6.739999771118164,87.6622199954373,70.518,-2.46960852040217
BEN,2013,2893.0466,10708834.0,0.8899999856948853,87.3352984395774,71.109,3.83659295370063
BEN,2014,2987.3823,11030004.0,-1.0099999904632568,87.0172121898555,71.687,5.5999917955037
BEN,2015,2952.0022,11360681.0,0.27000001072883606,86.6908725796141,72.132,5.5999917955037
BEN,2016,2962.6638,11697842.0,-0.8500000238418579,86.3703118821361,72.563,5.5999917955037
BEN,2017,3041.7793,12039780.0,1.769,85.9975863127993,73.058,5.5999917955037
BEN,2018,3155.4512,12383347.0,0.83,85.5069960528249,73.642,5.5999917955037
BEN,2019,3281.1047,12726755.0,-0.9330000281333923,84.8779371019408,74.183,5.5999917955037
BEN,2020,3317.8596,13070169.0,3.02272119663752,84.1388233696318,73.645,5.5999917955037
BEN,2021,3464.2886,13413417.0,5.917445985166069,83.3042640253888,74.681,5.5999917955037
BEN,2022,3588.3252,13759501.0,1.35077863583532,82.425708214612,74.995,5.5999917955037
BEN,2023,3721.2126,14111034.0,2.731,81.5677814531873,75.023,5.5999917955037
BEN,2024,3901.326,14462724.0,1.165,80.7358613009806,75.022,5.5999917955037
BFA,1990,1107.856,9159356.0,-0.8069999814033508,101.479283237569,77.6055,2.35797784656009
BFA,1991,1178.077,9394632.0,2.502000093460083,102.022280306948,81.859,2.35797784656009
BFA,1992,1152.0448,9629275.0,-1.9910000562667847,102.440740623165,81.635,2.35797784656009
BFA,1993,1162.6493,9871713.0,0.6140000224113464,102.509824226555,81.505,2.35797784656009
BFA,1994,1148.6072,10123798.0,24.719999313354492,102.279586976963,81.179,2.35797784656009
BFA,1995,1183.5286,10386722.0,7.771999835968018,101.888790450271,81.02,2.35797784656009
BFA,1996,1280.696,10655942.0,6.109000205993652,101.487948190692,80.891,2.35797784656009
BFA,1997,1326.9423,10934223.0,2.928999900817871,101.019619695697,80.716,2.35797784656009
BFA,1998,1385.0931,11240664.0,4.910999774932861,100.223296350024,80.488,2.35797784656009
BFA,1999,1444.5669,11574928.0,-1.0800000429153442,99.139693892403,80.189,2.35797784656009
BFA,2000,1428.574,11925546.0,-0.16899999976158142,97.9986202992008,79.869,2.35797784656009
BFA,2001,1477.2849,12295001.0,4.7270002365112305,96.8442325845301,79.609,2.35797784656009
BFA,2002,1494.678,12680897.0,2.299999952316284,95.7119730986067,79.303,2.35797784656009
BFA,2003,1561.8331,13082532.0,2.0399999618530273,94.71290093904,79.156,2.35797784656009
BFA,2004,1581.2562,13500533.0,-0.4000000059604645,93.8640845179637,78.372,2.35797784656009
BFA,2005,1664.9955,13932123.0,6.408999919891357,93.1659483550468,77.734,4.94407010067677
BFA,2006,1714.7604,14373707.0,2.3359999656677246,92.7395482180547,77.783,5.43552158413382
BFA,2007,1731.9304,14816307.0,-0.2329999953508377,92.6493876136664,77.861,2.20437671811626
BFA,2008,1779.3271,15258093.0,10.668000221252441,92.833215335669,77.477,-3.82524863007166
BFA,2009,1779.323,15710066.0,0.8640000224113464,93.111611158682,77.075,2.51157897500392
BFA,2010,1873.9714,16176498.0,-0.6079999804496765,93.3703597802034,76.847,1.28514116887426
BFA,2011,1939.8666,16661908.0,2.759999990463257,93.5370109902721,76.538,-1.3885289905265
BFA,2012,2003.6647,17172287.0,3.819999933242798,93.528565666474,76.292,-0.741639727368065
BFA,2013,2057.064,17695409.0,0.5299999713897705,93.380718437297,75.898,7.57802019961703
BFA,2014,2083.1985,18229461.0,-0.25999999046325684,93.0770765719936,75.506,5.99591815146962
BFA,2015,2101.7026,18777487.0,0.949999988079071,92.6016404511831,75.102,5.99591815146962
BFA,2016,2162.7258,19334856.0,-0.23999999463558197,91.9492118557294,74.767,5.99591815146962
BFA,2017,2232.2878,19894407.0,0.351,91.1388757797584,74.479,5.99591815146962
BFA,2018,2316.3943,20438288.0,1.96,90.1476828833865,74.215,5.99591815146962
BFA,2019,2391.5364,20961952.0,-3.2330000400543213,88.9000632341781,74.13,5.99591815146962
BFA,2020,2380.9316,21478690.0,1.8844399378194252,87.320571617249,71.738,5.99591815146962
BFA,2021,2486.431,21995243.0,3.8479999999999923,85.5143844798844,70.646,5.99591815146962
BFA,2022,2469.1995,22509038.0,14.2902354303358,83.6984976476855,69.567,5.99591815146962
BFA,2023,2486.2068,23025776.0,0.942,81.8908186351026,68.631,5.99591815146962
BFA,2024,2547.6724,23548781.0,4.1911344637539,80.0303169928442,67.651,5.99591815146962
BGD,1990,2069.7822,111633717.0,10.522000312805176,85.9247940838611,55.963499999999996,7.80321557561621
BGD,1991,2101.3835,113787109.0,8.28499984741211,84.324547486233,55.666,11.7189873524356
BGD,1992,2174.3823,115952192.0,3.624000072479248,82.6662303344695,55.795,11.0503571312982
BGD,1993,2234.81,118132360.0,2.9790000915527344,80.9683342071102,55.897,13.7409692658164
BGD,1994,2279.0942,120343179.0,6.150000095367432,79.1811023453225,56.015,9.12576468789752
BGD,1995,2351.7039,122600370.0,10.116999626159668,77.3180471753385,56.129,5.45528455877529
BGD,1996,2413.543,124862179.0,2.4549999237060547,75.3994031467334,56.242,-5.16455193045819
BGD,1997,2475.5957,127198069.0,4.959000110626221,73.5489308582297,56.277,8.8533210419986
BGD,1998,2555.0613,129622332.0,8.64799976348877,71.8615027523664,56.289,7.8256481093584
BGD,1999,2624.0654,132108065.0,6.178999900817871,70.313705784649,56.283,8.97864304812777
BGD,2000,2712.935,134544304.0,2.4830000400543213,68.8735107703625,56.261,8.99820323770434
BGD,2001,2803.5547,136805810.0,1.9079999923706055,67.829792240324,56.105,9.25695571842855
BGD,2002,2866.4346,138933658.0,3.7190001010894775,67.1451832030454,55.899,8.38969935744535
BGD,2003,2958.915,140970351.0,5.361000061035156,66.5127410987043,55.674,5.88445428042499
BGD,2004,3071.838,142902856.0,6.103000164031982,65.873127608104,55.646,5.58235561080844
BGD,2005,3231.6138,144715786.0,7.039999961853027,65.1910648619481,55.65,5.76426911966502
BGD,2006,3407.4272,146405973.0,6.769999980926514,64.524039740509,55.986,5.46699380857838
BGD,2007,3608.9155,147989278.0,9.109000205993652,63.9122837398699,55.861,5.7891114361705
BGD,2008,3787.9382,149474264.0,8.899999618530273,63.3356883947747,55.705,4.66174256991599
BGD,2009,3942.1362,150873714.0,5.44080114364624,62.7031938906288,55.528,6.14653833234914
BGD,2010,4125.464,152201981.0,8.15090274810791,61.9686828582303,56.597,4.7361235689611
BGD,2011,4352.4263,153591076.0,10.26402759552002,61.0979549461299,55.941,5.06419768574566
BGD,2012,4592.0483,155070101.0,6.548604965209961,60.0398362395264,55.3,5.34333265873121
BGD,2013,4822.726,156532141.0,7.524091720581055,58.8576060722821,54.649,5.98869390231371
BGD,2014,5068.6396,157964929.0,6.982977390289307,57.6363999788042,54.308,6.88586627746747
BGD,2015,5352.7114,159383179.0,6.185942649841309,56.4576539922494,53.972,6.88586627746747
BGD,2016,5682.5356,160811932.0,5.505753040313721,55.3718768318608,53.65,6.88586627746747
BGD,2017,6005.707,162186147.0,5.611,54.6436395397794,55.778,6.88586627746747
BGD,2018,6392.5933,163523103.0,5.55,54.3273751721014,56.3,6.88586627746747
BGD,2019,6838.326,164913055.0,5.474999904632568,54.1751879343991,56.791,6.88586627746747
BGD,2020,7015.1978,166298024.0,5.691074747461996,54.0679893713504,56.459,6.88586627746747
BGD,2021,7441.0693,167658854.0,5.306676405021073,53.9605921368888,57.751,6.88586627746747
BGD,2022,7888.164,169384897.0,7.69695437176892,53.6222137721463,59.031,6.88586627746747
BGD,2023,8242.398,171466990.0,9.016,53.0958193080833,58.845,6.88586627746747
BGD,2024,8486.785,173562364.0,10.4657482763412,52.6423780619832,56.762,6.88586627746747
BGR,1990,14954.961,8718289.0,23.899999618530273,50.3478597524119,46.8035,5.16085367037714
BGR,1991,13828.244,8632367.0,333.5,50.296122343378,44.578,5.16085367037714
BGR,1992,12961.038,8540164.0,91.31722259521484,50.0909667359813,42.405,9.06847540328998
BGR,1993,12871.45,8472313.0,72.82400512695312,49.8586018171276,41.724,17.0524850708729
BGR,1994,13150.034,8443591.0,96.86611938476562,49.5739486357535,43.418,17.2611749587835
BGR,1995,13591.41,8406067.0,61.45528030395508,49.2469180561765,44.144,-23.9591157206933
BGR,1996,14372.831,8362826.0,125.5281753540039,48.893866167198,43.263,139.963713201283
BGR,1997,12419.431,8312068.0,1037.48046875,48.4910913219886,43.161,-69.1063591045788
BGR,1998,12976.321,8256786.0,17.80222511291504,48.1202307484903,43.715,-14.8320466228749
BGR,1999,11953.647,8210624.0,2.5554380416870117,47.8773643949492,43.108,9.85227659204596
BGR,2000,12563.888,8170172.0,10.304924011230469,47.6182113313473,41.851,3.69017826886915
BGR,2001,13306.56,8009142.0,7.44974422454834,47.1201047475104,41.219,4.7051830095992
BGR,2002,14397.061,7837161.0,5.86271858215332,46.546184753975,41.731,5.16085367037714
BGR,2003,15271.547,7775327.0,2.388986587524414,45.9458054217853,43.272,6.2178221831923
BGR,2004,16389.027,7716860.0,6.142193794250488,45.3660504870331,44.781,3.11585448116752
BGR,2005,17678.107,7658972.0,5.0277180671691895,44.9424750943672,45.075,1.93886978015724
BGR,2006,19024.623,7601022.0,7.255341529846191,44.7386390684655,47.358,2.0008627659768
BGR,2007,20440.338,7545338.0,8.416269302368164,44.7751193693499,49.864,-0.948807878192513
BGR,2008,21846.045,7492561.0,12.348204612731934,45.0373435453245,51.785,2.55123055462124
BGR,2009,21251.305,7444443.0,2.747324228286743,45.5120491818659,50.412,7.11672360544814
BGR,2010,21724.377,7395599.0,2.4432735443115234,46.2076375688598,48.003,10.3015199756547
BGR,2011,22321.125,7348328.0,4.217728614807129,47.1333798260468,46.633,4.25643887692505
BGR,2012,22618.904,7305888.0,2.9538497924804688,48.1663471826867,46.65,8.50741240012361
BGR,2013,22954.492,7160005.0,0.8889594078063965,49.3086554346026,46.957,8.96500627436584
BGR,2014,23455.58,7073572.0,-1.4138197898864746,50.5579218085755,47.801,6.83027968605849
BGR,2015,24562.75,6984225.0,-0.09789702296257019,51.7845407318803,49.252,6.83027968605849
BGR,2016,25636.852,6894139.0,-0.7952591180801392,52.9074899638477,49.272,6.83027968605849
BGR,2017,26691.87,6803468.0,1.188,53.9436319509152,51.99,6.83027968605849
BGR,2018,27691.01,6710798.0,2.81,54.9714988000953,52.434,6.83027968605849
BGR,2019,29150.043,6616726.0,2.4570000171661377,55.9246760959011,54.309,6.83027968605849
BGR,2020,28521.324,6550696.0,1.6734120142918152,56.5399504860587,53.063,6.83027968605849
BGR,2021,30959.111,6507301.0,2.7867325497900497,56.7066350040951,52.53,6.83027968605849
BGR,2022,32433.793,6465097.0,15.3252589264366,56.8295907451296,54.382,6.83027968605849
BGR,2023,33073.816,6446596.0,8.599,57.1601451805102,54.438,6.83027968605849
BGR,2024,34221.53,6441421.0,2.4246525669567554,57.4922255368163,53.911,6.83027968605849
BHR,1990,41856.543,514797.0,1.2990000247955322,55.4873960239938,67.57050000000001,3.41972663043074
BHR,1991,47644.023,503052.0,0.8989999890327454,55.6703965935535,65.708,11.4748691107096
BHR,1992,49511.95,516458.0,-0.3019999861717224,55.358888664948,65.727,15.8180446924414
BHR,1993,54433.137,530225.0,2.5989999771118164,54.5250807269506,65.457,14.2943018969934
BHR,1994,52886.58,544366.0,3.999000072479248,53.4964640597331,65.048,3.15013971624476
BHR,1995,53537.684,558879.0,3.1389999389648438,52.4550855733716,64.746,10.4967021438002
BHR,1996,54289.438,573792.0,-0.1850000023841858,51.4106880864673,64.466,12.0998245722299
BHR,1997,54512.855,589115.0,4.6020002365112305,50.3047605926311,64.408,11.1609435676703
BHR,1998,55638.695,604842.0,-0.4180000126361847,49.1687526974536,64.438,20.2848647143456
BHR,1999,56522.227,620989.0,-1.2589999437332153,48.0812291198191,64.563,8.84267997634557
BHR,2000,57968.996,637582.0,-0.7300000190734863,47.0621341218694,64.799,-2.3789073277779
BHR,2001,57280.7,661316.0,-1.1749999523162842,45.2592550289281,64.789,14.5455953860328
BHR,2002,55096.656,710553.0,-0.4959999918937683,42.433353980119,64.497,4.82736149717816
BHR,2003,54431.875,764517.0,1.6790000200271606,39.5288058445742,64.257,-0.283027999411548
BHR,2004,54045.094,823741.0,2.247999906539917,37.0133995994757,64.216,-2.78109216290479
BHR,2005,53478.266,888822.0,2.618000030517578,34.9290228362629,65.024,-5.19902968703039
BHR,2006,52691.934,960424.0,2.0409998893737793,33.1961279227803,66.04,-0.796746124416999
BHR,2007,52731.793,1039295.0,3.252000093460083,31.7395972371692,67.268,-0.156119504455016
BHR,2008,52765.39,1103496.0,3.520007371902466,30.4973462881146,68.605,-2.82101965375419
BHR,2009,50665.75,1178415.0,2.7969682216644287,29.3488628892131,69.948,24.0619674381792
BHR,2010,50704.848,1228543.0,1.961021065711975,29.0860280017862,70.934,-4.2492460256505
BHR,2011,53132.33,1195020.0,-0.3726155757904053,29.2195701115271,70.327,-2.46162141459636
BHR,2012,54516.84,1208964.0,2.7710840702056885,28.4944025151217,70.727,3.01266280675138
BHR,2013,55376.402,1253191.0,3.296355962753296,28.559733768845,70.702,5.40813959591411
BHR,2014,55065.82,1314562.0,2.6532106399536133,29.7957527310642,70.355,7.41558701492672
BHR,2015,54149.914,1370322.0,1.8358964920043945,30.0347975111287,70.528,7.41558701492672
BHR,2016,54107.074,1423726.0,2.7997124195098877,29.2420004774886,71.12,7.41558701492672
BHR,2017,53859.773,1501116.0,1.387,28.8517118099219,71.534,7.41558701492672
BHR,2018,54893.074,1503091.0,2.08,29.2252286021823,71.214,7.41558701492672
BHR,2019,56749.96,1483756.0,1.0,30.0473734261812,70.545,7.41558701492672
BHR,2020,53814.246,1472204.0,-2.3177062933135413,30.1633978549003,68.004,7.41558701492672
BHR,2021,54954.676,1504365.0,-0.606319385140896,29.4587458973084,67.873,7.41558701492672
BHR,2022,57572.996,1524693.0,3.62574104304492,29.162123903701,69.395,7.41558701492672
BHR,2023,57819.906,1577059.0,0.075,29.2488272145239,69.958,7.41558701492672
BHR,2024,58891.832,1588670.0,0.919635459817729,29.1492189691124,69.804,7.41558701492672
BHS,1990,33072.16,275945.0,4.627999782562256,51.8757017370055,66.4615,3.73669961161005
BHS,1991,31148.904,280731.0,7.303999900817871,51.6385694454197,63.468,6.28283688115539
BHS,1992,29412.88,285927.0,5.577000141143799,51.6838017633765,61.971,4.02073544299569
BHS,1993,28955.352,291339.0,2.747999906539917,51.9403374273123,63.886,8.38172804190316
BHS,1994,29346.361,296509.0,1.3669999837875366,52.1664382964092,63.431,4.59138662110409
BHS,1995,30128.193,301461.0,2.0230000019073486,52.3712767946949,65.816,5.90021921872135
BHS,1996,30907.82,306268.0,1.2619999647140503,52.5634128359934,65.504,5.70956037432645
BHS,1997,30839.025,310904.0,0.5609999895095825,52.7143320267602,66.893,-38.3765361322397
BHS,1998,31836.527,315368.0,1.2070000171661377,52.8056787072704,68.565,3.59157439480759
BHS,1999,33657.805,319614.0,1.11899995803833,52.8112987435216,68.784,1.35688264456125
BHS,2000,34597.164,323835.0,1.7319999933242798,52.6899465311242,69.067,5.03087234206615
BHS,2001,35072.367,327836.0,2.361999988555908,52.4953367972053,69.265,5.62697758445409
BHS,2002,35610.68,331614.0,1.4980000257492065,52.2345304387346,67.636,1.96182798147075
BHS,2003,34740.76,335618.0,3.6559998989105225,51.8631137415668,66.276,4.789804496847
BHS,2004,34617.805,339782.0,1.159999966621399,51.4299211615853,66.706,4.74826080657444
BHS,2005,35365.465,343894.0,1.819000005722046,50.9986959213513,66.647,0.462285094948543
BHS,2006,35789.133,348375.0,1.9579999446868896,50.5308277629185,68.557,4.63343166601008
BHS,2007,35797.117,353334.0,2.4070000648498535,49.8494435773902,68.233,2.47895542968892
BHS,2008,34498.035,358120.0,4.434000015258789,49.0750453735618,67.941,3.95255121214989
BHS,2009,32630.264,362810.0,1.6660000085830688,48.54164619567,63.384,6.60483148728574
BHS,2010,32711.459,367478.0,1.621000051498413,48.0810767246937,63.185,5.91578891584344
BHS,2011,32535.662,371729.0,3.200000047683716,47.5546487673016,63.09,5.9723845342931
BHS,2012,33667.555,375469.0,1.9700000286102295,47.0910394377564,63.451,2.84696532957625
BHS,2013,32402.916,378953.0,0.7200000286102295,46.6782269426683,61.872,4.13155190987451
BHS,2014,32712.635,382298.0,1.5099999904632568,46.3160634254812,63.669,0.327158441117361
BHS,2015,32777.586,385346.0,1.8700000047683716,45.9533368684191,65.065,0.327158441117361
BHS,2016,32172.336,388055.0,-0.3499999940395355,45.5428202800927,64.63,0.327158441117361
BHS,2017,33050.035,390485.0,1.553,45.1063165639795,66.891,0.327158441117361
BHS,2018,33650.215,392717.0,2.23,44.6775197739489,66.868,0.327158441117361
BHS,2019,33202.49,394675.0,1.3350000381469727,44.2462318904142,67.455,0.327158441117361
BHS,2020,26452.695,395863.0,0.038521098005103664,43.8089875395067,59.901,0.327158441117361
BHS,2021,31064.682,396373.0,2.905,43.3284637748239,61.941,0.327158441117361
BHS,2022,34342.93,397538.0,5.60540633583043,42.8637655742948,67.291,0.327158441117361
BHS,2023,35221.27,399440.0,3.059,42.5030859572889,67.722,0.327158441117361
BHS,2024,36244.05,401283.0,0.409162489083242,42.2242936331287,67.303,0.327158441117361
BIH,1990,2413.9482,4448652.0,1.619680279956155,45.2515294396522,39.3615,6.39214485485004
BIH,1991,2183.5352,4458343.0,1.619680279956155,45.2824316935083,45.244,6.39214485485004
BIH,1992,2150.9197,4234616.0,1.619680279956155,47.3134341857994,44.911,6.39214485485004
BIH,1993,2281.8992,3904482.0,1.619680279956155,50.4988898996284,44.065,6.39214485485004
BIH,1994,2657.814,3725412.0,1.619680279956155,52.2476003732004,43.359,6.39214485485004
BIH,1995,3090.391,3715564.0,12.90060043334961,51.7620927654576,42.556,6.39214485485004
BIH,1996,4569.0015,3875246.0,-11.716699600219727,49.2110796536367,41.912,6.39214485485004
BIH,1997,6020.9854,4018227.0,5.73199987411499,47.2848051573894,41.336,6.39214485485004
BIH,1998,6899.3257,4089356.0,-0.27900001406669617,46.2174141257539,40.68,6.39214485485004
BIH,1999,7481.335,4130305.0,2.8410000801086426,45.3733337416157,40.077,6.39214485485004
BIH,2000,7830.534,4159771.0,4.9730000495910645,44.6051488524289,39.373,6.39214485485004
BIH,2001,7982.552,4179438.0,4.572999954223633,43.9829443434668,38.683,6.39214485485004
BIH,2002,8366.727,4188002.0,0.31299999356269836,43.5314406704437,38.034,7.32132201959301
BIH,2003,8709.993,4178523.0,0.546999990940094,43.3111579761834,37.348,9.32753797012934
BIH,2004,9344.869,4140987.0,0.28200000524520874,43.4069313452312,36.743,7.94786969790635
BIH,2005,9814.511,4096493.0,3.5820000171661377,43.5749208785894,36.067,3.22395521222414
BIH,2006,10430.455,4063272.0,6.08330774307251,43.508435103423,35.498,0.198551451909391
BIH,2007,11178.728,4013424.0,1.5472332239151,43.4597776090615,36.521,0.919932443791068
BIH,2008,11983.77,3947544.0,7.399293899536133,43.603660497447,39.35,-0.334494227707476
BIH,2009,11826.699,3879794.0,-0.39013415575027466,43.8935442499965,38.962,7.73269234983553
BIH,2010,12142.912,3811472.0,2.207582950592041,44.2789557480719,37.183,6.39214485485004
BIH,2011,12487.701,3741798.0,3.6578993797302246,44.6457515662745,36.868,4.88042163230984
BIH,2012,12626.979,3670113.0,2.0584750175476074,44.9181494324675,36.484,6.48156391846798
BIH,2013,13135.772,3610859.0,-0.09055784344673157,45.1363153299881,36.517,7.2764764654592
BIH,2014,13458.908,3564829.0,-0.9228751063346863,45.4739107599981,36.288,5.58529714833356
BIH,2015,14220.149,3518541.0,-1.0146334171295166,46.0547616991884,36.054,5.58529714833356
BIH,2016,14873.703,3473003.0,-1.058648705482483,46.8155055302009,37.015,5.58529714833356
BIH,2017,15554.724,3428682.0,0.81,47.7135237832645,39.266,5.58529714833356
BIH,2018,16349.067,3387000.0,1.27,48.7981270859519,40.089,5.58529714833356
BIH,2019,17029.367,3345533.0,0.6169999837875366,49.9919523868234,41.139,5.58529714833356
BIH,2020,16747.105,3299349.0,-1.0512960076351914,51.07123773277,39.936,5.58529714833356
BIH,2021,18286.738,3244907.0,1.98163900587616,51.882555145011,40.608,5.58529714833356
BIH,2022,19298.197,3204802.0,14.0208440826771,52.6245907931921,42.656,5.58529714833356
BIH,2023,19805.0,3185073.0,6.098,53.5210215348666,44.155,5.58529714833356
BIH,2024,20527.693,3164253.0,1.69212733599721,54.4832427940866,43.977,5.58529714833356
BLR,1990,12351.636,10189348.0,4.599999904632568,50.8560481976729,58.091499999999996,-10.4472953481541
BLR,1991,12197.788,10194050.0,94.19999694824219,51.3523505228416,58.736,-10.4472953481541
BLR,1992,11002.602,10216470.0,970.7000122070312,51.7546417390139,57.308,-89.2993914330492
BLR,1993,10143.984,10239050.0,1190.3160400390625,52.0773931872809,54.103,-85.1883272272899
BLR,1994,8967.73,10226955.0,2220.89697265625,52.1939644492264,51.757,-87.8528574130947
BLR,1995,8061.196,10193831.0,685.1851196289062,52.1380876905489,49.086,-63.887258292669
BLR,1996,8314.856,10159569.0,51.65095520019531,51.7260618811785,44.866,5.60715844634081
BLR,1997,9301.327,10117433.0,64.07463836669922,51.0541836795024,48.748,-23.2156560031963
BLR,1998,10128.156,10071963.0,73.2701416015625,49.938547597476,50.398,-28.0828261296058
BLR,1999,10519.749,10026738.0,294.63897705078125,48.4850486294947,51.189,-63.761025488483
BLR,2000,11182.455,9979610.0,167.57691955566406,47.3611141053723,52.069,-41.2295491112523
BLR,2001,11771.087,9928549.0,60.8454704284668,46.4101268689929,52.881,-18.1401862241537
BLR,2002,12443.933,9865548.0,42.650089263916016,45.5515914477957,53.584,-5.52846897733011
BLR,2003,13413.927,9796749.0,28.491764068603516,44.7678320797894,54.224,-5.13471714620616
BLR,2004,15052.118,9730146.0,18.24140167236328,44.0220568024534,54.829,-4.70086264766037
BLR,2005,16579.873,9663915.0,10.373010635375977,43.3371234549297,55.439,-6.39967134874553
BLR,2006,18349.871,9604924.0,6.958395957946777,42.7725595063791,56.115,-1.72187168837492
BLR,2007,20019.611,9560953.0,8.294512748718262,42.2146504270551,56.816,-3.8075656431765
BLR,2008,22137.947,9527985.0,14.733747482299805,41.4849556930776,57.655,-10.4472953481541
BLR,2009,22236.838,9504583.0,12.834598541259766,40.8605571950076,58.528,2.2115757548072
BLR,2010,24012.613,9483836.0,7.66184663772583,40.4368187756197,59.024,-1.90734443709477
BLR,2011,25404.756,9461643.0,53.174644470214844,40.3467683870549,59.486,-33.4890247376893
BLR,2012,25879.133,9446836.0,59.499305725097656,40.8631225663151,59.871,-31.813210346091
BLR,2013,26147.625,9443211.0,18.331867218017578,41.6902824364542,60.146,-1.75623800416066
BLR,2014,26564.436,9448515.0,18.094615936279297,42.7175640732647,60.351,0.464553801650014
BLR,2015,25513.213,9461076.0,13.476086616516113,43.8491045346394,60.49,0.464553801650014
BLR,2016,24846.83,9469379.0,11.802736282348633,44.9447620155531,60.62,0.464553801650014
BLR,2017,25503.98,9458989.0,6.032,46.0096589692623,60.838,0.464553801650014
BLR,2018,26363.463,9438785.0,4.87,46.8866982731588,61.344,0.464553801650014
BLR,2019,26798.82,9419758.0,5.599999904632568,47.8095536382012,61.575,0.464553801650014
BLR,2020,26731.496,9379952.0,5.548143574565075,48.7665398549662,61.437,0.464553801650014
BLR,2021,27611.18,9302585.0,9.46028389623105,49.5726145295303,61.524,0.464553801650014
BLR,2022,26537.508,9228071.0,15.2096752740809,50.3005336051361,61.754,0.464553801650014
BLR,2023,27782.438,9178298.0,5.017,50.9143686597634,61.372,0.464553801650014
BLR,2024,29040.973,9132629.0,5.78531910427999,51.4320720058658,61.069,0.464553801650014
BLZ,1990,8251.617,183076.0,2.046999931335449,93.950822624559,54.105000000000004,14.0529881752783
BLZ,1991,9028.073,187040.0,3.2249999046325684,92.9889184671578,50.302,17.0119196633806
BLZ,1992,9967.777,190983.0,2.3970000743865967,91.6672520899612,50.603,10.5269926198422
BLZ,1993,10366.859,194902.0,1.4730000495910645,90.0833861608231,50.652,12.267076983443
BLZ,1994,10146.399,199097.0,2.569000005722046,88.3426355122505,49.846,11.8406046593974
BLZ,1995,9967.847,204146.0,2.890000104904175,86.5335063321211,49.903,9.88216752712154
BLZ,1996,9782.645,210310.0,6.425000190734863,84.6800962433481,49.952,13.1952180009875
BLZ,1997,9862.267,217446.0,1.0260000228881836,82.8214462875928,51.431,18.0810579034383
BLZ,1998,9894.6,225173.0,-0.847000002861023,81.0822764959911,50.3,13.7226809860845
BLZ,1999,10460.635,233059.0,-1.2070000171661377,79.5357902197023,51.686,18.2357266141234
BLZ,2000,11363.687,240799.0,0.6140000224113464,78.1452985129837,53.086,14.3686867020506
BLZ,2001,11567.026,248379.0,1.149999976158142,76.8690673711645,54.36,17.7125860303369
BLZ,2002,11828.187,256009.0,2.200000047683716,75.671094886504,53.996,14.0414110742632
BLZ,2003,12589.268,263780.0,2.619999885559082,74.4784432009102,54.03,19.2271079636794
BLZ,2004,12807.166,271688.0,3.069999933242798,73.2803541019574,54.097,11.5510878768314
BLZ,2005,12714.97,279731.0,3.6510000228881836,72.1061439452668,54.113,10.9207893701168
BLZ,2006,12912.53,287878.0,4.239999771118164,70.9215268335837,55.252,10.6436901190592
BLZ,2007,12973.207,296100.0,2.318000078201294,69.7071820354545,56.006,10.1374154370035
BLZ,2008,12415.681,304361.0,6.394000053405762,68.4748915065096,56.426,10.199404772485
BLZ,2009,12033.91,312614.0,-1.1039999723434448,67.1952550059901,56.556,16.9657896052259
BLZ,2010,11913.664,320245.0,0.9179999828338623,65.3662642390193,56.717,11.4708938185105
BLZ,2011,11641.771,327298.0,1.6950000524520874,63.1652151371184,56.925,8.11082138544433
BLZ,2012,11843.415,334414.0,1.2999999523162842,61.186677591941,57.169,11.6624405372763
BLZ,2013,12064.797,341627.0,0.5066975355148315,59.3654806943233,57.402,9.36812182964197
BLZ,2014,12272.296,348923.0,1.2034517526626587,57.6530335616562,58.258,9.58641090069746
BLZ,2015,12348.795,356333.0,-0.8516772985458374,56.037974628114,59.031,9.58641090069746
BLZ,2016,12063.06,364705.0,0.6645066738128662,54.3992819917954,59.752,9.58641090069746
BLZ,2017,11572.301,373202.0,1.148,52.9365964003541,59.81,9.58641090069746
BLZ,2018,11451.897,380226.0,0.24,51.8971867784178,61.005,9.58641090069746
BLZ,2019,11765.975,385829.0,0.18700000643730164,51.0387510716341,63.413,9.58641090069746
BLZ,2020,10045.141,390812.0,0.12,50.1056237949285,48.795,9.58641090069746
BLZ,2021,11716.327,395346.0,3.2597876575978533,49.0639810873278,54.142,9.58641090069746
BLZ,2022,12565.364,402733.0,6.2655634990762445,47.7523452432926,53.257,9.58641090069746
BLZ,2023,12371.009,411106.0,4.399,46.7004478384213,52.85,9.58641090069746
BLZ,2024,12621.408,417072.0,3.28955985952764,46.203569976303,51.905,9.58641090069746
BMU,1990,79747.484,57559.0,,40.1860736988236,,
BMU,1991,76365.05,57984.0,,40.3689268682369,,
BMU,1992,75766.695,58407.0,,41.0456411494808,,
BMU,1993,77503.46,58816.0,,41.6809192301207,,
BMU,1994,77470.3,59194.0,,42.3093566689105,,
BMU,1995,80427.24,59526.0,,42.9195678271308,,
BMU,1996,82122.78,59813.0,,43.4787823542111,,
BMU,1997,85380.836,60177.0,,43.5246136233543,,
BMU,1998,88034.81,60639.0,,43.1201321689875,,
BMU,1999,90290.56,61124.0,,42.7763892457546,,
BMU,2000,98019.93,61550.0,,42.8737233054782,,
BMU,2001,104560.836,61867.0,,43.3699480904709,,
BMU,2002,102559.766,62142.0,,43.8116176810923,,
BMU,2003,105642.98,62386.0,,44.1984097633136,,
BMU,2004,107803.2,62555.0,,44.5399510143722,,
BMU,2005,109335.38,62711.0,,44.7511771766227,,
BMU,2006,115170.9,62834.0,,44.8946179034266,,
BMU,2007,118691.07,63010.0,,44.4520861989913,,
BMU,2008,115942.73,63300.0,,43.5634582237141,,
BMU,2009,108962.82,63565.0,,42.8972866038711,,
BMU,2010,105968.875,63725.0,,43.0575822202267,,
BMU,2011,101989.93,63733.0,,43.9187968566525,,
BMU,2012,96711.07,63646.0,,44.7279259612979,,
BMU,2013,96549.79,63574.0,,45.2621958185765,,
BMU,2014,93042.27,63529.0,,45.5084745762712,,
BMU,2015,93859.875,63464.0,,45.7970548370052,,
BMU,2016,93265.07,63449.0,,46.428653850592,,
BMU,2017,96437.195,63578.0,,47.2496931236538,,
BMU,2018,95639.23,63831.0,,48.0150264353956,,
BMU,2019,95519.92,64107.0,,48.9232699142797,,
BMU,2020,88618.086,64382.0,,49.9499243041807,,
BMU,2021,92319.67,64648.0,,51.0067270858638,,
BMU,2022,98145.17,64749.0,,52.1358082706767,,
BMU,2023,103052.35,64698.0,,53.3515050959943,,
BMU,2024,109311.94,64636.0,,54.6796850695192,,
BOL,1990,6247.1045,7130142.0,17.180644989013672,79.7792012465788,67.572,21.9711391761305
BOL,1991,6440.486,7280289.0,21.441804885864258,79.5376841544555,67.294,19.9321704103354
BOL,1992,6414.3286,7430336.0,12.042815208435059,79.2370827890731,67.185,28.5447785836516
BOL,1993,6556.8164,7579195.0,8.512411117553711,78.9458263063665,67.4,44.4076299315178
BOL,1994,6731.2847,7727322.0,7.866872787475586,78.6894173423028,67.65,44.1131558230882
BOL,1995,6914.342,7874676.0,10.193001747131348,78.4018209288559,68.218,35.5300943196571
BOL,1996,7083.6133,8021736.0,12.43043041229248,78.0888057888981,68.67,39.7798687084599
BOL,1997,7301.5093,8167900.0,4.704071998596191,77.7325293203476,69.19,41.9515996899942
BOL,1998,7534.5166,8313394.0,7.670373916625977,77.3202890825747,68.996,30.2290511824939
BOL,1999,7435.7256,8459806.0,2.1563706398010254,76.8613252067245,68.705,32.1815221664531
BOL,2000,7492.4336,8606326.0,4.6062469482421875,76.3336649111143,68.441,27.9483957185948
BOL,2001,7491.1523,8752736.0,1.6022975444793701,75.682735506341,68.146,17.8530979126692
BOL,2002,7550.0156,8900355.0,0.9287382960319519,74.8379179638206,67.993,17.3230579080152
BOL,2003,7625.9053,9050700.0,3.343031883239746,73.8265836537673,67.791,10.6586077125964
BOL,2004,7811.5967,9204287.0,4.438448429107666,72.7282553866109,67.65,6.02233191168458
BOL,2005,8020.6357,9360754.0,5.3990654945373535,71.5807768757071,67.494,10.0756689351211
BOL,2006,8263.319,9521689.0,2.3348212242126465,70.4318320212529,67.341,-1.55933382958267
BOL,2007,8493.948,9685960.0,8.705313682556152,69.3299621042665,67.145,5.11062966265615
BOL,2008,8865.272,9850858.0,14.01034927368164,68.2874899484743,66.983,3.16372004257659
BOL,2009,9011.557,10016275.0,3.3416225910186768,67.2985565884859,66.558,15.1460374289771
BOL,2010,9230.398,10182345.0,2.4961798191070557,66.3579351859945,66.638,1.04104152848906
BOL,2011,9554.445,10348929.0,9.883995056152344,65.4432668246454,66.708,-3.21717814892907
BOL,2012,9884.462,10515807.0,4.5148091316223145,64.5576422442095,66.664,3.76719139203369
BOL,2013,10391.384,10682608.0,5.7356181144714355,63.667311881399,66.239,4.77002914125712
BOL,2014,10790.848,10848888.0,5.763847827911377,62.727121369388,66.347,7.49119854684631
BOL,2015,11144.642,11014705.0,4.064499855041504,61.8121001966183,65.437,7.49119854684631
BOL,2016,11448.021,11180020.0,3.627013921737671,60.9743711428497,65.003,7.49119854684631
BOL,2017,11755.256,11344587.0,2.82,60.1913809522196,66.125,7.49119854684631
BOL,2018,11920.313,11508368.0,2.27,59.4399552784395,69.272,7.49119854684631
BOL,2019,11930.916,11671386.0,1.8389999866485596,58.713758032825,71.428,7.49119854684631
BOL,2020,10285.659,11816299.0,0.9407421533814371,57.9125889872922,66.553,7.49119854684631
BOL,2021,11202.441,11937360.0,0.737383721452315,57.0117014045263,73.831,7.49119854684631
BOL,2022,11487.715,12077154.0,1.74632872945973,56.1953486531378,75.487,7.49119854684631
BOL,2023,11616.157,12244159.0,2.577,55.5037371721243,76.01,7.49119854684631
BOL,2024,11329.151,12413315.0,5.09976568317427,54.8659781441531,75.766,7.49119854684631
BRA,1990,12633.288,149143223.0,2947.73291015625,65.5936848281802,59.570499999999996,42.50973960441365
BRA,1991,12546.561,151724256.0,432.7866516113281,64.5785829304948,60.263,42.50973960441365
BRA,1992,12271.979,154275079.0,951.9620361328125,63.4594433992393,60.377,42.50973960441365
BRA,1993,12669.429,156794577.0,1927.380859375,62.2792179837673,61.293,42.50973960441365
BRA,1994,13202.931,159265006.0,2075.888427734375,61.0835822645126,61.146,42.50973960441365
BRA,1995,13550.439,161735073.0,66.00702667236328,59.8683636570242,61.006,42.50973960441365
BRA,1996,13641.63,164202549.0,15.757669448852539,58.6481917241943,58.811,42.50973960441365
BRA,1997,13896.625,166661659.0,6.926713943481445,57.440167947103,58.954,65.4088449823572
BRA,1998,13737.703,169159655.0,3.195072889328003,56.2482765408734,58.332,77.6168379916665
BRA,1999,13602.414,171641543.0,4.85844612121582,55.0763984272951,58.297,67.060917103827
BRA,2000,14005.348,174018282.0,7.0441436767578125,53.9320341342569,58.641,48.5047281831843
BRA,2001,14016.132,176301203.0,6.8403639793396,52.8183017276819,59.002,45.6378187168125
BRA,2002,14265.905,178503484.0,8.450156211853027,51.7532497132855,59.848,48.3404374497978
BRA,2003,14259.366,180622688.0,14.714924812316895,50.7500013938033,59.427,46.447398837078
BRA,2004,14911.261,182675143.0,6.597179889678955,49.832060271032,60.579,43.7791527215823
BRA,2005,15221.014,184688101.0,6.869541645050049,49.0129699418087,60.87,44.6351688572486
BRA,2006,15657.4795,186653106.0,4.183569431304932,48.2684711339596,61.143,41.240326487245
BRA,2007,16440.584,188552320.0,3.641272783279419,47.5826124507755,61.05,35.0225154508309
BRA,2008,17113.367,190367302.0,5.678594589233398,46.9295922668047,61.619,35.3667577888094
BRA,2009,16939.441,192079951.0,4.888035774230957,46.3061674570182,61.052,34.792009638163
BRA,2010,18062.158,193701929.0,5.0387282371521,45.7187256688073,60.575,29.1158055183637
BRA,2011,18627.81,195284734.0,6.63636589050293,45.1609994407706,59.954,32.8334595056712
BRA,2012,18832.219,196876111.0,5.4035563468933105,44.6429009356262,59.738,26.5820905353339
BRA,2013,19241.506,198478299.0,6.204329013824463,44.1751173479507,59.766,18.498844416907
BRA,2014,19183.172,200085127.0,6.329156875610352,43.8183703322034,59.714,22.4036724327293
BRA,2015,18357.068,201675532.0,9.029804229736328,43.5935934449924,58.787,22.4036724327293
BRA,2016,17620.928,203218114.0,8.739128112792969,43.4398109123601,56.845,22.4036724327293
BRA,2017,17724.48,204703445.0,3.446,43.3713300884192,56.271,22.4036724327293
BRA,2018,17917.75,206107261.0,3.66,43.4316522323209,56.549,22.4036724327293
BRA,2019,18018.621,207455459.0,3.7330000400543213,43.5397483001089,57.142,22.4036724327293
BRA,2020,17327.516,208660842.0,3.211768038033512,43.586067027448,52.195,22.4036724327293
BRA,2021,18075.705,209550294.0,8.30166,43.6404698393342,54.238,22.4036724327293
BRA,2022,18554.047,210306415.0,9.280107,43.7902629940777,57.663,22.4036724327293
BRA,2023,19079.812,211140729.0,4.594,44.0290947589819,57.915,22.4036724327293
BRA,2024,19652.365,211998573.0,4.367414918976012,44.3299763860952,59.031,22.4036724327293
BRB,1990,19613.248,258582.0,3.0360000133514404,53.8967879397463,60.588499999999996,7.41201551811264
BRB,1991,18790.87,259373.0,6.300000190734863,53.1163663840941,52.875,7.58061361989414
BRB,1992,17660.324,260267.0,5.995999813079834,52.5272947836636,52.166,11.1819478999126
BRB,1993,17748.555,261027.0,1.184000015258789,52.0826171818102,51.483,3.53751372791561
BRB,1994,18064.4,261620.0,0.699999988079071,51.7464589399441,52.94,6.72488147832914
BRB,1995,18398.75,262039.0,2.8380000591278076,51.4886458236981,55.989,8.89347994923878
BRB,1996,19112.504,262284.0,2.385999917984009,51.2037079739888,58.764,7.27686558493164
BRB,1997,20010.217,262392.0,7.710999965667725,50.8485489582854,58.946,8.83542399793803
BRB,1998,20752.81,262436.0,-1.2690000534057617,50.4324897538047,60.576,0.962936395837851
BRB,1999,20815.836,262517.0,1.559999942779541,50.0294324396921,61.884,4.75174550034418
BRB,2000,21779.22,262063.0,2.436000108718872,49.6163420036996,62.866,11.6646436288594
BRB,2001,21234.709,262425.0,2.8010001182556152,49.2212688285768,62.625,7.16631527737489
BRB,2002,21262.309,264148.0,0.16899999976158142,49.0029727488619,62.326,7.52383861784461
BRB,2003,21591.791,265776.0,1.5770000219345093,48.7596690958346,61.886,7.30263973499157
BRB,2004,21771.902,267298.0,1.4279999732971191,48.3488916761941,63.439,2.36722364027148
BRB,2005,22514.484,268706.0,6.065000057220459,47.8220447143737,63.615,2.34273460323265
BRB,2006,23766.607,270002.0,7.308000087738037,47.2178753891703,63.697,5.95150098880004
BRB,2007,24145.754,271288.0,4.033999919891357,46.7341684515696,64.461,1.97590235214631
BRB,2008,24171.652,272714.0,8.107999801635742,46.6417168083539,63.783,8.08039055228652
BRB,2009,22840.885,274123.0,3.6449999809265137,46.8544917846601,62.232,11.2395217716761
BRB,2010,22243.457,275243.0,5.823999881744385,47.0095284893285,61.533,-16.3083640887899
BRB,2011,22102.482,276139.0,9.430000305175781,47.0386206676216,60.96,8.55020368124343
BRB,2012,21286.332,276938.0,4.53000020980835,47.0852541904782,59.738,3.19688081900711
BRB,2013,20854.568,277665.0,1.809999942779541,47.1514727548306,60.404,8.55048075210576
BRB,2014,20959.965,278348.0,1.7699999809265137,47.2307000608289,58.266,10.1044046409713
BRB,2015,20666.965,278990.0,-1.1100000143051147,47.2880085313962,59.018,10.1044046409713
BRB,2016,20930.633,279598.0,1.2799999713897705,47.3018181051877,60.616,10.1044046409713
BRB,2017,21035.793,280171.0,4.41,47.4374694122414,60.463,10.1044046409713
BRB,2018,20727.422,280711.0,3.69,47.7558518393751,60.246,10.1044046409713
BRB,2019,20737.979,281207.0,4.099999904632568,48.226277449213,59.465,10.1044046409713
BRB,2020,17728.072,281698.0,2.882,48.8811373606046,56.424,10.1044046409713
BRB,2021,17682.732,282147.0,3.064,49.6166083359847,55.515,10.1044046409713
BRB,2022,20716.285,282318.0,9.438713921790619,50.2051022851214,60.601,10.1044046409713
BRB,2023,21318.672,282336.0,3.187,50.5580529737051,60.766,10.1044046409713
BRB,2024,21837.725,282467.0,1.416,51.0381409176706,60.786,10.1044046409713
BRN,1990,118163.68,255292.0,2.132999897003174,58.7538088427337,62.884,0.767082535354027
BRN,1991,118220.69,262596.0,1.5829999446868896,58.6740304784463,63.238,0.767082535354027
BRN,1992,111457.22,269839.0,1.2589999437332153,58.5171565027875,63.545,0.767082535354027
BRN,1993,107899.13,276971.0,4.288000106811523,57.8812061791028,63.801,0.767082535354027
BRN,1994,106239.234,284091.0,2.447999954223633,57.0283610716516,64.008,0.767082535354027
BRN,1995,105043.85,291195.0,5.9720001220703125,55.9703051435733,64.187,0.767082535354027
BRN,1996,102522.125,298276.0,1.965000033378601,54.7660680651907,64.303,0.767082535354027
BRN,1997,106503.42,305341.0,1.7050000429153442,53.5109725748473,64.422,0.767082535354027
BRN,1998,97171.64,312385.0,-0.42399999499320984,52.2551810188525,64.47,23.8213574319673
BRN,1999,99083.32,319411.0,-0.00800000037997961,50.9325457767277,64.574,-4.44344199616676
BRN,2000,100323.44,326424.0,1.1740000247955322,49.4909712077012,64.623,3.0507709785605
BRN,2001,99680.766,333345.0,0.6029999852180481,47.9935003529521,64.702,11.0211402105211
BRN,2002,101571.586,340099.0,-2.2880001068115234,46.5104056726101,64.496,5.64302408906322
BRN,2003,103226.914,346637.0,0.30000001192092896,45.0618937219093,64.269,-0.76189501480855
BRN,2004,101497.76,352911.0,0.8970000147819519,43.6711746553872,64.018,-9.47465919647903
BRN,2005,99795.69,358916.0,1.0870000123977661,42.3524185743975,63.743,-12.450760317229
BRN,2006,102248.51,364663.0,0.15399999916553497,41.0981748675744,63.475,-4.04236494665693
BRN,2007,96752.62,370873.0,0.9660000205039978,40.4768758759138,63.091,0.767082535354027
BRN,2008,91275.5,377793.0,2.0850000381469727,40.4613983232019,62.677,-9.06800368287673
BRN,2009,87875.83,384952.0,1.0429999828338623,40.454620085743,62.36,34.805790292472
BRN,2010,88586.516,392332.0,0.2160000056028366,40.4089170105325,62.24,0.495246548770843
BRN,2011,90279.664,399389.0,0.14000000059604645,40.2019187901723,62.178,-12.2155723237545
BRN,2012,89718.46,405557.0,0.10999999940395355,39.7950425529715,62.02,4.22815370059819
BRN,2013,86606.65,411202.0,0.38999998569488525,39.3225002032906,61.744,8.56533104131138
BRN,2014,83310.62,416750.0,-0.20999999344348907,38.843209243132,61.421,7.48417427891579
BRN,2015,81910.19,422212.0,-0.41999998688697815,38.3778628456063,60.623,7.48417427891579
BRN,2016,78880.625,427564.0,-0.7400000095367432,38.0062295240708,59.836,7.48417427891579
BRN,2017,78966.87,432772.0,-0.171,37.7404970830031,59.117,7.48417427891579
BRN,2018,78099.05,437810.0,0.15,37.5528221562436,60.653,7.48417427891579
BRN,2019,80228.16,442680.0,-0.4180000126361847,37.4287523749208,60.517,7.48417427891579
BRN,2020,80280.9,447404.0,1.9403199660723254,37.387149472443,59.215,7.48417427891579
BRN,2021,78248.8,451721.0,1.7362269502130803,37.4799511828422,60.761,7.48417427891579
BRN,2022,76357.83,455370.0,3.68225030604209,37.7100640209512,60.756,7.48417427891579
BRN,2023,76616.7,458949.0,0.4,37.998646921747,61.305,7.48417427891579
BRN,2024,79071.734,462721.0,-0.388674165036466,38.2994748624391,61.167,7.48417427891579
BTN,1990,3411.3838,589287.0,9.407999992370605,84.2880999737306,67.031,8.28079439788385
BTN,1991,3338.0095,599784.0,10.345000267028809,84.1313697860544,69.512,5.56145046368359
BTN,1992,3624.598,577774.0,8.144000053405762,83.7668492331571,69.429,7.41504460555237
BTN,1993,3850.5513,554673.0,9.595000267028809,83.1746534967356,69.34,7.82073479574516
BTN,1994,4042.4941,554497.0,9.496999740600586,82.4105295361912,69.292,3.77606455074241
BTN,1995,4379.8706,547989.0,7.084000110626221,81.4277484588236,69.245,7.12532798815581
BTN,1996,4616.92,548784.0,8.779000282287598,80.2326536108274,69.21,7.29550932422907
BTN,1997,4778.705,558697.0,8.550999641418457,78.8408413599275,69.179,2.73953660813191
BTN,1998,4965.8765,569435.0,7.591000080108643,77.2082804292081,69.16,4.79124819646696
BTN,1999,5241.3667,582579.0,9.057999610900879,75.4277454906802,69.068,9.25846936869144
BTN,2000,5287.574,596863.0,7.183000087738037,73.4829834295896,68.723,-0.452380923380808
BTN,2001,5545.6304,610794.0,3.7239999771118164,71.2836303063954,68.408,9.98395912429185
BTN,2002,5991.255,624409.0,2.938999891281128,68.8778601179207,68.322,9.78759245809076
BTN,2003,6323.541,637663.0,2.4719998836517334,66.3003338201544,68.27,11.158765783946
BTN,2004,6517.997,650544.0,3.3459999561309814,63.5658719822189,67.737,10.2103871479367
BTN,2005,6850.804,661865.0,4.770999908447266,61.0733763436673,67.318,7.53273636326834
BTN,2006,7140.856,670799.0,5.1519999504089355,59.0913187428257,67.356,6.96680039207906
BTN,2007,8195.07,678641.0,5.079999923706055,57.3237111872517,67.031,8.89481722872429
BTN,2008,8470.035,686351.0,6.7829999923706055,55.6333828414644,66.985,7.81013552158548
BTN,2009,9019.118,693988.0,6.264999866485596,54.1046110118023,66.94,8.93079338586161
BTN,2010,9985.284,701632.0,5.72599983215332,52.7571672414394,65.887,5.16003045502482
BTN,2011,10714.687,709377.0,7.276000022888184,51.5889144608205,65.233,4.7022266677534
BTN,2012,11143.944,717279.0,9.27299976348877,50.6230470718678,63.08,4.93682331091909
BTN,2013,11212.4795,725273.0,11.319999694824219,49.8361719182554,63.426,7.41622267650341
BTN,2014,11744.519,733139.0,8.270000457763672,49.111096196049,60.963,7.85338265465553
BTN,2015,12400.298,740618.0,4.550000190734863,48.341365124002,61.593,7.85338265465553
BTN,2016,13320.976,747866.0,4.309999942779541,47.5487362412969,61.257,7.85338265465553
BTN,2017,13482.343,754335.0,5.529,46.3188256242944,60.882,7.85338265465553
BTN,2018,13854.8545,759759.0,2.72,44.6530941741602,60.506,7.85338265465553
BTN,2019,14555.188,764824.0,2.5999999046325684,43.0441182246478,64.559,7.85338265465553
BTN,2020,12979.937,770006.0,5.62939875262353,41.6259265390204,64.415,7.85338265465553
BTN,2021,13458.8125,775442.0,7.32840050377833,40.4434390615407,65.776,7.85338265465553
BTN,2022,14061.3125,780914.0,5.63916671396365,39.4402135580812,59.342,7.85338265465553
BTN,2023,14610.296,786385.0,4.535,38.5621629050646,62.962,7.85338265465553
BWA,1990,10520.918,1305696.0,11.399999618530273,93.6710062401455,49.4995,1.48163823677963
BWA,1991,11001.802,1341756.0,12.600000381469727,92.1511540482986,53.731,6.32797899894067
BWA,1992,11008.681,1380033.0,16.5,90.3585690343672,51.99,6.90244634765956
BWA,1993,10902.951,1420115.0,14.399999618530273,88.256278236155,50.317,1.63797026811845
BWA,1994,10989.67,1460023.0,10.600000381469727,85.8739310825967,48.583,4.06788524957284
BWA,1995,11457.699,1498836.0,10.5,83.3348826968711,48.176,6.77649370861708
BWA,1996,11832.938,1535914.0,10.100000381469727,80.7658267327315,47.746,-1.38848072123473
BWA,1997,12526.353,1571691.0,8.899999618530273,78.2366749829893,47.748,8.53034219713919
BWA,1998,12306.25,1606899.0,6.510000228881836,75.8612764588265,47.579,3.34968985507135
BWA,1999,13207.447,1641997.0,7.815999984741211,73.6554107719431,48.556,0.473255877886662
BWA,2000,13185.817,1677382.0,8.587569236755371,71.6009370939856,49.294,1.14582523705701
BWA,2001,12949.641,1712254.0,6.50363826751709,69.7041027191231,47.914,6.86638447526455
BWA,2002,13479.696,1744763.0,8.03615665435791,67.925040398917,46.451,14.8447010075106
BWA,2003,13857.259,1775736.0,9.17928409576416,66.2907711757269,45.107,12.7261593572254
BWA,2004,13984.842,1807146.0,6.937257766723633,64.8654270372053,46.497,5.15195653567252
BWA,2005,14361.958,1839877.0,8.675446510314941,63.6537247053591,47.82,0.230180568544681
BWA,2006,15275.583,1874516.0,11.5466890335083,62.6397653218019,49.243,10.7498451318936
BWA,2007,15850.234,1911201.0,7.060697555541992,61.7737877982468,50.523,9.60660136551935
BWA,2008,16040.315,1949970.0,12.638020515441895,61.0149548036454,51.717,6.55459216778818
BWA,2009,13489.951,1990673.0,8.133530616760254,60.3740690970846,52.547,-1.17567655612691
BWA,2010,14545.02,2033111.0,6.921467304229736,59.9329624056128,49.171,3.50357416793177
BWA,2011,15236.719,2073535.0,8.455548286437988,59.8050466228042,49.638,-1.46772898222052
BWA,2012,14957.619,2108617.0,7.553352355957031,60.1882344718716,50.21,7.75464918864852
BWA,2013,16369.426,2140682.0,5.873682022094727,60.7392551132963,50.399,8.5265575689159
BWA,2014,17052.193,2172044.0,4.40671968460083,61.0233976005616,50.472,-0.548849802276951
BWA,2015,15994.964,2203273.0,3.07446026802063,61.060087047929,50.428,-0.548849802276951
BWA,2016,16905.588,2234776.0,2.7844817638397217,60.8365779757749,50.389,-0.548849802276951
BWA,2017,17352.896,2266747.0,3.296,60.3922725741764,50.419,-0.548849802276951
BWA,2018,17825.02,2299141.0,3.22,59.77944968053,50.697,-0.548849802276951
BWA,2019,18106.01,2332083.0,2.8450000286102295,59.0212359437936,50.724,-0.548849802276951
BWA,2020,16289.392,2365894.0,1.890359168242174,58.1395379926207,48.415,-0.548849802276951
BWA,2021,17960.625,2401441.0,7.24097765588449,57.3675236302824,49.208,-0.548849802276951
BWA,2022,18647.373,2439892.0,11.665567478802,56.9942392169505,49.361,-0.548849802276951
BWA,2023,18932.48,2480244.0,5.144,56.8649822627192,52.313,-0.548849802276951
BWA,2024,18068.506,2521139.0,2.8183513167625,56.655146530662,52.243,-0.548849802276951
CAF,1990,1481.2526,2871910.0,-0.2029999941587448,90.4913198371222,68.479,
CAF,1991,1427.6902,2963191.0,-2.8480000495910645,91.5223070648626,68.374,
CAF,1992,1294.2025,3058831.0,-0.7570000290870667,92.2112744204752,68.34,
CAF,1993,1257.8284,3157839.0,-2.9089999198913574,92.5609604394371,68.325,
CAF,1994,1278.915,3257954.0,24.549999237060547,92.6660496692756,68.327,
CAF,1995,1334.1033,3348052.0,19.200000762939453,92.8956415378171,68.392,
CAF,1996,1247.9688,3435965.0,3.7230000495910645,93.0671533478341,68.438,
CAF,1997,1278.4883,3531700.0,1.597000002861023,92.8946264561177,68.47,
CAF,1998,1302.7515,3628827.0,-1.871000051498413,92.5646055953044,68.479,
CAF,1999,1313.2357,3729450.0,-1.4149999618530273,92.0769203829332,68.464,
CAF,2000,1245.814,3833416.0,3.2019999027252197,91.4612913472661,68.469,
CAF,2001,1272.857,3919487.0,3.8429999351501465,91.1713607329455,68.426,
CAF,2002,1290.3832,4006077.0,2.2980000972747803,90.7202050560367,68.379,
CAF,2003,1191.8732,4103086.0,4.353000164031982,90.082076840081,68.347,
CAF,2004,1236.2854,4192826.0,-2.24399995803833,89.7765359841293,68.393,
CAF,2005,1219.594,4288810.0,2.884999990463257,89.4839039752304,68.406,
CAF,2006,1251.8708,4377579.0,6.693999767303467,89.6444106919827,68.479,
CAF,2007,1284.5529,4462770.0,0.9350000023841858,90.1127742517039,68.544,
CAF,2008,1283.2728,4558984.0,9.26200008392334,90.4294178705168,68.602,
CAF,2009,1402.6816,4529047.0,3.5220000743865967,90.8764209167031,68.611,
CAF,2010,1479.4137,4492995.0,1.4910000562667847,91.5910478718142,68.621,
CAF,2011,1517.1484,4565021.0,1.1950000524520874,92.9822017540374,68.714,
CAF,2012,1577.9806,4610848.0,5.874000072479248,95.3176865088711,68.884,
CAF,2013,996.89636,4642419.0,6.552000045776367,97.9595630955148,69.036,
CAF,2014,1001.85596,4623182.0,11.600000381469727,101.4546167589,69.169,
CAF,2015,1043.9218,4629320.0,4.5,103.91701516784,69.181,
CAF,2016,1073.9448,4713663.0,4.00600004196167,104.212210458458,69.166,
CAF,2017,1103.8661,4793511.0,4.461,104.593668985404,69.14,
CAF,2018,1125.7009,4878657.0,1.61,104.958245074818,69.153,
CAF,2019,1145.0956,4944703.0,2.684999942779541,104.954476234215,69.08,
CAF,2020,1136.5706,5026628.0,2.3036837886883514,104.549331492918,67.986,
CAF,2021,1128.5524,5112100.0,4.264,105.023375496256,67.76,
CAF,2022,1136.8018,5098039.0,5.58316735183246,105.587559345916,68.81,
CAF,2023,1132.6764,5152421.0,2.98,105.177562449203,68.886,
CAF,2024,1111.2194,5330690.0,3.425,104.726849849797,68.83,
CAN,1990,40475.113,27691138.0,4.780479907989502,46.9604608753888,61.293,10.3628057714141
CAN,1991,39139.312,28037420.0,5.625858306884766,47.3117698227704,59.395,6.67664065372475
CAN,1992,39023.184,28371264.0,1.4901379346847534,47.6541983447229,57.989,5.92122339032161
CAN,1993,39622.48,28684764.0,1.8650740385055542,47.8733970605816,57.548,4.58929911762106
CAN,1994,40952.137,29000663.0,0.16556347906589508,47.9228535685981,58.02,5.34161489206246
CAN,1995,41617.723,29302311.0,2.1487677097320557,47.8659553983646,58.293,6.24124775519778
CAN,1996,41880.55,29610218.0,1.5705252885818481,47.7466285226035,58.046,4.31493792119552
CAN,1997,43241.242,29905948.0,1.6212217807769775,47.5699325112839,58.558,3.77105924384815
CAN,1998,44553.28,30155173.0,0.9959350824356079,47.3120936453039,59.317,6.79236179380984
CAN,1999,46464.547,30401286.0,1.7348488569259644,46.9443442837685,60.138,4.42844747936203
CAN,2000,48399.305,30685730.0,2.7194385528564453,46.505468173978,60.832,2.77523978507557
CAN,2001,48774.168,31020855.0,2.525118350982666,46.0490993934186,60.69,4.17315129465872
CAN,2002,49695.008,31359199.0,2.258392095565796,45.6162132930749,61.298,2.91416358806175
CAN,2003,50139.785,31642461.0,2.7585628032684326,45.224975652383,62.028,1.39251006593115
CAN,2004,51210.68,31938807.0,1.8572649955749512,44.8239663324754,62.239,0.715785255573854
CAN,2005,52356.56,32242732.0,2.213550090789795,44.4124530492161,62.221,1.26073562439764
CAN,2006,53195.78,32571193.0,2.0020229816436768,44.1056701402663,62.494,3.16108200746548
CAN,2007,53761.863,32888886.0,2.1383824348449707,43.9728341323754,62.978,2.71404282733283
CAN,2008,53711.68,33247298.0,2.370270013809204,43.979810181512,63.041,0.704688614980772
CAN,2009,51552.42,33630069.0,0.2994678020477295,44.0683296307463,61.288,4.83312174515317
CAN,2010,52558.44,34005902.0,1.776877522468567,44.2426034732426,61.274,-0.237699919212513
CAN,2011,53681.13,34339221.0,2.912128210067749,44.6166392924826,61.509,-0.236773145019819
CAN,2012,54034.805,34713395.0,1.5156834125518799,45.2394993555654,61.638,1.76011030499221
CAN,2013,54712.18,35080992.0,0.938287079334259,45.9856719197967,61.788,1.23771666507039
CAN,2014,55723.484,35434066.0,1.9066344499588013,46.7656650331144,61.385,1.03863897928326
CAN,2015,55660.867,35704498.0,1.125245213508606,47.58596316024,61.311,1.03863897928326
CAN,2016,55606.156,36110803.0,1.4287567138671875,48.3895082605836,61.018,1.03863897928326
CAN,2017,56612.33,36545075.0,1.603,49.0981143135691,61.564,1.03863897928326
CAN,2018,57337.492,37072620.0,2.27,49.733479510056,61.721,1.03863897928326
CAN,2019,57583.848,37618495.0,1.9490000009536743,50.4105729188803,62.065,1.03863897928326
CAN,2020,54092.88,38028638.0,0.7169996323073138,51.1983504754589,57.907,1.03863897928326
CAN,2021,56995.117,38239864.0,3.395193,52.0342485398259,60.288,1.03863897928326
CAN,2022,58321.062,38935934.0,6.802801,52.6453169336305,61.802,1.03863897928326
CAN,2023,57517.44,40083484.0,3.885,53.0518455100351,61.822,1.03863897928326
CAN,2024,56706.824,41288599.0,2.3815987799975664,53.6355843539122,60.627,1.03863897928326
CHE,1990,64010.758,6715519.0,5.40395975112915,46.3560699839598,64.70949999999999,2.62294174433531
CHE,1991,62636.773,6799978.0,5.859588623046875,46.5639164074309,63.643,2.62294174433531
CHE,1992,61922.89,6875364.0,4.037008762359619,46.8675922573368,63.213,2.62294174433531
CHE,1993,61284.203,6938265.0,3.2926278114318848,47.2851884692287,62.733,2.62294174433531
CHE,1994,61569.598,6993795.0,0.8521411418914795,47.6193933750003,61.717,2.62294174433531
CHE,1995,61453.63,7040687.0,1.7998015880584717,47.8956647482017,62.104,2.62294174433531
CHE,1996,61471.168,7071850.0,0.8116551041603088,48.1558376041821,64.944,2.62294174433531
CHE,1997,62709.99,7088906.0,0.5202163457870483,48.3626836062002,64.549,2.62294174433531
CHE,1998,64418.387,7110001.0,0.01794683001935482,48.4866685740898,65.441,2.62294174433531
CHE,1999,65177.883,7143991.0,0.8064512014389038,48.5694451867612,65.667,2.62294174433531
CHE,2000,67378.39,7184250.0,1.5585126876831055,48.6031705319246,65.507,2.62294174433531
CHE,2001,68008.34,7229854.0,0.9890168905258179,48.271524930836,66.083,2.62294174433531
CHE,2002,67446.41,7284753.0,0.6427103281021118,47.7998877615904,65.769,2.62294174433531
CHE,2003,66926.17,7339001.0,0.6383007168769836,47.5052146372425,65.055,2.62294174433531
CHE,2004,68263.44,7389625.0,0.8028813004493713,47.2553419635852,64.36,2.62294174433531
CHE,2005,69692.59,7437115.0,1.171951413154602,47.0425562749948,63.989,2.62294174433531
CHE,2006,72077.86,7483934.0,1.059522271156311,46.8901179998901,64.631,2.62294174433531
CHE,2007,74234.305,7551117.0,0.7323357462882996,46.7847522727374,65.153,2.62294174433531
CHE,2008,75355.2,7647675.0,2.4260520935058594,46.7146643011247,65.908,1.86552320649218
CHE,2009,72709.81,7743831.0,-0.4804694950580597,46.8040975616414,65.47,2.2828444468121
CHE,2010,74290.266,7824909.0,0.6882335543632507,47.0257982982014,63.791,2.41305009083123
CHE,2011,74800.89,7912398.0,0.2313334047794342,47.3210679942274,64.548,2.73934663988563
CHE,2012,74883.62,7996861.0,-0.6925404071807861,47.6553103474253,64.551,2.62294174433531
CHE,2013,75354.16,8089346.0,-0.21730686724185944,47.9964075495613,64.393,2.77842211187275
CHE,2014,76189.6,8188649.0,-0.013234672136604786,48.352481328327,64.71,3.36510222766569
CHE,2015,76566.08,8282396.0,-1.143898606300354,48.6938829442498,64.942,3.36510222766569
CHE,2016,77301.21,8373338.0,-0.43460845947265625,49.0641186682788,65.286,3.36510222766569
CHE,2017,77626.91,8451840.0,0.534,49.5416264215968,65.25,3.36510222766569
CHE,2018,79261.36,8514329.0,0.94,50.0937300468879,65.343,3.36510222766569
CHE,2019,79596.7,8575280.0,0.3610000014305115,50.6327775355631,65.321,3.36510222766569
CHE,2020,77324.89,8638167.0,-0.7258749333133907,51.065235905893,64.709,3.36510222766569
CHE,2021,81001.414,8704546.0,0.5818142,51.5313032476218,64.341,3.36510222766569
CHE,2022,82777.3,8777088.0,2.835028,52.1817146235677,64.313,3.36510222766569
CHE,2023,82295.3,8888822.0,2.135,52.9575219043034,64.727,3.36510222766569
CHE,2024,82286.18,9005582.0,1.0623992657803651,53.7748649242138,64.189,3.36510222766569
CHL,1990,10952.655,13437176.0,26.036474227905273,55.758930925981,52.547,21.472611103024
CHL,1991,11607.53,13662491.0,21.7844181060791,55.8038852867552,50.416,5.72133651969467
CHL,1992,12735.602,13884577.0,15.425808906555176,55.8791176467947,51.887,9.30522724057307
CHL,1993,13377.306,14102276.0,12.727763175964355,55.9214375713972,52.349,10.9266135761299
CHL,1994,13846.349,14316256.0,11.44311809539795,55.9070685967897,51.965,5.74606631591614
CHL,1995,14908.035,14527381.0,8.232635498046875,55.8246897424621,53.397,6.38855352000336
CHL,1996,15744.738,14734046.0,7.3591156005859375,55.6581899040762,52.431,13.6749448779555
CHL,1997,16683.906,14932434.0,6.13386869430542,55.3663024529412,52.579,11.9419486829006
CHL,1998,17156.973,15127799.0,5.1102399826049805,54.9486879325149,52.605,19.240628326491
CHL,1999,16896.125,15319313.0,3.3368866443634033,54.4238261246833,50.326,10.2119697724669
CHL,2000,17525.271,15503635.0,3.843269109725952,53.8239099418384,50.044,9.83487325107737
CHL,2001,17870.3,15683849.0,3.5691072940826416,53.1628122502133,49.298,7.30156423972337
CHL,2002,18240.201,15857925.0,2.4893925189971924,52.4079963740217,48.969,4.27461224669902
CHL,2003,18902.871,16024752.0,2.8101766109466553,51.5482417436611,49.657,1.80102821473996
CHL,2004,19961.984,16187322.0,1.0547363758087158,50.6197973954189,49.768,-1.77319533208462
CHL,2005,20918.527,16348778.0,3.052582025527954,49.6636024989372,50.529,-0.413027483221693
CHL,2006,21968.537,16509195.0,3.392011880874634,48.7080013399686,51.743,-3.87220104358339
CHL,2007,22878.883,16671581.0,4.407802104949951,47.848284266754,52.515,3.40902444709341
CHL,2008,23509.781,16838988.0,8.716272354125977,47.1414138519081,53.11,12.9104701991509
CHL,2009,23013.582,17009731.0,0.35303962230682373,46.5631224830338,51.744,3.54597211267264
CHL,2010,24116.77,17181464.0,1.4108119010925293,46.0720549966286,55.209,-3.76879580128202
CHL,2011,25366.27,17351816.0,3.3403189182281494,45.6658086015598,57.091,5.58745776542778
CHL,2012,26670.498,17519119.0,3.006518602371216,45.3921644620775,57.499,9.22337834222408
CHL,2013,27291.357,17687006.0,1.928220272064209,45.2602643872248,57.88,6.84632643680272
CHL,2014,27505.049,17864195.0,4.3949995040893555,45.2518120502398,57.918,2.1210253100164
CHL,2015,27811.375,18047625.0,4.348870277404785,45.3254058695677,58.149,2.1210253100164
CHL,2016,27958.729,18267221.0,3.7866592407226562,45.3579053946093,58.008,2.1210253100164
CHL,2017,27892.994,18558868.0,2.183,45.2413877408172,58.383,2.1210253100164
CHL,2018,28492.662,18893191.0,2.44,45.0787301205063,58.389,2.1210253100164
CHL,2019,28218.535,19197744.0,2.253000020980835,44.9884626222266,58.346,2.1210253100164
CHL,2020,26248.562,19370624.0,3.0454908480430336,45.0108226842024,50.196,2.1210253100164
CHL,2021,29089.85,19456334.0,4.524569,45.0389819118115,52.211,2.1210253100164
CHL,2022,29569.479,19553036.0,11.64387,45.0486913334805,55.177,2.1210253100164
CHL,2023,29563.678,19658835.0,7.582,45.0908347497625,55.976,2.1210253100164
CHL,2024,30182.787,19764771.0,4.29763891572522,45.1405085154006,56.864,2.1210253100164
CHN,1990,1666.9277,1135185000.0,3.0435588359832764,51.8441927552078,68.5805,3.45382567040575
CHN,1991,1798.2761,1150780000.0,3.5823638439178467,51.7499911893015,76.84,1.79286012956736
CHN,1992,2030.3864,1164970000.0,6.3741135597229,51.465824931156,76.38,0.406518064125153
CHN,1993,2286.7598,1178440000.0,14.626211166381836,51.2375248148208,75.663,-3.65038040675863
CHN,1994,2556.6406,1191835000.0,24.256990432739258,50.8753644114418,75.027,-8.00770674360062
CHN,1995,2808.034,1204855000.0,16.791231155395508,50.3466668288526,74.47,-1.38428669988859
CHN,1996,3055.9697,1217550000.0,8.31314754486084,49.647067613935,73.892,3.35584231000161
CHN,1997,3305.7905,1230075000.0,2.7864718437194824,48.6758097133644,73.315,6.86907697641839
CHN,1998,3533.566,1241935000.0,-0.7731868624687195,47.7933222416058,72.808,7.27661176422659
CHN,1999,3774.1377,1252735000.0,-1.401475191116333,47.0320057938311,72.293,7.15697314599555
CHN,2000,4066.0364,1262645000.0,0.34781593084335327,46.1167405203608,71.772,3.67308868578273
CHN,2001,4372.157,1271850000.0,0.719122588634491,44.9693136545846,71.071,3.55921916796861
CHN,2002,4744.3984,1280400000.0,-0.7319748997688293,43.533674132168,70.444,4.6374989735253
CHN,2003,5192.006,1288400000.0,1.127605676651001,42.0909788399502,69.892,2.59864630092319
CHN,2004,5684.169,1296075000.0,3.824636459350586,40.6938368166364,69.652,-1.31805746144017
CHN,2005,6298.323,1303720000.0,1.7764129638671875,39.2449238610193,69.323,1.76511318953532
CHN,2006,7057.1,1311020000.0,1.649437427520752,38.2094413932748,69.079,2.01937450123308
CHN,2007,8013.716,1317885000.0,4.816767692565918,37.7081137948543,68.824,-0.411124456133464
CHN,2008,8743.745,1324655000.0,5.9252471923828125,37.4043264852973,68.337,-2.36108572327859
CHN,2009,9518.433,1331260000.0,-0.7281666398048401,37.2567349884096,67.929,5.39639019800592
CHN,2010,10476.3125,1337705000.0,3.1753313541412354,37.2410832935716,67.746,-1.04598657931298
CHN,2011,11405.018,1345035000.0,5.553896903991699,37.3648666288389,67.636,-1.34800592549109
CHN,2012,12217.8545,1354190000.0,2.619521141052246,37.7155563230657,67.185,3.51038465814056
CHN,2013,13080.829,1363240000.0,2.6210522651672363,38.2392971679035,66.751,3.61884518177429
CHN,2014,13968.581,1371860000.0,1.9216445684432983,38.8789249288739,66.425,4.46024340812095
CHN,2015,14856.78,1379860000.0,1.4370218515396118,39.6093613191235,66.078,4.46024340812095
CHN,2016,15772.765,1387790000.0,2.0,40.4406557797685,65.739,4.46024340812095
CHN,2017,16757.973,1396215000.0,1.558,41.5109449386089,65.295,4.46024340812095
CHN,2018,17806.791,1402760000.0,2.07,42.5408726929072,64.887,4.46024340812095
CHN,2019,18820.514,1407745000.0,2.9030001163482666,43.3873633674887,64.307,4.46024340812095
CHN,2020,19215.154,1411100000.0,2.4194218945774257,44.0923748389161,62.435,4.46024340812095
CHN,2021,20843.297,1412360000.0,0.9,44.4827701882176,64.056,4.46024340812095
CHN,2022,21499.383,1412175000.0,1.9735755573906,44.7256128180315,62.523,4.46024340812095
CHN,2023,22687.076,1410710000.0,0.228,44.7297141014082,62.756,4.46024340812095
CHN,2024,23845.62,1408975000.0,0.218128938439166,44.2441142865473,61.931,4.46024340812095
CIV,1990,5255.51,12189778.0,-0.8497536182403564,100.904763639234,62.465999999999994,2.8375941923826753
CIV,1991,5052.8516,12683870.0,1.636152982711792,100.146466299338,61.231,2.8375941923826753
CIV,1992,4843.2935,13200310.0,4.292828559875488,99.2863301393416,61.109,2.8375941923826753
CIV,1993,4645.4673,13735951.0,2.1499500274658203,98.4196002732468,61.6,2.8375941923826753
CIV,1994,4502.4595,14287201.0,26.155778884887695,97.5252796173148,62.081,2.8375941923826753
CIV,1995,4638.7573,14855565.0,14.230712890625,96.6207011289742,62.643,2.8375941923826753
CIV,1996,4807.4243,15442312.0,2.4341530799865723,95.7616841706005,62.628,2.8375941923826753
CIV,1997,5072.597,16047170.0,4.021447658538818,94.967991058807,62.628,2.8375941923826753
CIV,1998,5093.132,16663948.0,4.697751522064209,94.2918091592364,62.498,2.8375941923826753
CIV,1999,4987.357,17215935.0,0.8056374192237854,93.9889997358783,62.434,2.8375941923826753
CIV,2000,4838.3403,17699004.0,2.4531033039093018,94.0530570943928,62.308,2.8375941923826753
CIV,2001,4609.1445,18178913.0,4.33369779586792,94.1992274296653,62.216,2.8375941923826753
CIV,2002,4368.928,18654771.0,3.094491958618164,94.3405928674512,62.154,2.8375941923826753
CIV,2003,4060.0005,19125542.0,3.323932409286499,94.4757336739062,62.072,2.8375941923826753
CIV,2004,4088.945,19595000.0,1.4427812099456787,94.5771608416815,62.169,2.8375941923826753
CIV,2005,4032.2458,20068458.0,3.882377862930298,94.602228953393,62.239,5.76399145289527
CIV,2006,4049.2603,20546802.0,2.46993350982666,94.5536018470982,62.383,3.33183089135264
CIV,2007,3999.691,21030558.0,1.9048457145690918,94.4338025908473,62.347,1.61328996274159
CIV,2008,4096.7236,21514439.0,6.307584285736084,92.4689494267156,62.421,-0.368943717783127
CIV,2009,4151.0537,21997940.0,0.8166656494140625,89.0720069956318,62.433,3.72473413500344
CIV,2010,4338.6523,22488065.0,1.4382587671279907,86.2473375272542,62.549,3.54338989640227
CIV,2011,4017.4077,22982000.0,4.9054718017578125,83.9825652863118,62.326,-0.428915663486719
CIV,2012,4234.1807,23467078.0,1.3049571514129639,82.1996919688689,62.411,5.46535041885889
CIV,2013,4597.1865,23939775.0,2.58396053314209,80.7590729222478,64.302,2.34335749341271
CIV,2014,4907.5747,24527395.0,0.47088858485221863,80.4412739579991,64.855,0.891700761437536
CIV,2015,5110.8623,25246342.0,1.2498085498809814,80.9740668521161,65.217,0.891700761437536
CIV,2016,5320.8467,25989405.0,0.7053664326667786,81.3061920795773,65.562,0.891700761437536
CIV,2017,5556.114,26733372.0,0.692,81.458213233402,63.958,0.891700761437536
CIV,2018,5670.2,27464173.0,0.43,81.3702001736161,63.541,0.891700761437536
CIV,2019,5894.879,28193009.0,0.8059999942779541,81.1143931066958,63.131,0.891700761437536
CIV,2020,5787.8154,28915449.0,2.4250065682175213,80.7556512847236,63.214,0.891700761437536
CIV,2021,6045.2046,29639736.0,4.09195189692858,80.1393004625197,64.496,0.891700761437536
CIV,2022,6272.264,30395002.0,5.2761672426284,79.1970017771129,65.598,0.891700761437536
CIV,2023,6520.899,31165654.0,4.389,78.0774744464329,65.61,0.891700761437536
CIV,2024,6747.038,31934230.0,3.46637314660163,76.9295481519821,65.583,0.891700761437536
CMR,1990,4517.6187,11331821.0,1.503999948501587,99.222559129089,74.8135,
CMR,1991,4220.653,11667180.0,-0.6019999980926514,99.1518723262906,74.843,
CMR,1992,3974.2776,12006353.0,1.8860000371932983,98.9806477701929,74.784,
CMR,1993,3556.3186,12353131.0,-3.7200000286102295,98.6382657534088,74.691,
CMR,1994,3522.7488,12704903.0,12.66100025177002,98.1446006548725,74.9,
CMR,1995,3526.5437,13058516.0,25.80500030517578,97.5161263926205,75.103,
CMR,1996,3577.592,13414757.0,3.9210000038146973,96.6876983865744,75.508,
CMR,1997,3641.7075,13775214.0,4.7829999923706055,95.6843012772624,75.626,
CMR,1998,3714.132,14144860.0,3.177000045776367,94.7328945868538,75.716,
CMR,1999,3780.0623,14525140.0,1.8320000171661377,93.9339383924881,75.761,
CMR,2000,3822.9443,14912631.0,1.2450000047683716,93.1737998393741,75.776,
CMR,2001,3884.873,15309490.0,4.449999809265137,92.3489796620928,75.796,
CMR,2002,3951.4194,15725528.0,2.816999912261963,91.4731847916586,76.367,
CMR,2003,4054.7812,16160340.0,0.6299999952316284,90.690352993929,76.985,
CMR,2004,4222.9663,16610487.0,0.25,90.065191250209,77.627,
CMR,2005,4199.7227,17074594.0,1.9930000305175781,89.5663529097767,78.167,
CMR,2006,4241.5176,17550407.0,4.906000137329102,89.1418397265385,78.698,
CMR,2007,4302.619,18049896.0,1.125,88.7066421775262,79.223,
CMR,2008,4300.2666,18574056.0,5.3379998207092285,88.2882977861745,77.304,
CMR,2009,4286.577,19113974.0,3.0399999618530273,87.9434422605082,75.254,
CMR,2010,4286.583,19668066.0,1.2790000438690186,87.6499594084791,73.097,
CMR,2011,4307.852,20232304.0,2.940000057220459,87.392383214259,72.237,
CMR,2012,4382.1113,20809529.0,2.381999969482422,87.1152204457813,71.371,
CMR,2013,4473.5723,21402376.0,2.059258460998535,86.7401055522928,70.475,
CMR,2014,4588.4863,22059893.0,1.842247724533081,86.0043368057403,69.551,
CMR,2015,4698.667,22763414.0,2.6859867572784424,85.203228431494,68.65,
CMR,2016,4767.132,23454161.0,0.8693634867668152,84.7287316499248,67.747,
CMR,2017,4797.9756,24128601.0,0.642,84.4529350203384,66.832,
CMR,2018,4851.48,24806383.0,1.07,84.1226674765979,65.919,
CMR,2019,4882.3555,25506095.0,2.4519999027252197,83.5806413466043,65.003,
CMR,2020,4763.482,26210558.0,2.4376088218223555,82.8843122656867,63.358,
CMR,2021,4793.556,26915758.0,2.273371104815898,82.0893650357674,62.718,
CMR,2022,4843.6504,27632771.0,6.24767713343868,81.2295866622104,63.185,
CMR,2023,4875.251,28372687.0,7.386,80.2951604071451,63.188,
CMR,2024,4916.9336,29123744.0,4.508,79.3304617054918,63.168,
COD,1990,2403.9702,36684063.0,81.29499816894531,89.5352235810677,67.857,21.8304014342516
COD,1991,2129.449,37925817.0,2154.43994140625,89.7306288325512,69.84,21.8304014342516
COD,1992,1842.5485,39228910.0,4129.169921875,89.9424220747208,69.781,21.8304014342516
COD,1993,1538.3969,40656336.0,1986.9000244140625,90.0052038826058,69.728,21.8304014342516
COD,1994,1410.0565,42626876.0,23773.099609375,88.7095935203807,69.669,21.8304014342516
COD,1995,1362.1877,44433704.0,541.801025390625,88.3689994976397,69.73,21.8304014342516
COD,1996,1322.5801,45296124.0,617.0,90.843537840876,69.995,21.8304014342516
COD,1997,1228.3907,46029902.0,199.0,93.5010048579661,70.161,21.8304014342516
COD,1998,1176.0505,47297600.0,29.145000457763672,94.4493566297955,70.203,21.8304014342516
COD,1999,1088.6504,48912971.0,284.8999938964844,94.4445930771514,70.174,21.8304014342516
COD,2000,981.42206,50507442.0,550.0,94.6473469294319,70.174,21.8304014342516
COD,2001,930.85785,52132646.0,357.2799987792969,94.8270858165083,70.177,21.8304014342516
COD,2002,929.4528,53750524.0,25.31599998474121,95.0615717200852,70.242,21.8304014342516
COD,2003,953.0446,55343867.0,12.817000389099121,95.3973786875898,70.348,21.8304014342516
COD,2004,987.74695,56997741.0,4.000999927520752,95.6505334279953,70.419,21.8304014342516
COD,2005,1016.6339,58775724.0,21.545000076293945,95.7457601790788,70.442,21.8304014342516
COD,2006,1036.1333,60615908.0,12.845000267028809,95.8995825040623,69.418,26.8521672115927
COD,2007,1091.004,62477752.0,16.672000885009766,96.2053869486565,68.38,21.8304014342516
COD,2008,1136.9468,64390664.0,17.965999603271484,96.5494225889886,67.334,14.8694003808125
COD,2009,1108.5751,66412044.0,46.10100173950195,96.8001418126445,66.255,40.3110300261998
COD,2010,1158.0143,68563038.0,23.464000701904297,96.7562259064296,65.191,16.1974614240562
COD,2011,1205.7399,70849311.0,14.949999809265137,96.5143943131704,64.116,39.5052052139538
COD,2012,1267.2383,73254618.0,0.8569999933242798,96.4314424412382,63.064,22.6407148868129
COD,2013,1342.7416,75789395.0,0.8759999871253967,96.4548749218671,62.839,12.6439880829609
COD,2014,1392.7584,78403242.0,1.2400000095367432,96.4849666899081,62.626,15.1552569123836
COD,2015,1433.2158,81035531.0,0.9589999914169312,96.5278187199625,62.391,15.1552569123836
COD,2016,1388.8016,83956415.0,18.200000762939453,96.1978936055849,62.081,15.1552569123836
COD,2017,1395.7196,87083398.0,35.787,95.7976313008213,61.769,15.1552569123836
COD,2018,1431.7285,90047644.0,29.27,95.9415387412016,61.53,15.1552569123836
COD,2019,1394.7646,92947442.0,4.704999923706055,96.3517973179656,61.335,15.1552569123836
COD,2020,1361.028,95989998.0,11.5,96.6130206079494,60.043,15.1552569123836
COD,2021,1402.3856,99148932.0,8.989,96.7262299524834,60.257,15.1552569123836
COD,2022,1484.3384,102396968.0,8.996,96.7658121576433,61.441,15.1552569123836
COD,2023,1559.338,105789731.0,19.894,96.6825341170883,61.519,15.1552569123836
COD,2024,1602.075,109276265.0,17.653,96.4966566644987,61.564,15.1552569123836
COG,1990,8699.526,2380560.0,0.34299999475479126,90.5866764873066,54.554,
COG,1991,8658.161,2449229.0,9.357999801635742,89.8223168102279,54.969,
COG,1992,8636.637,2519465.0,-3.1619999408721924,89.1313421273095,54.928,
COG,1993,8302.697,2595124.0,-4.099999904632568,88.3647029533727,54.834,
COG,1994,7617.6074,2673144.0,7.497000217437744,87.6955408368681,54.608,
COG,1995,7701.3247,2749461.0,6.300000190734863,87.2199066713061,54.613,
COG,1996,7812.048,2826785.0,7.400000095367432,86.7286456293139,54.711,
COG,1997,7599.0483,2887862.0,12.699999809265137,86.9171182320213,54.839,
COG,1998,7711.6323,2952061.0,2.200000047683716,86.8977389133058,54.837,
COG,1999,7312.3267,3032874.0,3.0,86.0276568926018,54.628,
COG,2000,7570.583,3151345.0,0.5,83.7560154429168,54.686,
COG,2001,7567.439,3272537.0,0.843999981880188,81.8197778850689,54.57,
COG,2002,7729.3887,3350771.0,2.984999895095825,81.6628896719978,54.725,
COG,2003,7577.4565,3445753.0,1.690000057220459,81.1364892022644,54.538,
COG,2004,7577.446,3565554.0,3.6700000762939453,80.0697541937361,54.465,
COG,2005,7876.118,3696393.0,2.4660000801086426,78.9931160851947,54.473,
COG,2006,8192.58,3837409.0,3.7060000896453857,77.9621361893274,54.573,
COG,2007,7375.8247,3980430.0,2.5950000286102295,77.2061445587355,54.299,
COG,2008,7587.288,4113517.0,6.019999980926514,77.0438293137991,54.262,
COG,2009,8138.45,4281219.0,4.339000225067139,76.4501262412903,54.314,
COG,2010,8583.662,4462290.0,0.3919999897480011,75.9979206617281,54.662,
COG,2011,8492.421,4609724.0,1.7599999904632568,76.5415853001405,54.614,
COG,2012,9079.687,4740450.0,5.010000228881836,77.4555224220299,54.641,
COG,2013,8798.494,4857099.0,4.631999969482422,78.6054716070157,54.477,
COG,2014,9159.257,4975880.0,0.9120000004768372,79.5984131722154,54.644,
COG,2015,8977.707,5097581.0,3.1689999103546143,80.4008710063393,54.475,
COG,2016,8001.8257,5222536.0,3.190999984741211,80.9004117814953,54.314,
COG,2017,7372.7705,5351011.0,0.449,81.0610405557625,54.022,
COG,2018,7029.3364,5483118.0,1.15,81.0046582195242,53.945,
COG,2019,6939.369,5616661.0,2.2070000171661377,80.7333447887284,54.159,
COG,2020,6350.5093,5752791.0,2.49399995803833,80.2625856223405,50.469,
COG,2021,6263.2114,5892183.0,1.969,79.6660972740506,51.124,
COG,2022,6205.105,6035104.0,3.04344334698467,78.9109830181274,54.267,
COG,2023,6172.2876,6182885.0,4.31,77.9305853486992,54.373,
COG,2024,6181.4707,6332961.0,3.09143630919163,76.7764848143794,54.349,
COL,1990,9998.811,32440069.0,29.137826919555664,66.0908402325226,58.697500000000005,-5.09823082650427
COL,1991,9996.098,33098372.0,30.348438262939453,65.4255987764101,59.986,15.2865727569671
COL,1992,10196.433,33760571.0,27.030569076538086,64.7890903654239,60.643,11.4580593676428
COL,1993,10533.115,34441473.0,22.44131851196289,64.1816097003728,62.078,8.35840500361894
COL,1994,10927.938,35127410.0,22.847185134887695,63.5808974840773,62.154,14.5466691682475
COL,1995,11279.0,35804662.0,20.897130966186523,62.8876585445745,62.157,19.5413245385255
COL,1996,11303.131,36462745.0,20.797080993652344,62.0928928597323,60.074,20.9582073177271
COL,1997,11483.505,37121149.0,18.462570190429688,61.2392739783547,60.004,14.4388808944533
COL,1998,11343.88,37792165.0,18.68126106262207,60.392519422659,57.935,23.3781484628965
COL,1999,10679.709,38454863.0,10.873396873474121,59.5845301350856,53.948,14.919570901239
COL,2000,10813.494,39089934.0,9.222572326660156,58.8133450075626,53.748,-11.1379559197299
COL,2001,10823.45,39709262.0,7.96969747543335,58.0417440141025,57.463,13.3324808386691
COL,2002,10925.148,40324680.0,6.351929187774658,57.2531377173269,56.952,9.77520490167062
COL,2003,11183.291,40937429.0,7.130736827850342,56.4598488466286,58.52,7.823797977733
COL,2004,11607.938,41543171.0,5.901270389556885,55.627862918277,57.539,7.27050966250741
COL,2005,11999.255,42128977.0,5.051409721374512,54.7328219349991,58.111,9.36261382966903
COL,2006,12636.625,42691084.0,4.292459964752197,53.7823960554323,57.452,6.6972959736936
COL,2007,13318.304,43235374.0,5.545132160186768,52.7988866682066,56.729,9.67644438040683
COL,2008,13591.061,43758808.0,6.998556613922119,51.8190453645652,56.925,8.82101697806746
COL,2009,13586.752,44271541.0,4.201043605804443,50.8541482322295,58.875,8.59454735357291
COL,2010,14037.064,44777319.0,2.271184206008911,49.928044960482,59.598,5.3722240266131
COL,2011,14852.37,45259614.0,3.417591094970703,49.0726865317542,60.569,4.54296484242238
COL,2012,15279.479,45715810.0,3.1673190593719482,48.2742067097504,61.293,8.65535095377731
COL,2013,15912.247,46151584.0,2.0181000232696533,47.4997948976283,61.053,8.90797441037777
COL,2014,16480.363,46565429.0,2.897822618484497,46.8044174276503,61.096,8.44294935194344
COL,2015,16821.38,46969940.0,4.990231990814209,46.1958678527108,61.275,8.44294935194344
COL,2016,17003.244,47437512.0,7.514289855957031,45.5697969538474,60.492,8.44294935194344
COL,2017,16986.033,48131078.0,4.314,44.8394758378985,60.015,8.44294935194344
COL,2018,17104.13,49024465.0,3.24,44.0866022098027,59.131,8.44294935194344
COL,2019,17336.771,49907985.0,3.5209999084472656,43.4989256841647,57.709,8.44294935194344
COL,2020,15861.5,50629997.0,2.5246205349888817,43.1205471111852,53.279,8.44294935194344
COL,2021,17383.09,51188173.0,3.495146,42.8816349346371,55.389,8.44294935194344
COL,2022,18458.72,51737944.0,10.17724,42.7752257754018,56.498,8.44294935194344
COL,2023,18382.998,52321152.0,11.729,42.8026198463432,57.623,8.44294935194344
COL,2024,18477.215,52886363.0,6.60910272417526,42.9603769785689,57.418,8.44294935194344
COM,1990,3114.5618,444596.0,-7.389999866485596,104.16368178395,40.564499999999995,7.55525411289528
COM,1991,2852.1768,455556.0,1.7000000476837158,104.149712298564,39.698,7.55525411289528
COM,1992,2999.1226,465113.0,-1.399999976158142,105.026095849349,39.855,7.55525411289528
COM,1993,3019.8838,473682.0,2.0,106.581013188193,39.928,7.55525411289528
COM,1994,2848.619,482142.0,25.299999237060547,107.749980609967,39.996,7.55525411289528
COM,1995,2957.409,490586.0,3.1500000953674316,108.508440862957,39.991,7.55525411289528
COM,1996,2892.0825,499107.0,2.4000000953674316,108.886442869878,39.967,7.55525411289528
COM,1997,2968.0771,507777.0,1.5,108.788167860462,40.046,7.55525411289528
COM,1998,2918.133,516597.0,1.2000000476837158,108.126923758722,39.981,7.55525411289528
COM,1999,2943.9202,525886.0,1.100000023841858,106.654458573697,39.922,9.44741751952568
COM,2000,2858.857,536080.0,5.900000095367432,104.881637582456,39.883,5.29600704008916
COM,2001,2952.4424,547220.0,5.571000099182129,103.485384292158,39.822,4.28208192777262
COM,2002,3023.5244,558923.0,3.578000068664551,102.356565908902,39.776,7.87646192207169
COM,2003,3023.19,569798.0,3.7130000591278076,101.122449339767,39.63,6.57676442963834
COM,2004,3058.3833,580704.0,4.495999813079834,99.0430097207179,39.485,10.5180344513887
COM,2005,3166.3628,592677.0,3.006999969482422,96.4607842162313,39.796,11.4539156896043
COM,2006,3048.6924,604753.0,3.3889999389648438,94.0210782976949,40.108,4.29441020881614
COM,2007,3012.5474,616927.0,4.486000061035156,91.6285383255834,40.405,5.20294159167107
COM,2008,3070.3696,629307.0,4.815999984741211,89.2220124122005,40.724,7.13147593114977
COM,2009,3107.453,641947.0,4.789000034332275,86.8302876318033,41.068,9.42091628245635
COM,2010,3161.3748,654836.0,3.8989999294281006,84.5596234604436,41.413,8.67957279121723
COM,2011,3227.2166,668056.0,2.2309999465942383,82.4950555634472,41.741,7.23404630371887
COM,2012,3263.163,681630.0,5.909999847412109,80.6829387253083,42.051,5.97432741756207
COM,2013,3337.5986,696192.0,1.5709999799728394,79.5815556369527,42.398,8.59711948415717
COM,2014,3334.5752,711503.0,1.3480000495910645,79.1440901583209,42.696,9.5849292498849
COM,2015,3302.3862,726682.0,2.0,78.8106732808725,44.226,9.5849292498849
COM,2016,3342.7668,741741.0,1.7999999523162842,78.4223591727164,45.726,9.5849292498849
COM,2017,3401.8523,756669.0,0.092,77.5872306569377,47.259,9.5849292498849
COM,2018,3457.587,771590.0,1.75,76.4719336003165,48.769,9.5849292498849
COM,2019,3451.4214,786578.0,3.7009999752044678,75.5037562781275,50.274,9.5849292498849
COM,2020,3377.7456,802163.0,3.0,74.6281198637219,51.082,9.5849292498849
COM,2021,3377.8853,818174.0,-0.176,73.791155104295,52.77,9.5849292498849
COM,2022,3399.2783,834188.0,11.995,72.9324305834843,53.317,9.5849292498849
COM,2023,3434.4019,850387.0,8.482,72.0409311057792,53.298,9.5849292498849
COM,2024,3482.535,866628.0,5.048,71.2139890865842,53.275,9.5849292498849
CPV,1990,1848.7587,375428.0,11.111000061035156,101.632168598344,50.7695,8.84912547410187
CPV,1991,1830.076,384586.0,7.586999893188477,101.068640828981,52.428,8.84912547410187
CPV,1992,1984.6807,393415.0,13.428999900817871,100.375880492414,52.261,8.84912547410187
CPV,1993,2111.6213,401965.0,5.828000068664551,99.5150666845352,52.126,8.84912547410187
CPV,1994,2465.994,410228.0,3.3440001010894775,98.4663689713061,52.101,8.84912547410187
CPV,1995,2763.3972,418104.0,8.40999984741211,97.2086354009933,51.903,8.84912547410187
CPV,1996,3022.8882,425581.0,6.010000228881836,95.7355802177282,51.697,8.84912547410187
CPV,1997,3302.974,432798.0,8.574000358581543,94.0545848297755,51.368,8.84912547410187
CPV,1998,3657.381,439784.0,4.39900016784668,92.1385475055595,51.111,8.84912547410187
CPV,1999,4006.4797,446519.0,4.343999862670898,89.9426155240109,50.871,8.84912547410187
CPV,2000,4510.1357,453317.0,-2.4030001163482666,87.3737248483045,50.668,8.84912547410187
CPV,2001,4540.907,460293.0,3.6740000247955322,84.4561994069087,50.309,8.84912547410187
CPV,2002,4710.241,467046.0,1.9179999828338623,81.4059714362287,49.999,8.84912547410187
CPV,2003,4841.2656,473383.0,1.187999963760376,78.3702721237104,49.638,8.84912547410187
CPV,2004,5268.303,479370.0,-1.8910000324249268,75.3820487397971,49.491,8.84912547410187
CPV,2005,5565.7695,485115.0,0.4339999854564667,72.4718422025655,49.268,8.84912547410187
CPV,2006,5941.3823,490728.0,4.8420000076293945,69.6582481978945,49.07,5.8910574338907
CPV,2007,6767.4067,496190.0,4.394000053405762,66.9240214630536,48.885,-6.76180795696861
CPV,2008,7169.1396,501355.0,6.793000221252441,64.2279219077568,48.644,6.05158979989857
CPV,2009,6994.574,506141.0,0.9900000095367432,61.5592830809008,48.293,8.84912547410187
CPV,2010,7072.1216,509784.0,2.0789999961853027,58.9731595737714,52.812,10.317961028238
CPV,2011,7325.784,511447.0,4.473999977111816,56.6271000618611,52.651,6.87490642579447
CPV,2012,7397.8223,511955.0,2.5429999828338623,54.6836712803918,52.546,9.16067795394889
CPV,2013,7440.6626,512225.0,1.5119999647140503,53.1695458065828,52.404,8.9675724192291
CPV,2014,7491.022,512326.0,-0.24400000274181366,52.0485295994349,52.24,11.0051168391364
CPV,2015,7560.1367,512394.0,0.12700000405311584,51.3482379420652,52.109,11.0051168391364
CPV,2016,7881.303,512554.0,-1.4079999923706055,51.1040488670601,52.02,11.0051168391364
CPV,2017,8234.56,512893.0,0.783,51.2276170341999,51.936,11.0051168391364
CPV,2018,8531.13,513415.0,1.25,51.5437291537531,48.798,11.0051168391364
CPV,2019,9111.63,514104.0,1.1069999933242798,51.9520708887398,50.468,11.0051168391364
CPV,2020,7207.8687,514679.0,0.6057959603800069,52.3882134884024,45.581,11.0051168391364
CPV,2021,7685.4194,516649.0,1.863,51.8097353713792,46.636,11.0051168391364
CPV,2022,8850.106,519741.0,7.957098134043542,50.3832343299258,50.197,11.0051168391364
CPV,2023,9228.461,522331.0,3.717,49.1432552588223,50.335,11.0051168391364
CPV,2024,9848.953,524877.0,1.0,47.9410239354206,50.256,11.0051168391364
CRI,1990,10953.426,3121706.0,19.046133041381836,68.0041353804292,55.488,11.8169670927404
CRI,1991,10920.1,3202176.0,28.7075138092041,67.6249344351371,53.466,-15.7177378730942
CRI,1992,11626.836,3284258.0,21.78889274597168,67.040596741946,53.473,7.29312940485817
CRI,1993,12144.449,3367434.0,9.780985832214355,66.2876172924734,54.307,17.7345585193255
CRI,1994,12385.454,3451122.0,13.535346984863281,65.3672547035282,54.711,15.0041362244295
CRI,1995,12593.226,3535176.0,23.185453414916992,64.3202035517437,55.024,12.7509362918451
CRI,1996,12467.621,3619013.0,17.51173210144043,63.1702343213536,52.522,9.73199502323982
CRI,1997,12856.583,3701711.0,13.248430252075195,61.9105355010563,54.828,6.79872778420192
CRI,1998,13481.06,3782838.0,11.65882682800293,60.5917656133719,56.509,9.41156716936889
CRI,1999,13760.924,3862101.0,10.045122146606445,59.2661002187274,56.168,13.2465087318144
CRI,2000,14018.742,3937739.0,10.962278366088867,57.9546129173559,55.879,14.1690224943206
CRI,2001,14250.463,4008947.0,11.255794525146484,56.6563022284259,56.586,12.8615666821708
CRI,2002,14495.992,4075705.0,9.166413307189941,55.3483163540673,55.938,15.1473285623575
CRI,2003,14891.34,4138784.0,9.448247909545898,54.0472930144337,56.045,13.4978168220013
CRI,2004,15323.289,4200078.0,12.314815521240234,52.8059008177147,55.073,8.88855321100012
CRI,2005,15703.963,4261240.0,13.797791481018066,51.676426660516,57.171,10.3018894838676
CRI,2006,16620.135,4321340.0,11.470756530761719,50.6380436233808,57.053,8.14628403390159
CRI,2007,17743.623,4380248.0,9.357215881347656,49.692600751428,58.629,2.06443515922702
CRI,2008,18334.014,4440056.0,13.424727439880371,48.8949385078367,57.904,3.95222095886411
CRI,2009,17932.615,4499791.0,7.842543601989746,48.2066491884486,55.753,9.13571634156822
CRI,2010,18660.92,4555962.0,5.662693023681641,47.5381073125237,54.968,9.81159318113674
CRI,2011,19254.914,4609833.0,4.878147125244141,46.959674215969,54.85,11.0452738948785
CRI,2012,19960.793,4663934.0,4.495378494262695,46.5299034880831,58.472,12.869664352569
CRI,2013,20232.268,4716147.0,5.231245517730713,46.1478104847582,58.43,10.1329957065898
CRI,2014,20724.922,4767119.0,4.519374370574951,45.8056163276192,58.734,8.18791760563068
CRI,2015,21254.783,4818038.0,0.8019504547119141,45.5365509008516,57.523,8.18791760563068
CRI,2016,21925.6,4866998.0,-0.01755523681640625,45.3393153311988,54.861,8.18791760563068
CRI,2017,22622.553,4913177.0,1.626,45.261749943012,55.223,8.18791760563068
CRI,2018,23005.312,4957818.0,2.22,45.325680055506,56.605,8.18791760563068
CRI,2019,23364.783,4999553.0,2.0969998836517334,45.422348705756,57.318,8.18791760563068
CRI,2020,22211.861,5034320.0,0.7249114781310019,45.3940117878919,50.666,8.18791760563068
CRI,2021,23852.926,5059988.0,1.726478,45.2697789109738,52.416,8.18791760563068
CRI,2022,24831.719,5081765.0,8.27477490232662,45.1414780435559,54.527,8.18791760563068
CRI,2023,25979.629,5105525.0,0.525,45.0322532261748,52.1,8.18791760563068
CRI,2024,26973.436,5129910.0,-0.413459342252335,44.9788533469365,53.686,8.18791760563068
CUW,2000,34307.125,133860.0,0.4469274,55.4649663774781,,
CUW,2001,35339.066,129047.0,1.001112,55.3591851967783,,
CUW,2002,35435.996,129205.0,0.5506608,54.6716944993117,,
CUW,2003,34812.79,131897.0,1.642935,53.4846104613952,,
CUW,2004,34288.74,134192.0,2.155172,52.2936196291168,,
CUW,2005,33651.504,137658.0,3.059072,51.190018561434,,
CUW,2006,33334.855,141239.0,2.354145,50.2526568866289,,
CUW,2007,33490.254,144056.0,2.3,49.474448767834,,
CUW,2008,33795.13,145880.0,4.59433,48.8328436173686,,
CUW,2009,33397.4,146833.0,0.7476636,48.3206561815004,,
CUW,2010,33004.555,148703.0,3.153989,48.0191515199777,,
CUW,2011,32704.355,150831.0,4.586331,47.651584862071,,
CUW,2012,32320.877,152088.0,4.041273,47.4854538401862,,
CUW,2013,31753.385,153822.0,2.479339,47.7622693345885,,
CUW,2014,31128.646,155909.0,1.935484,48.1259797634317,,
CUW,2015,30861.32,157980.0,0.3164557,48.550043254222,,
CUW,2016,30209.79,159664.0,0.0788644,48.9472456737721,,
CUW,2017,29729.102,160175.0,1.58,49.2174690713966,,
CUW,2018,29256.814,159336.0,2.58,45.8475592453935,,
CUW,2019,28659.656,157441.0,2.62,44.1608980698092,,
CUW,2020,23669.771,155482.0,2.62,45.4475720072218,,
CUW,2021,24905.768,153948.0,2.62,45.523636673,,
CUW,2022,26734.646,153321.0,2.62,45.7354688465377,,
CUW,2023,27617.92,154654.0,0.525193508693455,46.0377714825307,,
CUW,2024,28762.059,155967.0,0.525193508693455,46.4341376396582,,
CYM,2006,92213.08,48232.0,0.754717,32.0439115199299,,
CYM,2007,92343.73,49687.0,2.921348,31.601112435439,,
CYM,2008,89380.15,51151.0,4.075691,31.210240098502,,
CYM,2009,80631.84,52618.0,-1.468531,30.91985767958,,
CYM,2010,76294.766,54099.0,0.2737504,30.8287586757273,,
CYM,2011,75094.83,55606.0,1.314459,30.9670733430684,,
CYM,2012,73982.68,57136.0,1.197605,31.1511534488695,,
CYM,2013,72988.7,58655.0,2.169625,31.2163038858191,,
CYM,2014,73051.81,60160.0,1.254826,31.2476820036215,,
CYM,2015,73315.38,61642.0,-2.383222,31.270497039908,,
CYM,2016,73941.86,63100.0,-0.5859375,31.2750951796451,,
CYM,2017,74599.68,64535.0,2.0,31.3154949638824,,
CYM,2018,76124.55,65941.0,3.3,31.3958354089867,,
CYM,2019,77476.84,67327.0,5.7,31.4601476158863,,
CYM,2020,72183.13,68684.0,1.0,31.437538273117,,
CYM,2021,74160.49,70108.0,0.76,31.7695705290856,,
CYM,2022,76818.8,71591.0,8.20128991161718,32.4385822110404,,
CYM,2023,79675.86,73038.0,5.903,33.0406746935281,,
CYP,1990,27666.65,788351.0,4.491911888122559,52.7184567580761,59.3,
CYP,1991,27159.04,798944.0,5.011014461517334,52.5293195646405,58.904,
CYP,1992,28931.936,810341.0,6.491786479949951,52.3930688451586,59.121,
CYP,1993,28439.332,826034.0,4.889408111572266,52.5612990447766,58.899,
CYP,1994,29500.746,844667.0,4.668294429779053,52.6728278021086,59.041,
CYP,1995,31393.377,862695.0,2.627392530441284,52.3155586472829,59.191,
CYP,1996,31282.738,880290.0,2.993594169616699,51.621209641999,58.906,
CYP,1997,31656.96,897568.0,3.614149570465088,50.7174269685373,58.67,
CYP,1998,33182.125,914548.0,2.2315549850463867,49.7006958392057,58.621,
CYP,1999,34452.867,931234.0,1.7425651550292969,48.6304234020276,57.138,
CYP,2000,36121.816,947667.0,4.204160690307617,47.5479465278275,57.484,
CYP,2001,37146.996,964127.0,1.9690529108047485,46.5566015508024,59.409,
CYP,2002,38090.934,981440.0,2.7950055599212646,45.8164578213726,59.77,
CYP,2003,38617.973,999590.0,4.138612270355225,45.1491583704099,60.455,
CYP,2004,40020.09,1017875.0,2.281700611114502,44.323545634102,60.265,
CYP,2005,41362.266,1036151.0,2.561530351638794,43.3855082732175,59.827,
CYP,2006,42595.38,1054418.0,2.5023467540740967,42.4094390563105,60.392,
CYP,2007,43823.94,1072714.0,2.3777711391448975,41.4812391931976,61.304,
CYP,2008,44295.812,1091026.0,4.678836822509766,40.6615706533581,61.286,
CYP,2009,42253.562,1109371.0,0.33537834882736206,39.9857916008929,60.138,
CYP,2010,42102.457,1127816.0,2.4301140308380127,39.4796855753486,60.108,
CYP,2011,41212.86,1146493.0,3.2853260040283203,39.2263750889524,58.759,
CYP,2012,39190.383,1165397.0,2.3815207481384277,39.2271879595769,56.289,
CYP,2013,36650.723,1183895.0,-0.3991768956184387,39.3425836453323,53.707,
CYP,2014,36105.05,1201801.0,-1.3632817268371582,39.5330557690566,54.113,
CYP,2015,37258.652,1219502.0,-2.0984785556793213,39.821643139521,54.519,
CYP,2016,39501.016,1237112.0,-1.4275811910629272,40.2003427063831,55.469,
CYP,2017,41418.16,1254275.0,0.681,40.6130010482004,57.195,
CYP,2018,43510.21,1270737.0,1.43,41.0263211340384,59.82,
CYP,2019,45454.363,1286671.0,0.5559999942779541,41.4645489568307,61.382,
CYP,2020,43402.54,1302247.0,-0.6384227979796395,41.9656883212308,60.636,
CYP,2021,47632.77,1317309.0,0.492,42.5332066668686,61.482,
CYP,2022,50623.797,1331370.0,8.3954829799334,43.0844758452367,63.021,
CYP,2023,51453.727,1344976.0,3.942,43.6311017609808,63.98,
CYP,2024,52635.582,1358282.0,1.80023018624818,44.2758859500322,63.897,
CZE,1990,27918.137,10333355.0,10.024299621582031,51.4682000296388,56.747,3.734435949632355
CZE,1991,24734.77,10308578.0,57.70909881591797,50.4222691856071,59.98,3.734435949632355
CZE,1992,24584.33,10319123.0,11.086504936218262,49.4534780722107,59.805,3.734435949632355
CZE,1993,24573.992,10329855.0,20.813030242919922,48.5043761960124,58.748,-5.73344204281665
CZE,1994,25279.791,10333587.0,10.039421081542969,47.555428311955,59.035,0.691074579532453
CZE,1995,26869.02,10327253.0,8.990532875061035,46.6961642740877,59.04,3.38363954755193
CZE,1996,28021.67,10315241.0,8.75877571105957,46.0014929593971,58.938,2.39677580275877
CZE,1997,27884.74,10304131.0,8.596153259277344,45.3500084988613,58.298,4.47675776383419
CZE,1998,27801.44,10294373.0,10.698363304138184,44.7037588159405,57.119,2.70365496897382
CZE,1999,28213.455,10283860.0,2.1354522705078125,44.0307387375375,55.737,5.40074227528591
CZE,2000,29427.406,10255063.0,3.7753853797912598,43.3124778062693,55.12,5.30935765444498
CZE,2001,30399.873,10216605.0,4.662675857543945,42.5829572656062,55.133,2.15547557271369
CZE,2002,30919.549,10196916.0,1.9029797315597534,41.8905086615567,55.458,3.81700338630022
CZE,2003,31949.297,10193998.0,0.11873986572027206,41.232284481833,54.871,4.47349835914559
CZE,2004,33452.34,10197101.0,2.760115146636963,40.7022236719591,54.314,1.89356535889596
CZE,2005,35535.746,10211216.0,1.8570959568023682,40.3846714345027,54.71,5.65220713144792
CZE,2006,37786.88,10238905.0,2.533986806869507,40.2500196562795,55.04,4.87710352410918
CZE,2007,39629.008,10298828.0,2.8531270027160645,40.3686281575802,55.65,2.15091681482255
CZE,2008,40328.344,10384603.0,6.358667373657227,40.8263492689023,55.843,4.1414575390881
CZE,2009,38175.14,10443936.0,1.0193723440170288,41.5983684904551,54.653,3.25857708536232
CZE,2010,39097.387,10474410.0,1.472733974456787,42.5753401685329,54.095,6.404026181808
CZE,2011,39708.164,10496088.0,1.917218565940857,43.8657197049133,54.354,5.95212889532356
CZE,2012,39347.05,10510785.0,3.2876169681549072,45.474711089563,54.548,4.00947030915855
CZE,2013,39317.555,10514272.0,1.4382973909378052,47.0766511876963,55.135,3.65186851296449
CZE,2014,40158.016,10525347.0,0.3439891040325165,48.5926586211395,55.649,1.88711079614098
CZE,2015,42066.574,10546059.0,0.30936557054519653,50.0836370757165,56.375,1.88711079614098
CZE,2016,43069.465,10566332.0,0.6835052371025085,51.6066775434751,57.457,1.88711079614098
CZE,2017,45177.523,10594438.0,2.451,53.1389365450804,58.335,1.88711079614098
CZE,2018,46301.082,10629928.0,2.15,54.5796531953634,59.017,1.88711079614098
CZE,2019,47763.617,10671870.0,2.8559999465942383,55.9088220310965,58.906,1.88711079614098
CZE,2020,45119.938,10697858.0,3.1612952849774016,56.9779595499788,57.944,1.88711079614098
CZE,2021,47796.035,10505772.0,3.839845,57.7438182636634,57.784,1.88711079614098
CZE,2022,48390.66,10672118.0,15.10017,57.3960588293767,58.533,1.88711079614098
CZE,2023,47558.41,10864042.0,10.661,56.7878159701296,58.875,1.88711079614098
CZE,2024,47963.9,10905028.0,2.43531202435312,56.8447265644664,59.048,1.88711079614098
DEU,1990,42287.652,79433029.0,2.6964664459228516,44.8311985023753,54.8925,
DEU,1991,44125.145,80013896.0,4.047033786773682,45.2646079952826,56.43,
DEU,1992,44672.69,80624598.0,5.05697774887085,45.4946502546562,55.34,
DEU,1993,43948.15,81156363.0,4.474584579467773,45.7542790612997,54.055,
DEU,1994,44933.293,81438348.0,2.6930506229400635,46.0852432578517,53.562,
DEU,1995,45475.688,81678051.0,1.7061643600463867,46.3029082659604,53.501,
DEU,1996,45814.85,81914831.0,1.44972825050354,46.3993024862644,52.893,
DEU,1997,46596.18,82034771.0,1.939362645149231,46.4728155269079,52.49,
DEU,1998,47565.453,82047195.0,0.9111862182617188,46.5512577287444,52.48,
DEU,1999,48547.004,82100243.0,0.5854346752166748,46.8135325768876,53.171,
DEU,2000,49875.875,82211508.0,1.440271019935608,47.3064908238215,53.398,
DEU,2001,50606.71,82349925.0,1.9838509559631348,47.7886305160811,53.398,
DEU,2002,50406.38,82488495.0,1.4208093881607056,48.208752521652,52.888,
DEU,2003,50111.574,82534176.0,1.034225344657898,48.658252887585,52.19,
DEU,2004,50704.92,82516260.0,1.6657299995422363,49.2978926675002,51.294,
DEU,2005,51182.96,82469422.0,1.5469136238098145,50.0417234262092,51.803,
DEU,2006,53222.04,82376451.0,1.5774321556091309,50.8443822110813,52.934,
DEU,2007,54832.96,82266372.0,2.2983360290527344,51.4612503536768,53.907,
DEU,2008,55425.11,82110097.0,2.628387928009033,51.8149987679722,54.651,
DEU,2009,52484.855,81902307.0,0.312738299369812,52.1578637771433,54.545,
DEU,2010,54738.707,81776930.0,1.1038023233413696,52.117530215009,55.134,
DEU,2011,57858.42,80274983.0,2.07517671585083,51.7462351755806,56.282,
DEU,2012,58017.586,80425823.0,2.0084869861602783,51.5805062735217,56.737,
DEU,2013,58089.17,80645605.0,1.5047250986099243,51.6197490623175,57.074,
DEU,2014,59108.7,80982500.0,0.9067987203598022,51.8321732192251,57.371,
DEU,2015,59573.707,81686611.0,0.5144201517105103,52.1224069865761,57.442,
DEU,2016,60407.973,82348669.0,0.4917449951171875,52.5820458594372,57.932,
DEU,2017,61866.49,82657002.0,1.711,53.258253101446,58.366,
DEU,2018,62381.348,82905782.0,1.73,53.8754552465607,58.8,
DEU,2019,62849.375,83092962.0,1.3459999561309814,54.5379868593646,59.368,
DEU,2020,60203.29,83160871.0,0.5066898899535387,55.295066596629,58.131,
DEU,2021,62530.766,83196078.0,3.14297,56.2311272070142,58.224,
DEU,2022,63676.086,83177813.0,6.872574,57.1621227360374,58.926,
DEU,2023,63039.37,83287273.0,6.03,57.9918953896649,59.175,
DEU,2024,62554.555,83516593.0,2.2565142085700938,58.9970399490838,58.849,
DJI,2013,4469.074,984824.0,2.3989999294281006,63.9477004930963,24.258,
DJI,2014,4705.0493,1002717.0,2.936000108718872,62.8930725656184,24.161,
DJI,2015,4961.868,1020313.0,2.1040000915527344,61.7007586503093,24.089,
DJI,2016,5226.5005,1037653.0,2.700000047683716,60.3724419537361,24.004,
DJI,2017,5421.9565,1054841.0,0.568,58.9599887882409,23.861,
DJI,2018,5590.5044,1071882.0,0.15,57.5386578051215,23.704,
DJI,2019,5809.3047,1088709.0,3.319000005722046,56.2039889293652,23.565,
DJI,2020,5791.4775,1105188.0,2.878000020980835,54.9994600484975,22.821,
DJI,2021,5960.108,1121248.0,1.18,53.9382872833362,23.003,
DJI,2022,6180.68,1137096.0,5.17980847967061,53.023749670293,23.437,
DJI,2023,6510.6787,1152944.0,1.447,52.2310906894298,23.49,
DJI,2024,6871.1245,1168722.0,2.114,51.563000494091,23.509,
DMA,1990,11311.552,69627.0,3.194000005722046,72.7631383057913,,7.79842790153701
DMA,1991,11518.765,69296.0,5.556000232696533,73.3136583047795,,3.31217253546117
DMA,1992,11747.611,69325.0,5.25600004196167,72.7811978167136,,6.83638149872111
DMA,1993,11982.859,69433.0,1.5679999589920044,71.9447264802754,,9.0028711387802
DMA,1994,11979.399,69477.0,-0.012000000104308128,71.142477091339,,3.68912795014623
DMA,1995,12343.9,69469.0,1.2929999828338623,70.3740036787247,,10.6334540010122
DMA,1996,12737.897,69410.0,1.7009999752044678,69.6136646873396,,7.90721104601601
DMA,1997,13037.149,69299.0,2.4149999618530273,68.787295710841,,9.58963363711076
DMA,1998,13563.453,69124.0,0.9559999704360962,67.9397473275024,,8.51613161355086
DMA,1999,13661.679,68870.0,1.2359999418258667,67.091248756581,,8.64013416765085
DMA,2000,14054.655,68511.0,0.8479999899864197,66.2226751097848,,13.7079062404088
DMA,2001,14091.549,68288.0,1.555999994277954,65.0385479855959,,-1.87606328340717
DMA,2002,13640.703,68367.0,0.17000000178813934,63.4909247435254,,8.19534765409003
DMA,2003,14398.002,68531.0,1.4529999494552612,61.9237766698958,,18.5678417638766
DMA,2004,14962.246,68649.0,2.3940000534057617,60.478761951516,,6.71856788606732
DMA,2005,15080.5205,68734.0,1.6820000410079956,59.0917507638182,,12.4134750626009
DMA,2006,15727.705,68806.0,2.5929999351501465,57.7070297279333,,7.40224178678915
DMA,2007,16560.518,68847.0,3.23799991607666,56.3083210353048,,7.77213389286797
DMA,2008,17738.041,68854.0,6.360000133514404,54.9718658564033,,8.23446205697451
DMA,2009,17534.033,68864.0,0.006000000052154064,53.8241601143674,,1.25680163386051
DMA,2010,17516.787,68859.0,2.809999942779541,52.9214506207111,,8.4474836589254
DMA,2011,17475.041,69053.0,1.0609999895095825,51.5350347824179,,6.38570124206449
DMA,2012,17431.129,69118.0,1.3580000400543213,50.217334608363,,11.3247132516391
DMA,2013,17282.637,69715.0,-0.04600000008940697,48.3929331630481,,4.08417188443742
DMA,2014,17520.855,70373.0,0.8069999814033508,46.6266616660416,,6.23440578845497
DMA,2015,16920.912,70410.0,-0.7940000295639038,45.6066339930103,,6.23440578845497
DMA,2016,17364.078,69606.0,0.026000000536441803,45.5958332461773,,6.23440578845497
DMA,2017,16314.2295,68496.0,0.2962503,46.0198686791166,,6.23440578845497
DMA,2018,16877.125,68174.0,0.99,45.5869477011126,,6.23440578845497
DMA,2019,17619.434,67880.0,1.6069999933242798,45.2600042799058,,6.23440578845497
DMA,2020,14919.531,67573.0,-0.295,44.993991932023,,6.23440578845497
DMA,2021,15808.975,67202.0,1.571,44.7922950960958,,6.23440578845497
DMA,2022,17550.8,66826.0,7.475,44.6710398129506,,6.23440578845497
DMA,2023,18278.225,66510.0,4.208,44.6215399334624,,6.23440578845497
DMA,2024,18739.363,66205.0,1.892,44.5713412237411,,6.23440578845497
DNK,1990,46200.477,5140939.0,2.6416006088256836,48.4724999155248,60.688,
DNK,1991,46752.67,5154298.0,2.395153284072876,48.242092847547,61.094,
DNK,1992,47540.926,5171370.0,2.096041679382324,48.2224042585025,61.02,
DNK,1993,47345.414,5188628.0,1.2578623294830322,48.2269483285349,59.316,
DNK,1994,49684.137,5206180.0,1.9920074939727783,48.274608927211,59.322,
DNK,1995,50927.547,5233373.0,2.0836098194122314,48.4245234403561,60.688,
DNK,1996,52106.562,5263074.0,2.126300096511841,48.6550342864858,60.919,
DNK,1997,53534.613,5284991.0,2.1821694374084473,48.9521613319531,62.147,
DNK,1998,54581.414,5304219.0,1.8456493616104126,49.2777047305345,62.024,
DNK,1999,56015.355,5321799.0,2.497789144515991,49.6185313604979,62.693,
DNK,2000,57907.504,5339616.0,2.90328311920166,49.9644440749674,62.814,
DNK,2001,58248.555,5358783.0,2.3378751277923584,50.2895412885204,62.697,
DNK,2002,58327.83,5375931.0,2.424431324005127,50.5748864931784,63.164,
DNK,2003,58425.965,5390574.0,2.075077533721924,50.8398000060441,62.218,
DNK,2004,59893.094,5404523.0,1.154365062713623,51.048390905887,62.695,
DNK,2005,61137.68,5419432.0,1.8178144693374634,51.1905549022808,62.748,
DNK,2006,63262.742,5437272.0,1.9242146015167236,51.3208674034087,63.756,
DNK,2007,63604.562,5461438.0,1.693271279335022,51.4818852036146,63.381,
DNK,2008,62968.16,5493621.0,3.4162662029266357,51.7491441768809,62.807,
DNK,2009,59516.508,5523095.0,1.3047047853469849,52.189026376222,60.372,
DNK,2010,60190.633,5547683.0,2.3109288215637207,52.7875119113848,58.677,
DNK,2011,60729.055,5570572.0,2.758678913116455,53.5176310780321,58.26,
DNK,2012,60497.69,5591572.0,2.3979179859161377,54.2369295459648,57.551,
DNK,2013,61085.03,5614932.0,0.7890733480453491,54.7576779617712,56.95,
DNK,2014,61552.8,5643475.0,0.5640215277671814,55.0994237645787,57.089,
DNK,2015,62405.715,5683483.0,0.45203107595443726,55.326865164618,57.558,
DNK,2016,63823.45,5728010.0,0.25,55.5631659221664,58.046,
DNK,2017,65352.4,5764980.0,1.058,55.8898162089196,58.221,
DNK,2018,66238.7,5793636.0,0.81,56.2314625278458,58.73,
DNK,2019,67131.47,5814422.0,0.7289999723434448,56.5999643406769,59.311,
DNK,2020,65744.44,5831404.0,0.4207119741100269,57.0037647599834,58.637,
DNK,2021,69715.18,5856733.0,1.853045,57.2872684694072,59.493,
DNK,2022,69475.32,5903037.0,7.696567,57.3242885538036,60.688,
DNK,2023,69379.22,5946952.0,3.353,57.3988511670291,60.505,
DNK,2024,71431.29,5976992.0,1.372257766728127,57.6353557296981,61.56,
DOM,1990,7327.7266,7151166.0,50.31124496459961,74.1469711769222,54.5945,13.1266601918273
DOM,1991,7246.2466,7299853.0,47.42080307006836,73.2956680670663,53.041,-33.356799609324
DOM,1992,7900.768,7447474.0,4.248194217681885,72.473283627197,53.462,21.5886662760323
DOM,1993,8318.492,7594572.0,5.223846435546875,71.677591432229,53.846,23.7264089986612
DOM,1994,8372.071,7741694.0,8.239725112915039,70.8771984037293,53.891,16.8300135629979
DOM,1995,8685.017,7888115.0,12.514532089233398,70.0502684375092,53.934,19.1953097355511
DOM,1996,9036.884,8032894.0,5.404505729675293,69.2239485879422,54.051,19.3354510903365
DOM,1997,9671.148,8174078.0,8.291335105895996,68.3608597485445,54.387,10.5720111752171
DOM,1998,10150.446,8310362.0,4.831780433654785,67.3937267350984,54.572,17.9594395634087
DOM,1999,10582.077,8446208.0,6.483531475067139,66.4178538376345,54.716,20.4463313517472
DOM,2000,10896.318,8584190.0,7.768033504486084,65.5791166635547,54.751,18.2628978210493
DOM,2001,10991.137,8720283.0,8.900650978088379,64.8376581336333,53.117,17.195792402843
DOM,2002,11313.069,8852235.0,5.2374444007873535,64.0795783274672,53.665,17.8861180806125
DOM,2003,11000.868,8980620.0,27.455583572387695,63.2296000260277,52.704,-1.55455787609965
DOM,2004,11131.2705,9104892.0,51.302181243896484,62.2330984712135,53.27,-8.62150554794135
DOM,2005,12022.508,9225034.0,4.153756141662598,61.125168394848,52.893,17.3300499524692
DOM,2006,12961.918,9341183.0,7.560687065124512,59.9702260158107,54.065,12.0312823228441
DOM,2007,13754.921,9455658.0,6.172006130218506,58.8311712744378,54.259,7.61220320142881
DOM,2008,14030.141,9573130.0,10.668814659118652,57.7854075300831,54.842,8.78614560242396
DOM,2009,13992.41,9695265.0,1.4766550064086914,56.8703034237245,52.438,14.2220380608105
DOM,2010,14975.001,9820175.0,6.336679935455322,56.084798628767,53.751,6.44271446721705
DOM,2011,15258.086,9945621.0,8.44694995880127,55.4060101572464,54.617,7.02414672142881
DOM,2012,15487.277,10070411.0,3.6774840354919434,54.8655715590451,55.436,10.0058845221437
DOM,2013,16054.768,10193833.0,4.815150737762451,54.4757716527618,54.912,8.56630415564352
DOM,2014,16993.588,10315528.0,3.0050182342529297,54.1088178150535,55.529,9.29486724502935
DOM,2015,17973.188,10434829.0,0.8467212319374084,53.6903366896845,57.291,9.29486724502935
DOM,2016,18968.975,10551430.0,1.625396728515625,53.2984780323269,57.902,9.29486724502935
DOM,2017,19501.875,10666843.0,3.28,53.0040997727066,58.73,9.29486724502935
DOM,2018,20662.848,10782053.0,3.56,52.8255002735594,60.033,9.29486724502935
DOM,2019,21451.287,10894043.0,1.8109999895095825,52.7342819533255,61.045,9.29486724502935
DOM,2020,19545.41,11008300.0,3.781031794578313,52.6544058344344,56.667,9.29486724502935
DOM,2021,22053.459,11123476.0,8.24292075447792,52.5919772127359,58.309,9.29486724502935
DOM,2022,22986.959,11230734.0,8.81109209279581,52.6230488664845,59.744,9.29486724502935
DOM,2023,23282.49,11331265.0,4.786,52.6597760530361,60.711,9.29486724502935
DOM,2024,24229.889,11427557.0,3.30223338951223,52.5742155868587,61.214,9.29486724502935
DZA,1990,11728.546,25375810.0,9.272000312805176,82.534308161307,36.501999999999995,-0.4231420387889095
DZA,1991,11314.864,25987928.0,25.899999618530273,80.6968152410969,36.384,-0.4231420387889095
DZA,1992,11241.415,26628568.0,31.700000762939453,79.5325282499141,34.633,-0.4231420387889095
DZA,1993,10743.706,27277048.0,20.5,78.4842832750045,33.778,-0.4231420387889095
DZA,1994,10414.035,27887279.0,29.0,76.8862310164136,33.067,-0.4231420387889095
DZA,1995,10588.443,28470191.0,29.799999237060547,74.9374880718258,31.082,-7.90216593784418
DZA,1996,10808.879,29033044.0,18.700000762939453,72.7169809928918,32.599,-4.04920735792248
DZA,1997,10725.968,29579301.0,5.699999809265137,70.3063514024697,33.601,8.13664537995793
DZA,1998,11094.888,30054133.0,4.949999809265137,67.4786060875367,32.712,15.1040086059725
DZA,1999,11292.037,30474354.0,2.5999999046325684,64.3969817854533,31.778,-0.095922627849907
DZA,2000,11558.221,30903893.0,0.30000001192092896,61.5210892529932,31.094,-10.3343779975902
DZA,2001,11742.595,31331221.0,4.199999809265137,58.8828884016715,32.043,1.37540693520959
DZA,2002,12213.126,31750835.0,1.4299999475479126,56.4553453201421,32.504,7.11282850261404
DZA,2003,12835.182,32175818.0,4.258999824523926,54.2887316848827,33.304,-0.750361449727912
DZA,2004,13226.765,32628286.0,3.9719998836517334,52.4454102994315,35.821,-3.09251853802661
DZA,2005,13738.496,33109249.0,1.3819999694824219,50.9431035080137,36.729,-3.88174750068618
DZA,2006,13920.694,33623506.0,2.309999942779541,49.7732743971787,37.94,-2.51051997823398
DZA,2007,14114.675,34189416.0,3.9313154220581055,48.8888214375346,37.223,0.844558436606999
DZA,2008,14206.776,34816961.0,4.380228519439697,48.2690504778389,38.26,-6.18312466469342
DZA,2009,14104.428,35490445.0,9.36279296875,47.9151888531111,38.779,16.5976144696892
DZA,2010,14496.421,36188236.0,4.206700325012207,47.8236351565994,39.174,-6.53956357149489
DZA,2011,14641.964,36903376.0,5.739104747772217,47.9979968759639,39.006,-7.62022648935877
DZA,2012,14697.54,37646166.0,9.698162078857422,48.4954283600483,38.38,-0.0022652614397832
DZA,2013,14778.191,38414171.0,4.101907730102539,49.4268366050018,38.663,7.04435828748252
DZA,2014,15073.763,39205031.0,3.8766555786132812,50.6955957906435,38.255,6.45599979815453
DZA,2015,15239.518,40019529.0,4.391666412353516,52.0627486223853,37.701,6.45599979815453
DZA,2016,15511.686,40850721.0,5.800303936004639,53.4355011716106,38.015,6.45599979815453
DZA,2017,15427.664,41689299.0,5.591,54.8295659548088,37.246,6.45599979815453
DZA,2018,15343.426,42505035.0,3.51,56.150085883397,37.16,6.45599979815453
DZA,2019,15199.199,43294546.0,1.9520000219345093,57.267808691031,37.011,6.45599979815453
DZA,2020,14194.155,44042091.0,2.415130940833852,58.0691549149887,32.686,6.45599979815453
DZA,2021,14496.865,44761099.0,7.22606307415476,58.5563473141813,33.177,6.45599979815453
DZA,2022,14782.2,45477389.0,9.26551551551551,58.8011272175164,36.62,6.45599979815453
DZA,2023,15159.324,46164219.0,9.32,58.7709984775404,36.673,6.45599979815453
DZA,2024,15501.92,46814308.0,4.04611455313438,58.5067834220209,36.363,6.45599979815453
ECU,1990,9104.816,10473673.0,48.507789611816406,73.6272467684249,61.6125,
ECU,1991,9292.618,10702380.0,48.61469650268555,72.8439524206661,60.471,
ECU,1992,9291.371,10930128.0,54.68058395385742,72.1490260622359,60.494,
ECU,1993,9284.315,11154274.0,44.95404052734375,71.4942743628815,60.442,
ECU,1994,9494.175,11372197.0,27.365249633789062,70.8770579606031,60.665,
ECU,1995,9525.177,11590514.0,22.93229103088379,70.264784543051,60.699,
ECU,1996,9509.275,11810950.0,24.485958099365234,69.6695473692633,60.673,
ECU,1997,9739.267,12031127.0,30.68470001220703,69.0707977721844,61.408,
ECU,1998,9876.751,12251184.0,36.172210693359375,68.4144194449955,63.466,
ECU,1999,9242.967,12470795.0,52.20793151855469,67.6845740686334,61.905,
ECU,2000,9183.052,12689206.0,96.0446548461914,66.9348710719178,60.403,
ECU,2001,9405.117,12910740.0,37.43846130371094,66.2009487458404,61.358,
ECU,2002,9697.556,13138472.0,12.423778533935547,65.4745237834949,61.589,
ECU,2003,9802.814,13372306.0,7.913445949554443,64.7316316792424,61.636,
ECU,2004,10290.663,13608701.0,2.7532877922058105,63.9446288913912,64.093,
ECU,2005,10660.205,13846163.0,2.201746940612793,63.1110273929274,64.446,
ECU,2006,10933.49,14086131.0,3.3158299922943115,62.2389599111299,65.536,
ECU,2007,10952.822,14328773.0,2.2890868186950684,61.3572216524124,64.669,
ECU,2008,11474.525,14575202.0,8.40422248840332,60.5461378972526,63.943,
ECU,2009,11403.527,14825954.0,5.155420780181885,59.8443555770608,61.063,
ECU,2010,11665.698,15076695.0,3.5510714054107666,59.1736758555771,60.122,
ECU,2011,12449.078,15326227.0,4.471794605255127,58.4860330435279,59.643,
ECU,2012,12961.026,15572194.0,5.099170207977295,57.7889537361529,60.431,
ECU,2013,13689.152,15807128.0,2.7213985919952393,57.0580201827907,60.342,
ECU,2014,14064.799,16035124.0,3.594219207763672,56.2912618898864,60.44,
ECU,2015,13881.57,16266225.0,3.9691102504730225,55.4920102822515,63.284,
ECU,2016,13586.516,16505139.0,1.7300132513046265,54.6259320805851,64.558,
ECU,2017,14179.153,16759519.0,0.417,53.74041651825,65.539,
ECU,2018,14083.507,17049547.0,-0.22,52.8957612402445,64.307,
ECU,2019,13870.489,17340021.0,0.26600000262260437,52.1307937287794,63.656,
ECU,2020,12440.326,17546065.0,-0.33887239256181667,51.4133224072679,56.361,
ECU,2021,13507.444,17682454.0,0.13317004149676373,50.70912096615,62.728,
ECU,2022,14186.639,17823897.0,3.46616972213077,50.0761078196638,63.388,
ECU,2023,14343.019,17980083.0,2.216,49.4714073657307,62.225,
ECU,2024,13935.539,18135478.0,1.54732515615369,48.8091845545471,62.311,
EGY,1990,8006.6216,58396618.0,16.827850341796875,81.2411248003672,42.054,1.06753529927353
EGY,1991,7876.5527,60028997.0,19.78476905822754,80.3134141604295,42.338,3.20463879554998
EGY,1992,8034.5625,61480660.0,13.579818725585938,79.489401334525,42.981,1.67092489009465
EGY,1993,8079.0547,62915681.0,12.077886581420898,78.4736983567634,42.66,9.10124138379186
EGY,1994,8221.047,64285589.0,8.089034080505371,77.3905241296368,43.537,7.43541940070965
EGY,1995,8423.578,65652622.0,15.695626258850098,76.1905895439825,42.63,4.55215763100247
EGY,1996,8662.331,67028048.0,7.293247699737549,74.9536677717633,43.024,7.91322048801275
EGY,1997,8950.654,68431740.0,4.470970630645752,73.7084755472382,42.735,3.56345275833192
EGY,1998,9245.479,69943294.0,3.950427770614624,72.3313108313012,42.306,10.3918989204566
EGY,1999,9588.859,71520954.0,3.0923948287963867,70.8695500519028,43.742,11.9358224030606
EGY,2000,9981.628,73083284.0,2.710516929626465,69.3934549848784,42.072,8.919600974251
EGY,2001,10117.333,74652029.0,2.2695302963256836,67.9402422543577,40.769,11.2145133756356
EGY,2002,10143.506,76239137.0,2.735250234603882,66.5601461970724,38.867,10.3000319439949
EGY,2003,10250.377,77853548.0,4.470860958099365,65.2038092373218,39.315,6.32702594810347
EGY,2004,10451.821,79477443.0,11.28386402130127,63.9117037732315,40.421,1.52690342883876
EGY,2005,10700.609,81101004.0,4.853811264038086,62.7803568410348,40.935,6.52364099171319
EGY,2006,11211.832,82700403.0,7.60988712310791,61.8838704393503,42.043,4.88079671789458
EGY,2007,11782.006,84276225.0,9.484297752380371,61.265715476536,43.712,-0.0776285947232149
EGY,2008,12391.585,85864789.0,18.316429138183594,60.9075568307342,43.501,0.107853154662391
EGY,2009,12728.081,87501636.0,11.884119033813477,60.7595365780542,43.549,0.710036320068467
EGY,2010,13128.988,89196072.0,11.06218147277832,60.8163918784867,45.045,0.818721618124323
EGY,2011,13082.427,91093059.0,10.079302787780762,60.9062133572649,43.005,-0.563878053386473
EGY,2012,13076.806,93161001.0,7.124841690063477,61.0406937301322,42.385,-6.26271950249128
EGY,2013,13058.075,95333553.0,9.46872615814209,61.261463210988,42.065,3.29215715258349
EGY,2014,13136.365,97528654.0,10.062668800354004,61.5419614141439,41.811,0.414129139027758
EGY,2015,13425.912,99597342.0,10.348289489746094,61.9778656218534,40.846,0.414129139027758
EGY,2016,13727.32,101644589.0,13.808801651000977,62.3353502105713,40.825,0.414129139027758
EGY,2017,14018.36,103696057.0,23.537,62.5250399173232,39.661,0.414129139027758
EGY,2018,14488.209,105682094.0,14.4,62.4836024422364,39.032,0.414129139027758
EGY,2019,15026.568,107553158.0,13.875,62.1682059377755,38.885,0.414129139027758
EGY,2020,15309.236,109315124.0,5.7,61.7215527133255,38.297,0.414129139027758
EGY,2021,15579.016,110957008.0,5.206324720401053,61.1155654480444,39.788,0.414129139027758
EGY,2022,16360.391,112618250.0,13.8956609775178,60.4614725337186,40.033,0.414129139027758
EGY,2023,16691.387,114535772.0,24.392,59.7566710357047,41.653,0.414129139027758
EGY,2024,16798.152,116538258.0,33.302,59.0101954565221,41.556,0.414129139027758
ESP,1990,31773.227,38867322.0,6.721816062927246,50.0017482756329,47.221000000000004,
ESP,1991,32499.348,38966376.0,5.934214115142822,49.1087370118976,41.814,
ESP,1992,32641.082,39157685.0,5.924532890319824,48.2956748236508,40.984,
ESP,1993,32137.314,39361262.0,4.569071292877197,47.5721965199723,38.823,
ESP,1994,32746.93,39549108.0,4.718413352966309,46.9278531933622,38.128,
ESP,1995,33501.73,39724050.0,4.673804759979248,46.372558076106,38.752,
ESP,1996,34232.38,39889852.0,3.558846950531006,45.9755642805361,39.252,
ESP,1997,35312.086,40057389.0,1.9710742235183716,45.7646000804341,40.377,
ESP,1998,36679.094,40223509.0,1.8343361616134644,45.6744280848841,41.674,
ESP,1999,38141.316,40386875.0,2.310335397720337,45.641773652292,43.76,
ESP,2000,39945.9,40567864.0,3.433526039123535,45.6955141735045,45.599,
ESP,2001,41224.293,40850412.0,3.5898280143737793,45.9226479881846,46.703,
ESP,2002,41766.04,41431558.0,3.0657639503479004,45.9697413251327,47.68,
ESP,2003,42223.13,42187645.0,3.0392396450042725,45.6859025843891,48.634,
ESP,2004,42793.39,42921895.0,3.0391979217529297,45.2206844125812,49.55,
ESP,2005,43570.766,43653155.0,3.3684585094451904,45.0360312903004,51.679,
ESP,2006,44572.68,44397319.0,3.515373945236206,45.0937823233074,52.947,
ESP,2007,45301.285,45226803.0,2.787031888961792,44.9846416971974,53.533,
ESP,2008,44926.348,45954106.0,4.075654029846191,45.1988178744217,52.435,
ESP,2009,42852.223,46362946.0,-0.28799358010292053,45.8498278241454,48.67,
ESP,2010,42695.527,46576897.0,1.7998849153518677,46.6577070829496,47.569,
ESP,2011,42271.836,46742697.0,3.196138858795166,47.4440422369686,46.673,
ESP,2012,41034.047,46773055.0,2.4460043907165527,48.1844300113021,44.678,
ESP,2013,40594.914,46604197.0,1.4085477590560913,49.0823130564992,43.701,
ESP,2014,41339.41,46460733.0,-0.15087510645389557,49.9405636720981,44.378,
ESP,2015,43053.76,46422303.0,-0.500458300113678,50.463152001926,45.693,
ESP,2016,44274.668,46458139.0,-0.20267486572265625,50.7968795026243,46.873,
ESP,2017,45446.25,46571232.0,1.956,51.0879864250854,48.049,
ESP,2018,46325.21,46782011.0,1.68,51.21278722932,48.842,
ESP,2019,46896.418,47118501.0,0.699999988079071,51.1273134809275,49.499,
ESP,2020,41553.45,47359424.0,-0.3226710328111976,50.9641870731648,47.641,
ESP,2021,44251.664,47443821.0,3.093135,50.8789437442103,48.73,
ESP,2022,46733.48,47786102.0,8.390576,51.0206958838906,50.068,
ESP,2023,47322.594,48352528.0,3.4,51.3142228402432,50.574,
ESP,2024,48460.293,48848840.0,2.774142959884931,51.6695519755033,51.249,
EST,1990,19163.229,1569174.0,4.049101114273071,51.2280495479563,56.754,
EST,1991,17718.955,1561314.0,202.0,51.364038251239,65.795,
EST,1992,14225.231,1533091.0,1075.9000244140625,51.572983052121,62.296,
EST,1993,13758.295,1494128.0,89.57302856445312,51.8091067500495,59.03,
EST,1994,13824.843,1462514.0,47.67662048339844,51.9381407312908,58.296,
EST,1995,14710.969,1436634.0,28.742393493652344,52.0036904936988,55.869,
EST,1996,15667.591,1415594.0,23.018144607543945,51.9303709841179,55.143,
EST,1997,17915.453,1399535.0,10.578897476196289,51.6917077273584,55.115,
EST,1998,18873.375,1386156.0,8.195136070251465,51.0915854885457,54.499,
EST,1999,18737.898,1390244.0,3.296107053756714,49.6332476232401,52.155,
EST,2000,20528.57,1396985.0,4.018487930297852,48.421687860633,51.036,
EST,2001,21874.695,1388115.0,5.748281478881836,48.0163401619941,50.374,
EST,2002,23539.906,1379350.0,3.571913003921509,47.6967192664794,51.247,
EST,2003,25487.533,1370720.0,1.3349969387054443,47.3627853923005,52.118,
EST,2004,27384.084,1362550.0,3.0481016635894775,47.056334851152,52.889,
EST,2005,30164.006,1354775.0,4.079714298248291,46.9051008933964,53.9,
EST,2006,33304.594,1346810.0,4.437619686126709,47.1420674043386,56.919,
EST,2007,35989.863,1340680.0,6.601335525512695,47.5473865973765,57.735,
EST,2008,34236.95,1337090.0,10.36235237121582,47.7747962016587,57.821,
EST,2009,29284.404,1334515.0,-0.07840658724308014,48.0785512099696,52.528,
EST,2010,30070.299,1331475.0,2.972041130065918,48.5361413122296,50.399,
EST,2011,32456.121,1327439.0,4.981902599334717,49.2637674640879,53.703,
EST,2012,33768.574,1322696.0,3.9334025382995605,50.2723815864367,55.117,
EST,2013,34484.223,1317997.0,2.7805678844451904,51.3710712915726,55.984,
EST,2014,35723.625,1314545.0,-0.10618039220571518,52.5479096603793,56.589,
EST,2015,36356.44,1315407.0,-0.49232280254364014,53.6171783124623,57.854,
EST,2016,37470.043,1315790.0,0.148681640625,54.6487232979755,58.328,
EST,2017,39533.465,1317384.0,3.651,55.6249645604551,59.571,
EST,2018,40853.65,1321977.0,3.44,56.3461436115168,60.062,
EST,2019,42218.96,1326898.0,2.2679998874664307,57.0635499327664,60.31,
EST,2020,40920.527,1329522.0,-0.44453109767990445,57.8244931778738,58.654,
EST,2021,44251.54,1330932.0,4.653167,58.2662361985623,59.283,
EST,2022,43128.633,1348840.0,19.39826,58.3861937450535,61.486,
EST,2023,41288.617,1370286.0,9.116,58.4343478723355,61.42,
EST,2024,41189.668,1372341.0,3.5205938137234787,58.5663479181206,60.475,
ETH,1990,874.3469,47609755.0,5.205999851226807,95.886756053368,79.261,2.6421894741989
ETH,1991,777.52356,49717198.0,20.868999481201172,95.8232624599868,79.115,-10.9874192656981
ETH,1992,680.8348,51853747.0,21.018999099731445,95.8926378892905,79.008,-6.51958860146293
ETH,1993,743.7085,53708891.0,9.989999771118164,96.4787220417645,79.17,0.549614539176999
ETH,1994,741.17664,55611508.0,1.1660000085830688,97.0730362422405,79.323,11.0775593051684
ETH,1995,760.26434,57537335.0,13.354000091552734,97.6212396687544,79.43,2.10898846052289
ETH,1996,826.99164,59467635.0,0.9190000295639038,98.243007722384,79.368,13.6448984893843
ETH,1997,826.0052,61404539.0,-6.420000076293945,99.0924680813357,79.32,10.2721165510033
ETH,1998,772.7866,63363524.0,3.5999999046325684,100.047919167455,79.154,10.6661618519202
ETH,1999,787.67957,65374561.0,7.940999984741211,100.869433256194,78.999,8.17718734419374
ETH,2000,810.27075,67411494.0,0.6620000004768372,101.46430009787,79.202,3.83114861098858
ETH,2001,851.3134,69487762.0,-8.23799991607666,101.754115332976,79.491,17.6354832066922
ETH,2002,838.29803,71635517.0,1.6540000438690186,101.674390682263,79.575,12.7439479028674
ETH,2003,795.77216,73832663.0,17.761999130249023,101.340739685498,79.599,-5.11490798514707
ETH,2004,877.1145,76077206.0,3.2209999561309814,100.865326232135,79.768,2.97237710473646
ETH,2005,952.11566,78367470.0,11.656000137329102,100.274720261847,79.971,-2.61706349192245
ETH,2006,1024.7291,80703490.0,13.557999610900879,99.5005779580924,80.008,-4.08090892794825
ETH,2007,1109.1433,83103217.0,17.2450008392334,98.4515480078218,79.914,-8.29255368104718
ETH,2008,1193.7473,85543668.0,44.37099838256836,97.173034670864,79.828,-17.1217762401546
ETH,2009,1262.464,88007636.0,8.479000091552734,95.6889158629572,79.733,-17.1217762401546
ETH,2010,1381.1904,90538514.0,8.133999824523926,93.9987555506378,79.663,-17.1217762401546
ETH,2011,1492.5339,93149970.0,33.231998443603516,92.165961714092,79.587,-17.1217762401546
ETH,2012,1576.7688,95798767.0,24.131999969482422,90.2361319500354,79.505,-17.1217762401546
ETH,2013,1696.8651,98438751.0,8.146427154541016,88.2761548188989,79.409,-17.1217762401546
ETH,2014,1821.3916,101115610.0,7.4145708084106445,86.3346598583257,77.728,-17.1217762401546
ETH,2015,1957.4146,103867135.0,10.084026336669922,84.4571795095968,76.079,-17.1217762401546
ETH,2016,2084.8406,106718162.0,7.2791748046875,82.662242576724,74.416,-17.1217762401546
ETH,2017,2222.8281,109666481.0,10.687,80.9854260551296,72.766,-17.1217762401546
ETH,2018,2311.165,112664152.0,13.84,79.5179195732953,71.104,-17.1217762401546
ETH,2019,2437.9705,115737383.0,15.8100004196167,78.2497670217938,69.478,-17.1217762401546
ETH,2020,2516.549,118917671.0,20.354,77.0532101922889,66.617,-17.1217762401546
ETH,2021,2588.413,122138588.0,26.84347323835196,75.927506543307,65.567,-17.1217762401546
ETH,2022,2655.5928,125384287.0,34.0037595969234,74.9175852176508,66.153,-17.1217762401546
ETH,2023,2757.9592,128691692.0,30.219,74.0248657156642,66.149,-17.1217762401546
ETH,2024,2892.2222,132059767.0,21.746,73.2798951679715,66.168,-17.1217762401546
FIN,1990,38807.117,4986431.0,6.14956521987915,48.5924865068467,54.9105,
FIN,1991,36326.082,5013740.0,4.310207366943359,48.7791112079152,59.289,
FIN,1992,34926.383,5041992.0,2.919325351715088,48.9515472432989,54.877,
FIN,1993,34486.754,5066447.0,2.190653085708618,49.1799653612657,51.35,
FIN,1994,35699.72,5088333.0,1.0885636806488037,49.4863944848771,50.573,
FIN,1995,37069.63,5107790.0,0.791237473487854,49.8031333833284,49.561,
FIN,1996,38301.51,5124573.0,0.6291998028755188,49.9917461079387,50.01,
FIN,1997,40630.92,5139835.0,1.192550778388977,49.9787571906034,51.111,
FIN,1998,42733.445,5153498.0,1.3994710445404053,49.7408191277808,52.216,
FIN,1999,44505.71,5165474.0,1.1622414588928223,49.4884000099553,53.926,
FIN,2000,46968.84,5176209.0,3.042093515396118,49.4102487943894,54.57,
FIN,2001,48099.3,5188008.0,2.578436851501465,49.4306063249834,55.548,
FIN,2002,48792.49,5200598.0,1.5712209939956665,49.5099655620396,55.664,
FIN,2003,49655.547,5213014.0,0.8774445652961731,49.6410547584895,55.63,
FIN,2004,51494.707,5228172.0,0.18711966276168823,49.8539345101504,55.438,
FIN,2005,52744.047,5246096.0,0.623876690864563,49.9152277192356,56.236,
FIN,2006,54653.98,5266268.0,1.5666608810424805,50.1492292199594,56.712,
FIN,2007,57313.293,5288720.0,2.5106704235076904,50.2936977326023,56.933,
FIN,2008,57494.586,5313399.0,4.065945148468018,50.2258307390482,57.514,
FIN,2009,52599.15,5338871.0,0.0,50.4784055834231,55.403,
FIN,2010,54017.945,5363352.0,1.1841391324996948,51.0950644767067,54.702,
FIN,2011,55053.39,5388272.0,3.416808843612671,52.2256939932084,55.166,
FIN,2012,53957.668,5413971.0,2.808328866958618,53.5920998654714,55.006,
FIN,2013,53183.43,5438972.0,1.478294014930725,55.0282238847832,54.269,
FIN,2014,52710.734,5461512.0,1.0411959886550903,56.4163038011806,53.65,
FIN,2015,52782.49,5479531.0,-0.20792829990386963,57.64433315055,53.253,
FIN,2016,53984.633,5495303.0,0.3566843867301941,58.6591199711513,53.383,
FIN,2017,55637.227,5508214.0,0.839,59.6034639676146,53.598,
FIN,2018,56226.336,5515525.0,1.08,60.4741377554613,54.944,
FIN,2019,56922.49,5521606.0,1.1369999647140503,61.1278822777906,55.221,
FIN,2020,55424.86,5529543.0,0.2905545556537687,61.6841512459481,54.282,
FIN,2021,56790.375,5541017.0,2.194574,62.1515551986665,55.216,
FIN,2022,57068.305,5556106.0,7.123507,62.4687883703107,56.362,
FIN,2023,56250.88,5583911.0,4.34,62.6357187918865,55.966,
FIN,2024,56123.15,5619911.0,1.565661387741538,62.6820794456911,54.826,
FJI,1990,7820.7173,773316.0,8.190999984741211,71.2869401117229,56.137,4.63466366292055
FJI,1991,7547.678,779656.0,6.497000217437744,70.8086318326213,57.084,4.63466366292055
FJI,1992,7950.0664,785346.0,4.882999897003174,70.1179253457179,56.957,5.77887343066798
FJI,1993,8067.8047,790369.0,5.206999778747559,69.2498442127444,56.892,4.33787467123242
FJI,1994,8432.299,794771.0,0.800000011920929,68.207850258416,56.851,10.5264654815293
FJI,1995,8600.093,798746.0,2.183000087738037,67.0514887805531,56.776,9.99411055447765
FJI,1996,8956.351,803789.0,3.009999990463257,65.8278197613846,56.702,8.03928867641186
FJI,1997,8669.252,812139.0,3.3929998874664307,64.5354997518208,56.493,7.49017956978627
FJI,1998,8673.878,822258.0,5.743000030517578,63.1878731106313,56.332,2.03699853753492
FJI,1999,9328.606,831828.0,1.9830000400543213,61.8509301542766,56.211,1.90572255876292
FJI,2000,9070.993,840909.0,1.0989999771118164,60.6572567240714,56.063,13.7671667883141
FJI,2001,9157.809,849596.0,4.263999938964844,59.654981255109,55.917,4.93889290541308
FJI,2002,9357.754,858049.0,0.722000002861023,58.7742866659265,55.721,4.63466366292055
FJI,2003,9361.464,866286.0,4.21999979019165,57.9845204400222,55.591,-0.0931103266439094
FJI,2004,9766.527,874366.0,2.8269999027252197,57.2778929986671,55.465,4.86842645405657
FJI,2005,9745.581,882379.0,2.302999973297119,56.6351400767573,54.523,0.126377029737761
FJI,2006,9837.086,890365.0,2.5250000953674316,56.0576370290394,55.516,3.47307598853979
FJI,2007,9672.29,897832.0,4.810999870300293,55.5506275164762,56.454,5.80554474941767
FJI,2008,9711.966,903399.0,7.72599983215332,55.130171082976,57.424,5.71579703642263
FJI,2009,9536.817,907239.0,3.6549999713897705,54.7813417544865,58.357,6.37407702274129
FJI,2010,9784.304,910419.0,3.688999891281128,54.4462596251228,59.331,3.12757274426509
FJI,2011,10020.695,912989.0,7.2820000648498535,54.1089173253932,60.278,-1.7599951854395
FJI,2012,10140.693,914918.0,3.4159998893737793,53.8222798336889,58.987,3.30823157641272
FJI,2013,10604.156,916352.0,2.9089999198913574,53.6496252452254,57.67,2.39663949635747
FJI,2014,11183.313,917585.0,0.527999997138977,53.5588891901209,56.344,-5.99464056019461
FJI,2015,11674.063,918578.0,1.3760000467300415,53.4676358994836,55.741,-5.99464056019461
FJI,2016,11951.92,919166.0,3.865000009536743,53.3338671524421,55.097,-5.99464056019461
FJI,2017,12597.327,918759.0,3.351,53.1396835397675,54.918,-5.99464056019461
FJI,2018,13100.096,917180.0,4.08,52.8676645838299,54.766,-5.99464056019461
FJI,2019,13056.331,914899.0,1.7730000019073486,52.5393519946514,54.696,-5.99464056019461
FJI,2020,10812.035,914963.0,-2.5952432588733387,52.1893676158223,51.27,-5.99464056019461
FJI,2021,10322.428,916711.0,0.156,51.7722535409475,51.615,-5.99464056019461
FJI,2022,12118.318,919422.0,4.52019266394963,51.3123918957394,54.03,-5.99464056019461
FJI,2023,13194.805,924145.0,2.3,50.894119644834,54.16,-5.99464056019461
FJI,2024,13592.464,928784.0,4.5,50.5576304595912,54.152,-5.99464056019461
FRA,1990,38655.887,58261012.0,3.194284200668335,51.7927794111704,50.346000000000004,
FRA,1991,38937.953,58554242.0,3.2134034633636475,52.1717519577992,49.996,
FRA,1992,39331.902,58846584.0,2.363766670227051,52.4882157469949,49.534,
FRA,1993,39020.613,59103094.0,2.104454517364502,52.6875792751951,48.94,
FRA,1994,39801.39,59324863.0,1.6555203199386597,52.8489827950778,48.132,
FRA,1995,40570.72,59541294.0,1.796478271484375,52.9621580256401,48.539,
FRA,1996,40990.74,59754504.0,1.9828840494155884,53.0229185189154,48.506,
FRA,1997,41876.934,59968066.0,1.203949213027954,53.0784137746732,48.053,
FRA,1998,43162.543,60190684.0,0.6511210799217224,53.2192971135075,48.395,
FRA,1999,44400.137,60501986.0,0.5371392965316772,53.4589773611305,48.722,
FRA,2000,45922.48,60918661.0,1.6759661436080933,53.6919719635663,49.652,
FRA,2001,46454.87,61364377.0,1.6347768306732178,53.8263544157586,50.376,
FRA,2002,46610.78,61812142.0,1.9234123229980469,53.8550812022264,50.578,
FRA,2003,46730.977,62249855.0,2.098475933074951,53.7782755676556,51.339,
FRA,2004,47720.44,62707588.0,2.1420845985412598,53.7305396887409,50.871,
FRA,2005,48257.465,63180854.0,1.7458690404891968,53.7054007961336,51.016,
FRA,2006,49223.246,63622342.0,1.6751307249069214,53.6094922053175,50.978,
FRA,2007,50157.785,64016890.0,1.4879934787750244,53.6180524618417,51.574,
FRA,2008,50068.297,64375116.0,2.8128652572631836,53.8644415960553,51.986,
FRA,2009,48404.965,64706436.0,0.08761873096227646,54.2446958152522,51.173,
FRA,2010,49130.42,65026211.0,1.5311185121536255,54.591548563142,51.0,
FRA,2011,50085.684,65340830.0,2.111598014831543,55.2764053631323,50.85,
FRA,2012,49935.625,65657659.0,1.954202651977539,56.2934642722207,50.693,
FRA,2013,50066.53,65997932.0,0.8637104034423828,57.1679224697779,50.692,
FRA,2014,50326.566,66312067.0,0.5077637434005737,58.0626367615727,50.035,
FRA,2015,50682.895,66548272.0,0.03751285374164581,58.9738911271226,49.862,
FRA,2016,50984.074,66724104.0,0.18333587050437927,59.6623497311224,49.828,
FRA,2017,51895.566,66918020.0,1.163,60.2613491660523,50.059,
FRA,2018,52560.953,67158348.0,1.85,60.8249786780729,50.313,
FRA,2019,53448.555,67382061.0,1.2999999523162842,61.339333625721,50.316,
FRA,2020,49311.332,67601110.0,0.47649885272516185,61.777215608517,49.925,
FRA,2021,52517.336,67842811.0,1.642331,62.0639435685389,51.179,
FRA,2022,53673.812,68184457.0,5.222367,62.3607626590078,51.758,
FRA,2023,54296.723,68372286.0,5.663,62.6913599952639,51.835,
FRA,2024,54799.348,68551653.0,1.9990210474792052,63.003655783096,51.544,
FRO,2008,54263.33,48547.0,,56.7296206618241,,
FRO,2009,51533.543,48791.0,,57.2888459058672,,
FRO,2010,51479.195,48657.0,,57.6037314158002,,
FRO,2011,53440.336,48543.0,,57.9867213434876,,
FRO,2012,57523.324,48291.0,,58.57550980199,,
FRO,2013,60948.77,48246.0,,59.375,,
FRO,2014,64018.094,48428.0,,60.5277114823654,,
FRO,2015,64008.85,48899.0,,61.1806974751137,,
FRO,2016,64155.027,49464.0,,61.4749281796814,,
FRO,2017,65460.605,50180.0,,61.9650119424182,,
FRO,2018,66193.34,50996.0,,62.19585891034,,
FRO,2019,68134.03,51792.0,,62.2372584030323,,
FRO,2020,66032.914,52565.0,,62.436265875591,,
FRO,2021,68426.8,53296.0,,62.4958077990183,,
FRO,2022,70256.72,53912.0,,61.8833138155722,,
FRO,2023,71807.31,54414.0,,60.9852071005917,,
FRO,2024,72059.58,54681.0,,60.5243071864725,,
FSM,1990,3112.4648,100888.0,2.085,95.8305834853837,,13.68082988106185
FSM,1991,3282.9182,102754.0,2.085,94.7610834170473,,13.68082988106185
FSM,1992,3347.6455,104806.0,2.085,93.0999539382773,,13.68082988106185
FSM,1993,3543.7498,107066.0,2.085,91.2013143561262,,13.68082988106185
FSM,1994,3459.8857,109075.0,2.085,89.4042265015889,,13.68082988106185
FSM,1995,3663.7825,110230.0,2.085,87.3368456832087,,13.3132956903849
FSM,1996,3526.0925,110710.0,2.7960000038146973,85.0454636624992,,12.8972176668198
FSM,1997,3296.3357,111071.0,2.6670000553131104,82.8148660214629,,14.2680164830528
FSM,1998,3380.5332,111377.0,1.6330000162124634,80.7100092482923,,11.6405799249077
FSM,1999,3409.417,111680.0,1.9190000295639038,78.7795351219825,,16.101276760421
FSM,2000,3555.4995,112044.0,1.8370000123977661,77.0678592875881,,14.1378802652973
FSM,2001,3609.8726,112365.0,1.319000005722046,75.598931066277,,14.0656408454823
FSM,2002,3623.1963,112448.0,-0.16200000047683716,74.3503473083602,,15.1688324709744
FSM,2003,3692.4172,112285.0,-0.24400000274181366,73.2606045643218,,15.4265735709622
FSM,2004,3586.1125,111925.0,1.7480000257492065,72.102284958637,,14.2603923935184
FSM,2005,3685.9944,111412.0,4.084000110626221,70.7856212156051,,14.0483640717388
FSM,2006,3701.3508,110729.0,4.396999835968018,69.3492391221228,,14.1416800312353
FSM,2007,3665.6575,109880.0,3.6410000324249268,67.7506030350218,,10.5398502492283
FSM,2008,3601.9004,108936.0,6.551000118255615,66.1698979514011,,8.78440718040103
FSM,2009,3674.4883,107957.0,7.714000225067139,64.7569629912247,,9.62707848916267
FSM,2010,3764.953,107540.0,3.7009999752044678,63.7457175485345,,11.046176978206
FSM,2011,3901.6758,107698.0,4.056000232696533,63.205988876934,,12.4254440945492
FSM,2012,3828.747,107890.0,6.2769999504089355,62.6922612944086,,6.79993463325364
FSM,2013,3680.1064,108121.0,2.1540000438690186,62.0752199787142,,15.0196456382849
FSM,2014,3575.8508,108396.0,0.6779999732971191,61.5271134158881,,12.2826920093434
FSM,2015,3723.399,108716.0,-0.15800000727176666,61.0750585237206,,12.2826920093434
FSM,2016,3746.1301,109075.0,-1.0360970497131348,60.8657178674139,,12.2826920093434
FSM,2017,3813.4421,109481.0,0.098,60.8500822755054,,12.2826920093434
FSM,2018,3798.592,109909.0,1.5,60.8243953117455,,12.2826920093434
FSM,2019,3940.2644,110282.0,1.8630000352859497,60.8767323121809,,12.2826920093434
FSM,2020,3852.2002,110916.0,0.484,60.7734566380148,,12.2826920093434
FSM,2021,3946.416,111624.0,2.085,60.7118175535591,,12.2826920093434
FSM,2022,3814.9907,112114.0,5.40874375479069,60.8706881708087,,12.2826920093434
FSM,2023,3814.7202,112630.0,6.21,60.9275875864434,,12.2826920093434
FSM,2024,3824.1523,113160.0,5.439,60.7646189691425,,12.2826920093434
GAB,1990,23884.81,983734.0,15.369000434875488,92.8209651495551,39.88,
GAB,1991,24665.68,1010818.0,-9.829999923706055,92.7596287517187,40.141,
GAB,1992,23268.998,1038380.0,-9.543000221252441,92.521836186422,39.955,
GAB,1993,23551.682,1066405.0,0.5339999794960022,92.1114688063528,39.892,
GAB,1994,23794.314,1094720.0,36.11600112915039,91.503803066244,39.835,
GAB,1995,24344.186,1123213.0,9.647000312805176,90.6567152525168,39.968,
GAB,1996,24595.973,1152015.0,0.6899999976158142,89.5756161538702,39.929,
GAB,1997,25359.66,1181439.0,3.9730000495910645,88.3512713370841,39.91,
GAB,1998,25585.508,1211736.0,1.4490000009536743,87.0518733945861,39.841,
GAB,1999,22713.715,1243016.0,-1.934999942779541,85.6991115539813,39.676,
GAB,2000,21717.225,1275572.0,0.5040000081062317,84.3202931618213,39.542,
GAB,2001,21604.781,1309589.0,2.135999917984009,82.9172870579625,39.512,
GAB,2002,20981.48,1345135.0,0.164000004529953,81.4802172687068,39.722,
GAB,2003,20875.455,1382350.0,2.1050000190734863,80.0226859545031,39.83,
GAB,2004,20438.932,1421609.0,0.40799999237060547,78.569867404925,39.868,
GAB,2005,20385.29,1463495.0,1.1710000038146973,77.1346094492287,40.001,
GAB,2006,19224.127,1508337.0,-1.406000018119812,75.7292649680193,39.695,
GAB,2007,19751.877,1556237.0,-1.0210000276565552,74.3809913327021,39.55,
GAB,2008,18493.092,1607175.0,5.263000011444092,73.1311786396409,39.282,
GAB,2009,17911.146,1661556.0,1.8849999904632568,72.0433391973509,39.212,
GAB,2010,18530.576,1719879.0,1.4470000267028809,71.1485873277447,39.071,
GAB,2011,19153.088,1781985.0,1.2619999647140503,70.4144778932692,39.513,
GAB,2012,19450.402,1846889.0,2.683000087738037,69.7604091409621,39.86,
GAB,2013,19836.455,1913059.0,0.47999998927116394,69.1388947339571,40.052,
GAB,2014,20008.99,1978399.0,4.51200008392334,68.6350137744804,40.22,
GAB,2015,20147.71,2040989.0,-0.14300000667572021,68.3469004124975,40.41,
GAB,2016,19988.176,2100306.0,2.0859999656677246,68.2944242565074,40.551,
GAB,2017,19555.707,2156900.0,2.652,68.4228116122644,40.678,
GAB,2018,19225.598,2212318.0,4.78,68.6293819615364,40.789,
GAB,2019,19491.406,2267706.0,2.0220000743865967,68.8283668428129,40.945,
GAB,2020,18681.484,2322539.0,1.3730360697007356,68.9505821693099,37.692,
GAB,2021,18523.58,2376722.0,1.079,68.9693587373809,38.22,
GAB,2022,18662.049,2430747.0,4.23124798274574,68.8765794313179,41.097,
GAB,2023,18701.422,2484789.0,3.634,68.6454953915487,41.117,
GAB,2024,18923.662,2538952.0,1.17311998381216,68.2569535704085,41.005,
GBR,1990,32993.168,57247586.0,8.039212226867676,53.8910623613847,58.162,6.4269097034631
GBR,1991,32466.195,57424897.0,7.441020488739014,54.3376013009481,56.678,4.75674011554985
GBR,1992,32797.73,57580402.0,4.560811996459961,54.777193763915,55.525,6.985708939083
GBR,1993,33861.254,57718614.0,2.5848116874694824,55.0512100356111,54.713,4.2008392797521
GBR,1994,35448.18,57865745.0,2.2047266960144043,55.1221344895478,54.959,5.12241541661596
GBR,1995,36603.74,58019030.0,2.6194097995758057,55.006767566485,55.357,-3.71388968516106
GBR,1996,37465.38,58166950.0,2.8528552055358887,54.8196264730694,55.73,1.74475922401825
GBR,1997,39192.61,58316954.0,2.1897809505462646,54.6142994891761,56.559,6.52493255959209
GBR,1998,40347.18,58487141.0,1.857147216796875,54.3483866479715,56.999,5.82612598805441
GBR,1999,41396.938,58682466.0,1.8232754468917847,53.9767159095951,57.4,3.89558515205972
GBR,2000,43115.562,58892514.0,1.1019326448440552,53.4314858659264,57.928,4.94007778507734
GBR,2001,43976.84,59119673.0,1.6348731517791748,52.8823327842176,58.103,3.35276851534879
GBR,2002,44539.465,59370479.0,1.4745287895202637,52.4964301559527,58.168,1.87229360848
GBR,2003,45759.402,59647577.0,1.321004033088684,52.357292952779,58.418,1.28051509830497
GBR,2004,46558.13,59987905.0,1.4341670274734497,52.2157863407455,58.596,1.60543979164839
GBR,2005,47529.938,60401206.0,2.0565531253814697,51.8275715627106,58.654,1.73498971863596
GBR,2006,48215.047,60846820.0,2.5188915729522705,51.4008482871775,58.7,1.51610423583348
GBR,2007,49243.25,61322463.0,2.3341541290283203,51.156186206586,58.598,3.44659213990367
GBR,2008,48833.07,61806995.0,3.4813849925994873,51.1947226586789,58.61,1.32675740896323
GBR,2009,46241.805,62276270.0,1.972163200378418,51.4406852551869,57.231,-1.33576903136853
GBR,2010,46917.89,62766365.0,2.502840518951416,51.738023164778,56.874,-0.817511776035438
GBR,2011,46949.02,63258810.0,3.884572744369507,52.2814445132043,56.715,-1.92821635664364
GBR,2012,47328.21,63711000.0,2.5641043186187744,53.2297920891233,56.858,-1.03179878401941
GBR,2013,47820.28,64139000.0,2.291663408279419,54.1548121554431,57.202,-1.62209771601829
GBR,2014,48964.285,64620000.0,1.4256634712219238,54.8438595447821,58.156,-1.0787978449774
GBR,2015,49652.72,65088000.0,0.4016079604625702,55.4015615937341,58.793,-1.0787978449774
GBR,2016,50346.86,65607000.0,1.0,55.9245926453084,59.344,-1.0787978449774
GBR,2017,51586.676,65966000.0,2.683,56.47995951817,59.603,-1.0787978449774
GBR,2018,52131.695,66289000.0,2.32,57.0044449579318,60.023,-1.0787978449774
GBR,2019,52515.684,66631000.0,1.7910000085830688,57.4310213561674,60.335,-1.0787978449774
GBR,2020,47158.984,66744000.0,0.989486703773075,57.6593808571739,59.775,-1.0787978449774
GBR,2021,51004.426,66984000.0,2.5,57.6129608377299,58.959,-1.0787978449774
GBR,2022,53139.152,67604000.0,7.9,57.6281923445403,59.573,-1.0787978449774
GBR,2023,52592.684,68492000.0,7.303,57.846397332052,59.323,-1.0787978449774
GBR,2024,52621.18,69226000.0,3.343701399688967,57.9399912449235,58.871,-1.0787978449774
GEO,1990,12917.095,4802000.0,5.597172260284424,52.5260655302916,58.009,8.425462079065255
GEO,1991,10120.163,4835900.0,5.597172260284424,53.2630556772206,74.564,8.425462079065255
GEO,1992,5533.211,4873500.0,887.447021484375,53.9970505622859,73.435,8.425462079065255
GEO,1993,3882.0203,4911100.0,3125.3701171875,54.7118908048005,74.475,8.425462079065255
GEO,1994,3532.32,4836076.0,15606.5,55.2550737209234,73.233,8.425462079065255
GEO,1995,3762.8115,4657722.0,162.71800231933594,55.5163346972709,73.115,8.425462079065255
GEO,1996,4339.005,4491699.0,39.32899856567383,55.5255432851883,68.421,8.425462079065255
GEO,1997,4951.813,4349913.0,7.136654376983643,55.3042274299171,66.978,8.425462079065255
GEO,1998,5233.2886,4243607.0,3.5027308464050293,54.8723808578403,64.119,8.425462079065255
GEO,1999,5495.245,4157192.0,19.170581817626953,54.1958853817776,64.173,8.425462079065255
GEO,2000,5706.2725,4077131.0,4.021670341491699,53.3929528793645,66.004,8.425462079065255
GEO,2001,6074.0864,4014373.0,4.670980930328369,52.6532541516572,65.127,8.425462079065255
GEO,2002,6464.325,3978515.0,5.593239784240723,52.0905345263517,63.484,8.425462079065255
GEO,2003,7227.737,3951736.0,4.840092658996582,51.8912336913573,63.24,19.6559499381247
GEO,2004,7693.915,3927340.0,5.597172260284424,51.6511823672057,61.909,12.5915017351008
GEO,2005,8485.587,3902469.0,8.2409029006958,51.1318422314324,60.282,8.90886137260649
GEO,2006,9337.989,3880347.0,9.221977233886719,50.5376973981808,59.74,7.94206278552402
GEO,2007,10567.274,3860158.0,9.22874927520752,49.7798016624101,59.11,6.959698540142
GEO,2008,10856.104,3848449.0,9.997004508972168,48.9161113273738,55.824,7.7120416623527
GEO,2009,10553.09,3814419.0,1.7159944772720337,48.1706968890291,54.054,20.4386061695395
GEO,2010,11294.368,3786695.0,7.114170074462891,47.7221569874268,54.021,-0.0524161381825589
GEO,2011,12288.683,3756441.0,8.516670227050781,47.6237559950389,53.977,5.33421645154784
GEO,2012,13193.96,3728874.0,-0.9138399362564087,47.8575206844895,53.639,14.4751367835711
GEO,2013,13913.002,3717668.0,-0.5115118026733398,48.3975588463877,53.577,14.3391997951601
GEO,2014,14475.313,3719414.0,3.0692524909973145,49.325960072298,54.736,6.99857918583667
GEO,2015,14936.844,3725276.0,4.028417110443115,50.5208240737897,55.239,6.99857918583667
GEO,2016,15442.956,3727505.0,2.1214773654937744,51.7515422454964,55.059,6.99857918583667
GEO,2017,16237.624,3728004.0,6.035,52.905572681768,56.656,6.99857918583667
GEO,2018,17228.68,3726549.0,2.62,53.9980916306557,55.836,6.99857918583667
GEO,2019,18186.88,3720161.0,4.853000164031982,55.0571018914481,55.65,6.99857918583667
GEO,2020,17031.145,3722716.0,5.202464889752804,55.9766272791797,55.96,6.99857918583667
GEO,2021,18915.654,3708610.0,9.56691433824767,56.6470045343285,53.816,6.99857918583667
GEO,2022,20966.527,3712502.0,11.8981654203198,56.9467002951653,56.285,6.99857918583667
GEO,2023,22590.53,3715483.0,2.488,57.1296262620538,56.646,6.99857918583667
GEO,2024,24883.908,3699557.0,1.10971758022096,57.3228523922316,56.908,6.99857918583667
GHA,1990,2785.6711,15394648.0,37.24100112915039,91.8552673984128,67.2365,
GHA,1991,2859.827,15787496.0,18.097000122070312,91.648074420294,70.506,
GHA,1992,2897.8354,16184855.0,10.048999786376953,91.2775588108421,69.561,
GHA,1993,2964.266,16589519.0,24.941999435424805,90.5351804870698,69.113,
GHA,1994,2989.3474,16993190.0,24.874000549316406,89.5214427960128,68.566,
GHA,1995,3039.6887,17399017.0,59.31700134277344,88.6102671349091,68.082,
GHA,1996,3106.1855,17810181.0,44.48699951171875,87.8801646872639,67.581,
GHA,1997,3160.445,18238958.0,24.825000762939453,86.8456047745877,67.124,
GHA,1998,3229.4822,18688036.0,19.20800018310547,85.5145462560987,66.658,
GHA,1999,3290.2686,19149864.0,12.470999717712402,84.2689579944621,65.222,
GHA,2000,3327.352,19637087.0,25.113000869750977,83.1799875094507,64.906,
GHA,2001,3369.507,20167069.0,32.93199920654297,82.0317898789696,65.459,
GHA,2002,3425.6182,20729388.0,14.845999717712402,80.8269838475642,66.055,
GHA,2003,3507.751,21296705.0,26.625999450683594,79.7165271538413,66.707,
GHA,2004,3607.3652,21868298.0,12.666000366210938,78.6772717883956,67.349,
GHA,2005,3721.3079,22449438.0,15.095000267028809,77.7192578163005,67.969,
GHA,2006,3857.8616,23040702.0,11.682999610900879,76.842523684012,68.571,
GHA,2007,3923.1257,23642279.0,10.729000091552734,75.9729700620989,68.361,
GHA,2008,4174.7812,24249946.0,16.5049991607666,75.1307760332468,68.271,
GHA,2009,4269.16,24862664.0,13.138999938964844,74.3978797285801,68.053,
GHA,2010,4495.689,25474995.0,6.697999954223633,73.8764202924428,67.977,
GHA,2011,5005.367,26095088.0,7.676000118255615,73.5486144622864,68.756,
GHA,2012,5339.7134,26734268.0,7.072000026702881,73.2901734874387,69.474,
GHA,2013,5593.775,27386193.0,11.671402931213379,73.0364754591143,70.094,
GHA,2014,5619.0723,28041592.0,15.490376472473145,72.7330535019516,67.363,
GHA,2015,5607.366,28696068.0,17.146194458007812,72.3116450715179,64.54,
GHA,2016,5666.078,29356742.0,17.43855094909668,71.7313257725725,64.488,
GHA,2017,5993.631,30008354.0,12.372,71.0007408539075,64.603,
GHA,2018,6234.512,30637585.0,9.84,70.2220127738796,63.191,
GHA,2019,6508.2466,31258945.0,7.176000118255615,69.4561926050096,61.758,
GHA,2020,6412.6855,31887809.0,9.953440870355164,68.6146228058037,59.656,
GHA,2021,6607.503,32518665.0,9.972420620889597,67.736408434496,58.456,
GHA,2022,6728.454,33149152.0,31.2558951049016,66.9188069536881,57.404,
GHA,2023,6808.5376,33787914.0,39.21,66.1425812587668,57.397,
GHA,2024,7055.625,34427414.0,22.8483281157842,65.3615857268255,57.391,
GIN,1990,2105.7473,6434374.0,25.694000244140625,90.4125443599268,57.881,3.31472769458219
GIN,1991,2075.992,6697166.0,19.68199920654297,90.6539464701853,60.86,-1.04807224650043
GIN,1992,2076.5505,6914366.0,16.55900001525879,90.9714557805994,60.879,0.617798331592909
GIN,1993,2115.8665,7128177.0,7.135000228881836,91.2856612287922,60.923,23.666786029417
GIN,1994,2134.8977,7345107.0,4.21999979019165,91.6222511281938,60.979,20.2823658432913
GIN,1995,2171.7256,7553249.0,5.553999900817871,91.8928758339304,61.03,14.6752857952247
GIN,1996,2205.3237,7770035.0,2.9860000610351562,92.0965601025895,61.045,19.1578573730594
GIN,1997,2272.411,7931370.0,1.937000036239624,93.2050572499559,61.16,18.7963104334133
GIN,1998,2311.3274,8081990.0,5.103000164031982,94.3669813290083,61.241,15.7153796860059
GIN,1999,2346.2703,8265123.0,4.553999900817871,94.8055921211571,61.272,15.0126390589196
GIN,2000,2358.2876,8428832.0,6.765999794006348,95.4891640392962,61.287,12.2999631183486
GIN,2001,2412.7517,8539960.0,5.376999855041504,96.9009853165129,61.4,10.9310156857046
GIN,2002,2498.1318,8674066.0,2.9600000381469727,97.6640543337298,61.486,10.9310156857046
GIN,2003,2473.2341,8870781.0,11.03600025177002,97.1858258324477,60.818,10.9310156857046
GIN,2004,2477.503,9062726.0,17.46299934387207,96.7928505338843,60.145,10.9310156857046
GIN,2005,2501.2217,9245844.0,31.357999801635742,96.608436613336,59.452,10.9310156857046
GIN,2006,2478.6133,9441171.0,34.70199966430664,96.2596592365407,58.792,10.9310156857046
GIN,2007,2587.005,9662281.0,22.861000061035156,95.5157736478249,58.205,10.9310156857046
GIN,2008,2629.5398,9898870.0,18.367000579833984,94.6123577226182,57.557,10.9310156857046
GIN,2009,2537.3064,10143534.0,4.682000160217285,93.7012872064772,56.849,10.9310156857046
GIN,2010,2594.8306,10396086.0,15.465999603271484,92.7886943235919,56.142,10.9310156857046
GIN,2011,2673.4087,10656810.0,21.35099983215332,91.8009525245933,55.492,10.9310156857046
GIN,2012,2762.9036,10921581.0,15.22700023651123,90.7754054831605,54.928,10.9310156857046
GIN,2013,2802.56,11191873.0,11.88700008392334,89.8424960977693,54.234,10.9310156857046
GIN,2014,2834.9663,11472924.0,9.711999893188477,88.9330882934155,53.521,10.9310156857046
GIN,2015,2869.8516,11767070.0,8.151000022888184,87.9946472888639,52.804,10.9310156857046
GIN,2016,3099.7888,12073030.0,8.173999786376953,87.1231739532877,52.228,10.9310156857046
GIN,2017,3332.7659,12385659.0,8.914,86.3451129475656,51.64,10.9310156857046
GIN,2018,3455.645,12704774.0,9.83,85.5693018365772,50.989,10.9310156857046
GIN,2019,3557.4624,13034346.0,9.470999717712402,84.7162617278037,50.225,10.9310156857046
GIN,2020,3630.9934,13371183.0,10.601860000833756,83.7865279487499,49.23,10.9310156857046
GIN,2021,3738.8052,13710513.0,12.597,82.8185160092224,49.564,10.9310156857046
GIN,2022,3792.0107,14055137.0,10.4930409984424,81.8207431951781,50.087,10.9310156857046
GIN,2023,3904.824,14405468.0,7.831,80.7795140106788,50.096,10.9310156857046
GIN,2024,4016.3418,14754785.0,8.12313914948598,79.7147834280458,50.083,10.9310156857046
GMB,1990,2653.783,1054696.0,12.168000221252441,98.7963229985995,43.519000000000005,12.9822062108341
GMB,1991,2623.6416,1099959.0,8.642000198364258,98.9273797574804,43.52,-45.9484570813722
GMB,1992,2604.269,1145582.0,9.484000205993652,99.0464524312162,43.475,24.3256122236336
GMB,1993,2586.1304,1188365.0,6.466000080108643,99.1887388912541,43.475,19.9168235532368
GMB,1994,2508.104,1227226.0,1.7100000381469727,99.5680886459026,43.421,20.4501212728142
GMB,1995,2456.0007,1264313.0,6.980999946594238,100.114119114398,43.386,20.2748721929645
GMB,1996,2439.0454,1301410.0,1.0989999771118164,100.468897059843,43.39,15.8084862644583
GMB,1997,2486.938,1338889.0,2.7809998989105225,100.558434944127,43.518,33.4667922576171
GMB,1998,2502.765,1376987.0,1.1139999628067017,100.408242867393,43.58,18.9382733066604
GMB,1999,2589.9778,1415779.0,3.806999921798706,100.021050698276,43.686,27.0954013360694
GMB,2000,2658.6177,1455084.0,0.8510000109672546,99.425741841491,43.707,21.3105658477455
GMB,2001,2737.696,1495011.0,4.492000102996826,98.6774416895576,43.756,21.8009596150585
GMB,2002,2578.5571,1535691.0,8.609999656677246,97.8038821695841,43.487,12.3276471183113
GMB,2003,2682.48,1577611.0,17.031999588012695,96.8234739300543,43.518,14.5618019700946
GMB,2004,2794.1936,1621312.0,14.286999702453613,95.7668878330325,43.543,-29.7080592355656
GMB,2005,2653.6423,1667037.0,4.959000110626221,94.6519231218328,43.475,29.5857607936758
GMB,2006,2564.6865,1715275.0,2.055999994277954,93.5215062255457,43.253,28.0808453037745
GMB,2007,2567.1572,1765774.0,5.369999885559082,92.4071184490394,43.126,22.5081465077466
GMB,2008,2649.611,1817852.0,4.451000213623047,91.3004861827289,43.287,23.9316435246054
GMB,2009,2745.3254,1871422.0,4.553999900817871,90.2178321276723,43.415,21.5156286283877
GMB,2010,2824.2126,1926630.0,5.048999786376953,89.2340784976231,43.452,20.2146854118755
GMB,2011,2519.8398,1983784.0,4.796000003814697,88.4239620831473,43.029,22.4035581485361
GMB,2012,2574.935,2043094.0,4.644999980926514,87.777816583612,42.988,23.2604386536329
GMB,2013,2572.4473,2103820.0,5.241000175476074,87.1721872628454,43.392,20.830941492836
GMB,2014,2465.1096,2164528.0,6.26200008392334,86.4831870148444,43.934,22.1346787273183
GMB,2015,2495.9575,2224529.0,6.808000087738037,85.7554289646096,44.378,22.1346787273183
GMB,2016,2478.4604,2283769.0,7.224999904632568,85.0043055925719,44.809,22.1346787273183
GMB,2017,2533.1868,2342189.0,8.049,84.1843109963001,45.339,22.1346787273183
GMB,2018,2651.4329,2399632.0,6.52,83.2704899189591,45.833,22.1346787273183
GMB,2019,2750.8213,2456844.0,7.116000175476074,82.281039268218,45.613,22.1346787273183
GMB,2020,2702.319,2515733.0,5.931276365624292,81.1932945603832,44.891,22.1346787273183
GMB,2021,2777.7961,2576010.0,7.37,80.002725185959,44.677,22.1346787273183
GMB,2022,2863.1804,2636470.0,11.5131198380507,78.8082209990315,44.71,22.1346787273183
GMB,2023,2963.5986,2697845.0,16.966,77.6473477794781,44.469,22.1346787273183
GMB,2024,3057.684,2759988.0,11.564,76.4484982313518,44.428,22.1346787273183
GNB,1990,1967.9681,973669.0,33.000999450683594,103.3242495432,61.623999999999995,3.98901618806403
GNB,1991,2024.7277,994639.0,57.5989990234375,102.35941088987,62.125,3.98901618806403
GNB,1992,1987.6154,1024356.0,69.44400024414062,101.151111346753,62.057,3.98901618806403
GNB,1993,1963.4401,1058745.0,48.22700119018555,100.217285239354,62.011,3.98901618806403
GNB,1994,1964.5077,1092031.0,15.175999641418457,99.4196546780983,61.988,3.98901618806403
GNB,1995,1999.8202,1119949.0,45.132999420166016,98.5049415801713,62.002,3.98901618806403
GNB,1996,2185.7673,1143535.0,50.93299865722656,97.459779701376,62.057,3.98901618806403
GNB,1997,2283.8835,1165545.0,49.064998626708984,96.3406745570503,62.047,3.98901618806403
GNB,1998,1738.5413,1187473.0,8.071000099182129,95.2720880364143,61.756,3.98901618806403
GNB,1999,1992.7285,1210206.0,-2.0920000076293945,94.2533274264692,61.77,3.98901618806403
GNB,2000,1974.6217,1234741.0,8.609999656677246,93.2017825233847,61.671,3.98901618806403
GNB,2001,2025.6006,1261273.0,3.252000093460083,92.1620637486497,61.88,3.98901618806403
GNB,2002,2053.962,1289307.0,3.302000045776367,91.190571166311,61.717,3.98901618806403
GNB,2003,2002.2775,1318806.0,-3.4739999771118164,90.2926378093071,61.663,3.98901618806403
GNB,2004,1979.5746,1349563.0,0.8209999799728394,89.4111620269331,61.585,3.98901618806403
GNB,2005,2060.5383,1381585.0,3.3580000400543213,88.6231019389508,61.574,3.98901618806403
GNB,2006,2065.0837,1415303.0,1.9529999494552612,87.9594891252525,61.571,9.37799743814337
GNB,2007,2065.8613,1450986.0,4.626999855041504,87.315007022762,61.552,-1.16859705966585
GNB,2008,2105.543,1488054.0,10.444999694824219,86.6437802046737,61.495,-6.89817091492966
GNB,2009,2102.9272,1526377.0,-1.6369999647140503,85.9406939263778,61.451,9.15282226024625
GNB,2010,2164.1335,1566347.0,1.0709999799728394,85.243743791097,61.434,-0.0966422791036062
GNB,2011,2278.4058,1608076.0,5.054999828338623,84.5945365779744,61.421,-2.9478277560276
GNB,2012,2180.6077,1651417.0,2.061000108718872,83.9791401843337,61.338,5.06776733223575
GNB,2013,2192.4563,1695973.0,0.7789999842643738,83.3690490606512,61.267,6.27830634064677
GNB,2014,2156.2021,1741122.0,-1.031999945640564,82.7321224104691,61.144,3.98901618806403
GNB,2015,2230.391,1786457.0,1.4809999465942383,82.028063446907,61.157,3.98901618806403
GNB,2016,2293.2358,1831893.0,1.4980000257492065,81.2544895782418,61.105,3.98901618806403
GNB,2017,2342.4153,1877072.0,1.058,80.3631723483211,61.054,3.98901618806403
GNB,2018,2373.5015,1922168.0,1.44,79.3500481926137,60.934,3.98901618806403
GNB,2019,2442.1067,1967696.0,0.24699999392032623,78.2909872123504,60.667,3.98901618806403
GNB,2020,2455.856,2013255.0,1.463,77.1805719224165,60.697,3.98901618806403
GNB,2021,2522.7676,2058841.0,3.274,76.0215209126125,61.842,3.98901618806403
GNB,2022,2603.2402,2105529.0,9.39383877456589,74.8100197016606,63.11,3.98901618806403
GNB,2023,2693.7766,2153339.0,7.164,73.5656689085059,63.091,3.98901618806403
GNB,2024,2744.2798,2201352.0,3.704,72.3477499737723,63.037,3.98901618806403
GNQ,1990,1122.8176,474274.0,0.921999990940094,83.4155132474021,56.096999999999994,
GNQ,1991,1070.8276,492217.0,-3.424999952316284,84.364746422953,56.45,
GNQ,1992,1390.4791,510770.0,-4.2789998054504395,85.2515441557829,56.616,
GNQ,1993,1487.812,530023.0,5.452000141143799,86.047401416707,56.781,
GNQ,1994,1672.3455,550138.0,31.840999603271484,86.6744710812507,56.95,
GNQ,1995,1892.1166,571264.0,19.871999740600586,87.0666055406379,57.124,
GNQ,1996,3033.8403,593492.0,4.540999889373779,87.2379894754111,57.241,
GNQ,1997,7296.1,616893.0,3.0169999599456787,87.2184033626197,57.327,
GNQ,1998,8684.657,641474.0,7.935999870300293,87.0371990226436,57.37,
GNQ,1999,10492.465,667214.0,0.3720000088214874,86.5565767362791,57.34,
GNQ,2000,11767.471,703279.0,4.835999965667725,85.3956872462698,57.11,
GNQ,2001,18031.965,749836.0,8.73900032043457,83.5995289036236,56.6,
GNQ,2002,20242.432,797957.0,7.581999778747559,81.5060812363095,56.012,
GNQ,2003,21709.574,847862.0,7.323999881744385,79.3475593762427,55.409,
GNQ,2004,28225.986,899917.0,4.236999988555908,77.3539503323722,54.874,
GNQ,2005,31302.957,947367.0,5.63700008392334,75.7861845279182,54.509,
GNQ,2006,32251.768,990343.0,4.465000152587891,74.6128551656044,54.406,
GNQ,2007,35540.45,1036044.0,2.7980000972747803,73.6605144898264,54.38,
GNQ,2008,39994.617,1084530.0,4.6519999504089355,72.8645955367261,54.44,
GNQ,2009,38706.605,1135673.0,5.736999988555908,72.1762767984791,54.497,
GNQ,2010,33668.875,1189085.0,5.320000171661377,71.5821659653801,54.631,
GNQ,2011,34341.934,1241835.0,4.798999786376953,71.2568780770345,54.945,
GNQ,2012,35711.492,1293483.0,3.441999912261963,71.1554976281368,55.35,
GNQ,2013,32894.37,1346218.0,3.178999900817871,71.096275000985,55.754,
GNQ,2014,31765.9,1399828.0,4.296000003814697,71.1300002078262,56.077,
GNQ,2015,27797.795,1453923.0,1.6950000524520874,71.204856163819,56.265,
GNQ,2016,24435.064,1508186.0,1.399999976158142,71.2514690269506,56.43,
GNQ,2017,22250.44,1562396.0,0.746,71.2419346530161,56.497,
GNQ,2018,20165.48,1616422.0,1.08,71.0879666380889,56.513,
GNQ,2019,18446.592,1670177.0,1.2130000591278076,70.7256912891081,56.353,
GNQ,2020,17089.154,1716468.0,4.769704980982647,70.5844003545916,52.085,
GNQ,2021,16821.45,1758786.0,-0.094,70.5208353532024,52.589,
GNQ,2022,16932.771,1803545.0,4.78671704710803,70.2001204157552,56.036,
GNQ,2023,15688.238,1847549.0,2.51,69.80165670554,56.117,
GNQ,2024,15454.429,1892516.0,3.162,69.4149705171208,55.856,
GRC,1990,26916.312,10196792.0,20.43349266052246,49.3490579993526,45.301,
GRC,1991,27419.604,10319927.0,19.455839157104492,49.2637714882774,45.283,
GRC,1992,27401.424,10399061.0,15.8770751953125,49.2335519371762,45.19,
GRC,1993,26804.854,10460415.0,14.411261558532715,49.1711277189317,44.512,
GRC,1994,27204.396,10512922.0,10.87408447265625,49.089051055969,45.161,
GRC,1995,27646.148,10562153.0,8.934511184692383,48.9292463784505,45.251,
GRC,1996,27905.107,10608800.0,8.194552421569824,48.752281488538,45.605,
GRC,1997,28768.24,10661259.0,5.536006927490234,48.6208332880275,45.348,
GRC,1998,29592.525,10720509.0,4.7662200927734375,48.5745214831745,45.425,
GRC,1999,30263.055,10761698.0,2.636634588241577,48.6671865513342,45.319,
GRC,2000,31386.64,10805808.0,3.1511800289154053,48.9160603436348,45.605,
GRC,2001,32675.93,10862132.0,3.3739705085754395,49.2575277803581,45.261,
GRC,2002,34081.027,10902022.0,3.6293628215789795,49.6012356692461,45.736,
GRC,2003,35970.703,10928070.0,3.5306520462036133,49.81394017461,46.346,
GRC,2004,37811.492,10955141.0,2.8988475799560547,49.9237390044235,46.502,
GRC,2005,38146.965,10987314.0,3.545069694519043,49.9778663729531,46.906,
GRC,2006,40483.156,11020362.0,3.1959500312805176,49.9652587360059,47.758,
GRC,2007,41796.234,11048473.0,2.8949997425079346,49.9217313970267,47.909,
GRC,2008,41709.387,11077841.0,4.1527910232543945,50.0289146353289,48.318,
GRC,2009,39886.215,11107017.0,1.2100766897201538,50.4142717154432,47.7,
GRC,2010,37566.75,11121341.0,4.712983131408691,51.0371347687828,46.167,
GRC,2011,33906.492,11104899.0,3.3298699855804443,51.8715656781089,42.781,
GRC,2012,31250.227,11045011.0,1.5015194416046143,52.8110001674071,39.059,
GRC,2013,30762.443,10965211.0,-0.9221663475036621,53.7320344476507,37.288,
GRC,2014,31213.377,10892413.0,-1.3112099170684814,54.5221040368717,37.547,
GRC,2015,31347.977,10820883.0,-1.736045002937317,55.1924638263983,38.41,
GRC,2016,31468.62,10775971.0,-0.8256607055664062,55.851580185391,39.121,
GRC,2017,31995.41,10754679.0,1.138,56.436632254429,40.096,
GRC,2018,32722.33,10732882.0,0.63,56.9000604480465,41.057,
GRC,2019,33502.75,10721582.0,0.5170000195503235,57.2897286477691,42.187,
GRC,2020,30487.113,10698599.0,-1.247951877013435,57.6385194008422,42.097,
GRC,2021,33531.156,10569207.0,1.223826,58.3823438839074,42.954,
GRC,2022,35831.344,10436882.0,9.645261,58.9229298063424,45.386,
GRC,2023,36700.51,10407351.0,4.155,58.9062451092587,46.091,
GRC,2024,37474.28,10405134.0,2.7415075327826863,59.1322060504029,47.089,
GRD,1990,8883.919,99957.0,2.7239999771118164,66.615548739832,,12.3075851339753
GRD,1991,8932.304,100793.0,2.6449999809265137,66.7863584465441,,5.27992086903399
GRD,1992,8785.759,101602.0,3.7780001163482666,67.2763792620886,,7.70259948491636
GRD,1993,8548.039,102382.0,2.809000015258789,68.004594683295,,9.76503645777802
GRD,1994,8629.086,103138.0,6.434999942779541,68.8600009823344,,7.59495339411635
GRD,1995,8750.818,103869.0,3.0269999504089355,69.7538733084919,,7.78452204067865
GRD,1996,9076.719,104584.0,2.0320000648498535,70.5266590575575,,7.12835236156298
GRD,1997,9467.777,105293.0,1.2450000047683716,71.0079256805041,,9.28555185844833
GRD,1998,10509.109,106009.0,1.4049999713897705,71.1921064530715,,9.82387783832158
GRD,1999,11158.489,106727.0,0.5740000009536743,71.0681541322049,,10.3832369979845
GRD,2000,11625.051,107451.0,2.1419999599456787,70.6655019059721,,8.4930103677685
GRD,2001,11333.237,107987.0,1.6710000038146973,68.9445852498514,,7.87371781001669
GRD,2002,11677.703,108404.0,1.0670000314712524,66.0753132947268,,10.8965308423077
GRD,2003,12726.526,108884.0,2.1549999713897705,63.2972900013498,,12.1346396745791
GRD,2004,12593.3545,109323.0,2.312999963760376,60.6958592406403,,7.99137765738598
GRD,2005,14211.843,109734.0,3.4760000705718994,58.344035439604,,7.39131272579977
GRD,2006,13594.355,110135.0,4.251999855041504,56.27305749475,,4.98861196232189
GRD,2007,14376.282,110522.0,3.8589999675750732,54.4941150157958,,7.26792403678251
GRD,2008,14463.56,110896.0,8.032999992370605,52.9944952609577,,1.55891637090333
GRD,2009,13463.58,111254.0,-0.3089999854564667,51.7334497149559,,11.0040426570786
GRD,2010,13354.908,111586.0,3.437000036239624,50.6961794535903,,10.0470160967526
GRD,2011,13397.85,112079.0,3.0329999923706055,49.9792583869716,,10.4380374487312
GRD,2012,13161.3955,112775.0,2.4110000133514404,49.4837161830786,,5.58064548514391
GRD,2013,13386.319,113487.0,-0.04399999976158142,49.0243454053628,,6.16684561719863
GRD,2014,14287.954,114132.0,-0.9829999804496765,48.5507152061017,,8.34606768150651
GRD,2015,15136.696,114676.0,-0.5839999914169312,48.0008776005369,,8.34606768150651
GRD,2016,15640.827,115130.0,1.715999960899353,47.6467118087617,,8.34606768150651
GRD,2017,16291.489,115438.0,0.911,47.406527735213,,8.34606768150651
GRD,2018,16964.852,115691.0,0.81,47.1427662957075,,8.34606768150651
GRD,2019,17036.916,115981.0,0.5989999771118164,46.9868829605221,,8.34606768150651
GRD,2020,14647.745,116341.0,-0.742,46.8123769622937,,8.34606768150651
GRD,2021,15290.251,116688.0,1.22,46.6187520418164,,8.34606768150651
GRD,2022,16376.428,116913.0,2.65,46.5020112025864,,8.34606768150651
GRD,2023,17093.156,117081.0,2.715,46.4482719801869,,8.34606768150651
GRD,2024,17751.51,117207.0,1.407,46.370277864502,,8.34606768150651
GRL,1990,38137.57,55600.0,,42.1267893660532,,
GRL,1991,38162.934,55500.0,,43.3441810010848,,
GRL,1992,36343.125,55300.0,,44.4667955483568,,
GRL,1993,34578.348,55200.0,,45.5312417611389,,
GRL,1994,36428.914,55500.0,,46.5423916774483,,
GRL,1995,37584.07,55800.0,,47.225666868948,,
GRL,1996,38090.71,55900.0,,47.4895121500752,,
GRL,1997,38581.215,56000.0,,47.6170392239561,,
GRL,1998,41500.23,56100.0,,47.6315789473684,,
GRL,1999,42072.055,56100.0,,47.4492075590717,,
GRL,2000,44991.676,56185.0,,47.0388108136401,,
GRL,2001,45405.855,56379.0,,46.4579815560462,,
GRL,2002,44793.27,56595.0,,45.7807428777497,,
GRL,2003,46649.047,56751.0,,45.1098212687617,,
GRL,2004,49742.06,56898.0,,44.4687063602895,,
GRL,2005,52189.0,56935.0,,43.8344743955739,,
GRL,2006,55243.71,56775.0,,43.2157001236032,,
GRL,2007,56763.24,56555.0,,42.6679448046215,,
GRL,2008,60506.195,56328.0,,42.2521339461589,,
GRL,2009,61035.566,56323.0,,41.92768048381,,
GRL,2010,61863.28,56534.0,,41.5200140185746,,
GRL,2011,61170.92,56890.0,,41.0857327083798,,
GRL,2012,62111.1,56810.0,,40.7756164044109,,
GRL,2013,61659.64,56483.0,,40.571414350066,,
GRL,2014,64799.305,56295.0,,40.4811219524368,,
GRL,2015,63364.055,56114.0,,40.5027793079273,,
GRL,2016,66245.73,56186.0,,40.6031031031031,,
GRL,2017,66297.18,56172.0,,40.8031282899684,,
GRL,2018,66887.68,56023.0,,41.1326078194277,,
GRL,2019,68534.945,56225.0,,41.6639371110383,,
GRL,2020,68533.734,56367.0,,42.2834208400646,,
GRL,2021,69302.01,56653.0,,42.9151635932494,,
GRL,2022,70681.23,56661.0,,43.6394057699133,,
GRL,2023,71037.54,56865.0,,44.7646444846109,,
GTM,1990,7594.7285,9024773.0,41.03407287597656,95.2063896923254,60.575,9.67589703051194
GTM,1991,7662.1675,9272584.0,35.0610237121582,95.0970026765236,64.896,9.67589703051194
GTM,1992,7822.26,9522266.0,10.234721183776855,94.915791647758,65.0,9.67589703051194
GTM,1993,7915.4067,9779761.0,13.360111236572266,94.6367120478492,65.066,9.67589703051194
GTM,1994,8018.28,10043718.0,12.528814315795898,94.3578521886772,65.125,9.67589703051194
GTM,1995,8195.346,10312996.0,8.409920692443848,94.0338284682176,65.212,9.67589703051194
GTM,1996,8222.065,10583526.0,11.06125259399414,93.5943449773791,65.2,9.67589703051194
GTM,1997,8364.161,10857754.0,9.236664772033691,93.0359348676524,65.274,9.58841269281907
GTM,1998,8559.986,11139145.0,6.6220245361328125,92.2980115998783,65.364,6.44892642783158
GTM,1999,8668.427,11422965.0,5.21213436126709,91.4781493329507,65.435,13.7756036385926
GTM,2000,8770.404,11697592.0,5.975948333740234,90.7630641286588,65.46,13.1531750593886
GTM,2001,8771.155,11969422.0,7.284487247467041,90.0103391570531,65.388,26.0278452141985
GTM,2002,8901.536,12246915.0,8.126792907714844,89.0023823387477,65.444,9.76338136820481
GTM,2003,8926.153,12525842.0,5.596412658691406,87.7262698847206,65.874,10.0574083332612
GTM,2004,9003.857,12807402.0,7.566763401031494,86.2506893109682,61.237,7.34454924202278
GTM,2005,9099.724,13087629.0,9.104693412780762,84.6598327799119,60.757,6.96981805724988
GTM,2006,9386.001,13367459.0,6.55793571472168,82.9981312024304,60.393,7.41195297211511
GTM,2007,9772.806,13652040.0,6.828771114349365,81.2868486815643,60.034,5.34126630243767
GTM,2008,9889.572,13935174.0,11.358789443969727,79.5368201134386,59.573,3.64159234246354
GTM,2009,9740.709,14215611.0,1.8660959005355835,77.763131897951,58.944,9.8928320985951
GTM,2010,9825.018,14500112.0,3.8640310764312744,75.9881537818837,58.344,7.80319865201801
GTM,2011,10032.089,14792126.0,6.213489055633545,74.2499171577809,59.455,6.11382983166567
GTM,2012,10126.828,15089647.0,3.780871629714966,72.5972732426122,63.318,9.77861845512877
GTM,2013,10297.84,15387337.0,4.338778495788574,71.0381612271972,58.403,9.90640791465114
GTM,2014,10553.564,15681725.0,3.4178051948547363,69.5871817440447,59.082,10.6094898170843
GTM,2015,10785.958,15971743.0,2.3888537883758545,68.2484082404697,59.077,10.6094898170843
GTM,2016,10872.594,16268760.0,4.451478958129883,66.9557228820458,59.122,10.6094898170843
GTM,2017,11005.459,16567357.0,4.425,65.7208767382211,59.442,10.6094898170843
GTM,2018,11192.372,16845685.0,3.75,64.5800677559675,59.122,10.6094898170843
GTM,2019,11466.377,17103803.0,3.700000047683716,63.4502854678952,57.871,10.6094898170843
GTM,2020,11097.15,17357325.0,3.214440621973744,62.2054538401565,57.018,10.6094898170843
GTM,2021,11825.142,17598650.0,4.26105127422819,60.8832620120909,61.569,10.6094898170843
GTM,2022,12147.931,17847877.0,6.88512823344285,59.6014318443178,58.403,10.6094898170843
GTM,2023,12384.948,18124838.0,6.209,58.4095417496558,58.189,10.6094898170843
GTM,2024,12640.888,18406359.0,2.869,57.2981463861187,58.144,10.6094898170843
GUY,1990,5074.431,749894.0,64.30000305175781,69.0454345645338,49.97,-15.145686150901
GUY,1991,5396.4634,747861.0,103.0999984741211,68.5068395307075,52.426,-43.0581813435781
GUY,1992,5799.2183,749911.0,26.700000762939453,68.0670197244715,52.724,15.6214197259086
GUY,1993,6247.866,752965.0,8.399999618530273,67.7295975193577,53.083,2.06207171513902
GUY,1994,6755.3286,755822.0,12.399999618530273,67.5144836634914,52.782,1.53418484933056
GUY,1995,7071.213,758388.0,12.222000122070312,67.4267661882654,52.415,6.11320586697944
GUY,1996,7612.304,760526.0,7.0920000076293945,67.4431968295905,52.081,13.3384742130303
GUY,1997,8064.5674,762245.0,3.555999994277954,67.5442684063374,51.714,15.3789556135872
GUY,1998,7915.2295,763586.0,4.567999839782715,67.6924732457961,51.279,13.3994316286384
GUY,1999,8139.97,764483.0,7.5329999923706055,67.8210627527254,50.856,5.30329961137331
GUY,2000,8025.2935,764832.0,6.111999988555908,67.8720994547897,50.386,10.0534953418167
GUY,2001,8212.043,764477.0,2.6480000019073486,67.7875519619334,50.051,16.6319781955821
GUY,2002,8314.027,763652.0,5.360000133514404,67.4934035781887,49.617,13.3564755150324
GUY,2003,8267.429,763101.0,5.979000091552734,66.9306289594344,49.889,9.81042651108704
GUY,2004,8404.2,762418.0,4.670000076293945,66.0921981644021,50.092,7.27362353382847
GUY,2005,8256.525,760914.0,6.925000190734863,65.013022555804,50.246,6.41851576086262
GUY,2006,8702.331,758966.0,6.677000045776367,63.7115265563558,50.487,-58.3271742993337
GUY,2007,9354.08,756861.0,12.199999809265137,62.3174667853351,50.409,5.91420681228497
GUY,2008,9546.709,754606.0,8.10200023651123,60.9548003438339,50.291,4.58925923220444
GUY,2009,9924.526,752094.0,2.9519999027252197,59.6044760124188,50.09,13.2356719952726
GUY,2010,10374.395,749256.0,4.302000045776367,58.2842692997522,49.848,10.1656425967412
GUY,2011,10958.86,746153.0,4.4079999923706055,57.0738094536391,49.672,11.7587764160363
GUY,2012,11534.999,746288.0,2.3910000324249268,56.2223026989234,49.437,8.72119167293918
GUY,2013,11896.907,750021.0,1.909000039100647,55.7294370227026,49.151,14.1124191336406
GUY,2014,12030.053,754229.0,0.6840000152587891,55.3988762771685,48.832,15.260022323101
GUY,2015,12040.083,758781.0,-0.8650000095367432,55.2425261676201,48.514,15.260022323101
GUY,2016,12420.473,763548.0,0.8270000219345093,55.2559983733225,48.288,15.260022323101
GUY,2017,12801.641,768479.0,1.944,55.4357477604303,48.112,15.260022323101
GUY,2018,12980.357,791556.0,1.27,54.3024230491822,48.188,15.260022323101
GUY,2019,13402.422,807665.0,2.0920000076293945,53.9720485823168,45.209,15.260022323101
GUY,2020,19234.13,807481.0,0.722,54.9614746154658,42.974,15.260022323101
GUY,2021,22865.928,815482.0,3.321,55.0916971436287,43.726,15.260022323101
GUY,2022,37068.2,821637.0,6.018061288707845,55.3409273526492,47.587,15.260022323101
GUY,2023,49312.36,826353.0,4.519,55.7699884070538,48.182,15.260022323101
GUY,2024,70516.72,831087.0,2.90395226446371,55.9953375228056,48.591,15.260022323101
HKG,1990,31598.756,5704500.0,10.260000228881836,42.5149485177396,57.900999999999996,2.26380820700539
HKG,1991,33124.688,5752000.0,11.23799991607666,42.1613417539378,62.301,0.253130861393986
HKG,1992,34895.76,5800500.0,9.571999549865723,41.8283574608257,61.18,-2.33485669940919
HKG,1993,36428.527,5901000.0,8.83899974822998,41.4973202791005,60.78,-1.94542307338842
HKG,1994,37767.195,6035400.0,8.781999588012695,41.1273492288083,60.648,0.991101549258895
HKG,1995,37905.652,6156100.0,9.039999961853027,40.7416755486116,59.681,4.56724354318141
HKG,1996,37804.07,6435500.0,6.322999954223633,40.450848204835,59.648,2.49058041653546
HKG,1997,39402.594,6489300.0,5.818999767303467,40.2253571648517,59.821,2.96487847579654
HKG,1998,36776.383,6543700.0,2.8299999237060547,39.9590498346786,58.345,8.57139473970503
HKG,1999,37339.926,6606500.0,-3.9809999465942383,39.5808833875825,57.121,13.1336571276039
HKG,2000,39848.59,6665000.0,-3.7160000801086426,39.0656333453725,57.719,13.1100254097013
HKG,2001,39777.855,6714300.0,-1.6059999465942383,38.6766411349744,57.864,8.77340518056427
HKG,2002,40258.17,6744100.0,-3.046999931335449,38.4463647277344,56.793,8.80559662708679
HKG,2003,41570.58,6730800.0,-2.5969998836517334,38.0817334272916,55.974,11.7113271019205
HKG,2004,44836.207,6783500.0,-0.35499998927116394,37.4809262568404,56.587,8.93247030006136
HKG,2005,47938.9,6813200.0,0.9190000295639038,36.7124441593314,57.187,6.36798461419555
HKG,2006,50981.793,6857100.0,2.0139999389648438,35.9303171528991,57.657,8.49698304535722
HKG,2007,53813.08,6916300.0,2.0299999713897705,35.3261706448474,58.136,4.29043309332348
HKG,2008,54630.375,6957800.0,4.296000003814697,34.879274926486,57.938,3.98001331479989
HKG,2009,53172.3,6972800.0,0.5770000219345093,34.4835513779318,56.822,5.3956557139453
HKG,2010,56355.41,7024200.0,2.313999891281128,34.0969873136484,56.276,4.71659616207754
HKG,2011,58672.83,7071600.0,5.2769999504089355,33.9176147984305,57.296,1.06077937537636
HKG,2012,59015.332,7150100.0,4.064000129699707,34.2513115606412,57.781,1.40537380606836
HKG,2013,60601.61,7178900.0,4.323999881744385,34.9615930314556,58.437,3.13078890351097
HKG,2014,61839.812,7229500.0,4.439000129699707,35.8520759839574,58.338,2.09016381568074
HKG,2015,62779.75,7291300.0,2.995387077331543,36.8431246619414,58.461,2.09016381568074
HKG,2016,63749.41,7336600.0,2.4194226264953613,37.9119773975191,58.349,2.09016381568074
HKG,2017,65662.836,7393200.0,1.481,39.128588937798,58.577,2.09016381568074
HKG,2018,66993.97,7452600.0,2.41,40.4021598941078,58.946,2.09016381568074
HKG,2019,65388.332,7507900.0,2.865000009536743,41.7143206606678,58.245,2.09016381568074
HKG,2020,61328.527,7481000.0,0.3254370695523864,43.0664684402752,55.55,2.09016381568074
HKG,2021,65884.94,7413100.0,1.5687583444592894,44.5870119180782,55.704,2.09016381568074
HKG,2022,64036.645,7346100.0,1.88136707196846,46.1893957002668,55.353,2.09016381568074
HKG,2023,64434.56,7536100.0,2.097,47.8071542342089,55.528,2.09016381568074
HKG,2024,66153.98,7524100.0,1.72972119105915,49.6445293559126,55.139,2.09016381568074
HND,1990,1172.0798,4980488.0,23.40755844116211,97.2358408074945,59.507000000000005,17.207537012113
HND,1991,1436.0507,5123792.0,33.94880294799805,96.2505199472048,62.665,19.9379139072845
HND,1992,1521.9473,5271431.0,8.709269523620605,95.1577016001546,63.779,15.1264619883043
HND,1993,1681.0824,5423249.0,10.806922912597656,94.0049395117296,63.885,15.133037825059
HND,1994,2108.2742,5579242.0,21.742523193359375,92.8161404168435,63.759,27.2316646562123
HND,1995,2555.0261,5739637.0,29.480878829956055,91.6126762138546,63.812,21.948493626883
HND,1996,3054.1577,5903954.0,23.82444953918457,90.4031424503308,63.031,25.8056835205994
HND,1997,3635.9807,6071454.0,20.19986915588379,89.1842440721146,63.787,25.4421913909641
HND,1998,3950.835,6234431.0,13.65701675415039,87.857877870669,63.358,27.9612042842215
HND,1999,4293.827,6400463.0,11.70389175415039,86.542106356866,63.344,32.0847746553552
HND,2000,4579.6895,6577773.0,11.053875923156738,85.3497886494274,61.88,19.5951891666667
HND,2001,4578.9478,6757993.0,9.631255149841309,84.1307116885523,61.29,14.5070191720073
HND,2002,4627.023,6938859.0,7.70941162109375,82.8049471886088,60.76,16.7023341391042
HND,2003,4714.867,7119213.0,7.663626670837402,81.3802062765508,59.436,14.2250659198217
HND,2004,4885.343,7298994.0,8.107608795166016,79.8958826010027,58.489,12.6107713947499
HND,2005,5056.6753,7478355.0,8.803841590881348,78.3394613249721,58.64,10.7680920759953
HND,2006,5263.1504,7656832.0,5.578334331512451,76.6968475635858,57.717,11.4742824482469
HND,2007,5461.9014,7834798.0,6.951853275299072,74.9959907351361,57.065,9.35938603880539
HND,2008,5566.7065,8012587.0,11.39358139038086,73.2703749692388,57.696,9.4128441222212
HND,2009,5313.756,8189899.0,5.496570110321045,71.5457045075185,58.805,10.9529575160613
HND,2010,5396.0723,8365878.0,4.707005500793457,69.8327835239903,59.364,13.5547928877014
HND,2011,5488.4336,8540583.0,6.762021541595459,68.1556416402916,57.055,9.9718069923307
HND,2012,5600.608,8715076.0,5.19954252243042,66.5563499269662,56.207,14.3569629848232
HND,2013,5644.134,8889278.0,5.154819011688232,65.0370119525093,59.123,18.4532824160285
HND,2014,5705.1626,9063122.0,6.1324462890625,63.5795259596654,59.611,12.8806218683924
HND,2015,5812.5347,9237305.0,3.1577389240264893,62.1657515555952,60.152,12.8806218683924
HND,2016,5926.49,9412380.0,2.724531888961792,60.8206269905275,59.063,12.8806218683924
HND,2017,6099.6074,9588137.0,3.934,59.5919942822008,60.801,12.8806218683924
HND,2018,6219.28,9765210.0,4.34,58.5071463840858,62.737,12.8806218683924
HND,2019,6264.019,9943633.0,4.364999771118164,57.5525251243283,59.578,12.8806218683924
HND,2020,5603.264,10119640.0,3.468411779512052,56.6772344988914,52.961,12.8806218683924
HND,2021,6202.981,10289877.0,4.48087963413448,55.8747769782473,55.526,12.8806218683924
HND,2022,6352.587,10463872.0,9.08963911525029,55.1663201925249,53.492,12.8806218683924
HND,2023,6467.88,10644851.0,6.663,54.5329302016737,53.057,12.8806218683924
HND,2024,6585.8555,10825703.0,4.60621098127105,53.9383402159092,53.815,12.8806218683924
HRV,1990,23399.736,4777368.0,598.7000122070312,45.7685810913893,46.95,7.834938506079714
HRV,1991,18812.943,4689022.0,122.5999984741211,45.8212865737134,50.964,7.834938506079714
HRV,1992,17020.238,4575818.0,635.5999755859375,45.9438840031678,50.565,7.834938506079714
HRV,1993,15570.403,4600463.0,1523.678955078125,46.0637402460672,50.159,-1.47953164033389
HRV,1994,16301.754,4652024.0,101.0274887084961,46.2105206915734,49.87,-41.9571288924379
HRV,1995,17522.75,4620030.0,1.9560259580612183,46.458624914606,49.535,-2.64234672097419
HRV,1996,18849.98,4557097.0,3.6208834648132324,46.8476126734171,49.207,17.9907431046096
HRV,1997,20110.514,4534920.0,3.629143476486206,47.2987817672398,48.717,8.02411181933112
HRV,1998,20575.975,4532135.0,6.631703853607178,47.7986580464221,47.371,7.000457316528
HRV,1999,20489.678,4512597.0,4.00837516784668,48.3144283747915,45.834,11.0427695750227
HRV,2000,21302.25,4468302.0,4.595787048339844,48.8829535208705,44.177,7.40046327315708
HRV,2001,22826.625,4299642.0,3.780153751373291,49.3565496736982,43.966,5.10522770527876
HRV,2002,24137.115,4302174.0,1.670552372932434,49.6449467654937,43.971,8.66644271414854
HRV,2003,25473.906,4303399.0,1.7694897651672363,49.7926488319833,44.566,6.97616215059997
HRV,2004,26528.887,4304600.0,2.0497686862945557,49.8467800131376,45.687,7.8370724525506
HRV,2005,27641.207,4310145.0,3.3160665035247803,49.9613975378622,46.024,7.83280455960883
HRV,2006,29035.53,4311159.0,3.1846189498901367,49.9783963931369,46.307,5.82832254833918
HRV,2007,30508.28,4310217.0,2.9004323482513428,50.0158187371114,47.631,4.83706670295624
HRV,2008,31113.865,4309705.0,6.079174995422363,50.0790145227927,48.553,4.30201649125526
HRV,2009,29024.76,4305181.0,2.3730177879333496,49.9484171267678,48.169,8.32314888806859
HRV,2010,28702.004,4295427.0,1.0261070728302002,49.6358410318168,46.43,9.37036526291186
HRV,2011,28769.33,4280622.0,2.2649402618408203,49.4544483296179,44.678,7.8823305094704
HRV,2012,28259.346,4260368.0,3.4127304553985596,49.6036022559398,43.09,7.95701684150427
HRV,2013,28397.855,4233922.0,2.2169957160949707,49.8940738721452,42.012,8.44680311573686
HRV,2014,28456.736,4201598.0,-0.20861181616783142,50.4049904010098,43.204,8.44053899838005
HRV,2015,29466.7,4151725.0,-0.46123450994491577,51.1801168956063,44.095,8.44053899838005
HRV,2016,30821.164,4106867.0,-1.1200960874557495,52.0598913960268,44.5,8.44053899838005
HRV,2017,32348.934,4041407.0,1.129,53.1539680921575,45.695,8.44053899838005
HRV,2018,33729.906,3988775.0,1.5,54.404174761829,46.696,8.44053899838005
HRV,2019,35122.85,3949390.0,0.7720000147819519,55.5626368276391,47.536,8.44053899838005
HRV,2020,32493.312,3914206.0,0.2750000059604645,56.5384976854398,47.204,8.44053899838005
HRV,2021,36930.285,3878981.0,2.5545069964204297,57.4325023610932,48.145,8.44053899838005
HRV,2022,39864.01,3855641.0,10.7805806758686,58.1918903516528,48.931,8.44053899838005
HRV,2023,41320.203,3859686.0,8.393,58.6141257780841,49.058,8.44053899838005
HRV,2024,42829.2,3866200.0,2.9719774520426028,59.0102882477899,49.739,8.44053899838005
HTI,1990,3959.0251,6854441.0,21.275999069213867,84.1400470179644,56.635,4.94294278231208
HTI,1991,3952.1726,6995450.0,15.420000076293945,84.0252183827131,61.552,4.94294278231208
HTI,1992,3668.3132,7136571.0,19.357999801635742,83.7914144651534,61.205,4.94294278231208
HTI,1993,3401.759,7278181.0,22.555999755859375,83.4365799888751,60.799,4.94294278231208
HTI,1994,2938.07,7419771.0,42.55699920654297,82.9812561730336,60.277,-29.4866399341595
HTI,1995,3167.913,7562546.0,30.200000762939453,82.4470020245767,60.192,-2.56083209659728
HTI,1996,3237.0198,7707557.0,20.583999633789062,81.8385290521912,59.903,9.1880098802986
HTI,1997,3262.4592,7854298.0,16.177000045776367,81.1496639840436,59.671,1.36214803460204
HTI,1998,3272.0496,8002143.0,12.722000122070312,80.3823984888001,59.137,1.39507568107908
HTI,1999,3299.2354,8151296.0,8.12600040435791,79.5426992585074,58.684,7.53269346398112
HTI,2000,3267.0764,8303151.0,11.458999633789062,78.6483303903405,57.471,-39.1298223703371
HTI,2001,3197.0571,8455918.0,16.492000579833984,77.6701950314897,56.856,4.0633448058504
HTI,2002,3173.7385,8607641.0,9.345000267028809,76.5809764629569,56.239,7.00096374173276
HTI,2003,3227.1208,8759912.0,26.733999252319336,75.4117360828128,55.703,4.42753781592066
HTI,2004,3130.8555,8910263.0,28.31599998474121,74.1547879420439,55.084,4.94294278231208
HTI,2005,3173.2607,9061273.0,16.761999130249023,72.8421985490925,54.537,11.926604532383
HTI,2006,3174.9763,9216562.0,14.210000038146973,71.5666152023026,54.007,11.3183065025137
HTI,2007,3268.8188,9373296.0,8.958000183105469,70.3635956506946,53.706,18.2217518685271
HTI,2008,3300.2585,9530774.0,14.380999565124512,69.2417979441899,54.391,4.55815126209532
HTI,2009,3437.3806,9689581.0,3.428999900817871,68.2048966580113,55.216,5.13227968274662
HTI,2010,3205.4983,9803294.0,4.136000156402588,67.1131862549563,55.617,9.39331785940299
HTI,2011,3330.9983,9914904.0,7.385000228881836,66.0501065812409,56.22,6.98736420255494
HTI,2012,3296.2478,10069771.0,6.78000020980835,65.1132658490614,56.454,0.671275931527155
HTI,2013,3387.4717,10222362.0,6.776000022888184,64.1877475497991,56.8,0.597120820636305
HTI,2014,3434.636,10373235.0,3.944000005722046,63.2843449372842,56.774,8.36864815964039
HTI,2015,3433.0752,10523242.0,7.52400016784668,62.4034039884297,56.788,8.36864815964039
HTI,2016,3446.7527,10671457.0,13.378000259399414,61.5877104706967,56.723,8.36864815964039
HTI,2017,3485.4924,10817754.0,14.738,60.8591394627646,56.738,8.36864815964039
HTI,2018,3496.8787,10962362.0,12.89,60.1712469523247,56.747,8.36864815964039
HTI,2019,3392.4326,11105163.0,17.308000564575195,59.4966700801278,56.547,8.36864815964039
HTI,2020,3239.8354,11243848.0,22.79631136425294,58.8189047336414,55.046,8.36864815964039
HTI,2021,3145.0068,11374586.0,15.941,58.120882973509,55.654,8.36864815964039
HTI,2022,3057.4285,11503606.0,33.9839319470699,57.4139171312685,55.376,8.36864815964039
HTI,2023,2965.9463,11637398.0,44.1,56.7161065708492,55.163,8.36864815964039
HTI,2024,2809.6453,11772557.0,26.9490564091987,55.9912955357223,54.623,8.36864815964039
HUN,1990,21297.0,10373988.0,28.369596481323242,50.6817945127303,48.457,2.47397792355931
HUN,1991,18765.416,10373400.0,34.81753921508789,49.8950356061072,46.886,-0.414709330879182
HUN,1992,18197.531,10369341.0,23.655712127685547,49.210057368222,46.037,9.49789997690751
HUN,1993,18113.336,10357523.0,22.464244842529297,48.6097008227858,44.881,3.41902846514139
HUN,1994,18672.707,10343355.0,18.868070602416992,48.1545911378721,45.465,6.61885453373283
HUN,1995,18977.244,10328965.0,28.305469512939453,47.861766173196,45.75,4.63616749801287
HUN,1996,19029.113,10311238.0,23.46903419494629,47.5899073802118,45.777,4.38064309564756
HUN,1997,19635.295,10290486.0,18.30507469177246,47.302811074816,46.265,1.25160556446569
HUN,1998,20438.383,10266570.0,14.153792381286621,47.1061418061155,46.283,4.8469166582727
HUN,1999,21128.889,10237530.0,9.9977388381958,46.862467414201,47.381,7.60077556937831
HUN,2000,22117.92,10210971.0,9.803609848022461,46.5134969001209,47.8,2.74050611292344
HUN,2001,23069.21,10187576.0,9.116809844970703,46.0796947512792,48.56,0.980904285816731
HUN,2002,24229.295,10158608.0,5.265448570251465,45.7484195392198,48.862,1.96434573154422
HUN,2003,25255.871,10129552.0,4.661018371582031,45.5260957931616,48.957,3.97739464988351
HUN,2004,26568.12,10107146.0,6.744340896606445,45.2882759790502,49.14,7.30604086882551
HUN,2005,27765.79,10087065.0,3.561520576477051,45.1149712598825,48.561,5.76699055471228
HUN,2006,28903.047,10071370.0,3.9303314685821533,44.9804921957987,48.481,4.2510081795742
HUN,2007,29044.066,10055780.0,7.958739757537842,44.9578544845588,48.433,3.45799175068604
HUN,2008,29384.008,10038188.0,6.042511940002441,45.0548815371194,48.097,5.13519758378989
HUN,2009,27445.959,10022650.0,4.211716175079346,45.2408244250738,46.391,6.5473062011842
HUN,2010,27801.834,10000023.0,4.8555521965026855,45.3474391729633,46.181,4.93090529604046
HUN,2011,28415.117,9971727.0,3.929922103881836,45.4921371252785,46.473,6.27203112740386
HUN,2012,28179.656,9920362.0,5.652146339416504,45.9183193176449,47.052,5.95314070328022
HUN,2013,28891.021,9872734.0,1.7331994771957397,46.5518564551724,48.076,3.37347129461548
HUN,2014,30264.95,9833038.0,-0.2275659739971161,47.3832344986651,50.761,0.730458422702216
HUN,2015,31485.568,9797755.0,-0.06164563074707985,48.2516970384934,52.382,0.730458422702216
HUN,2016,32378.967,9759755.0,0.39476776123046875,49.1419689923618,54.366,0.730458422702216
HUN,2017,33828.715,9726756.0,2.408,49.9595066798946,55.43,0.730458422702216
HUN,2018,35798.043,9706964.0,2.85,50.7744401660746,56.16,0.730458422702216
HUN,2019,37662.676,9694824.0,3.371000051498413,51.8661548498973,56.477,0.730458422702216
HUN,2020,36119.52,9670419.0,3.326743857666615,53.0182854466453,55.963,0.730458422702216
HUN,2021,38887.19,9630932.0,5.110965,53.7758455735364,56.738,0.730458422702216
HUN,2022,40610.973,9605074.0,14.60814,54.2213783062208,57.712,0.730458422702216
HUN,2023,40333.254,9592186.0,17.14,54.5703480456464,58.127,0.730458422702216
HUN,2024,40686.934,9562065.0,3.703724639701949,54.7857651144164,57.931,0.730458422702216
IDN,1990,4873.0537,183501098.0,7.819192409515381,66.441821588986,63.596000000000004,10.7531630625024
IDN,1991,5118.468,186778238.0,9.419073104858398,65.1982983795626,64.22,15.4148670582966
IDN,1992,5357.376,190043744.0,7.523514270782471,64.0004085949468,64.503,15.6069117143453
IDN,1993,5609.152,193305168.0,9.671895027160645,62.8062315539282,63.8,1.20357312645775
IDN,1994,5931.235,196591828.0,8.532004356384277,61.638983497166,63.882,9.26307725112063
IDN,1995,6312.9346,199888057.0,9.420316696166992,60.5320359171214,63.752,8.16295467111803
IDN,1996,6695.4097,203204348.0,7.973281383514404,59.5017980028463,63.619,9.69941919220801
IDN,1997,6897.0024,206536095.0,6.226135730743408,58.5270356992151,63.231,8.21356548046801
IDN,1998,5897.6855,209826788.0,58.4510612487793,57.5769241069289,63.276,-24.6001680758639
IDN,1999,5855.658,213004668.0,20.477825164794922,56.6440473452067,62.948,11.8265264283871
IDN,2000,6056.382,216077790.0,3.6886165142059326,55.8008907117312,63.638,-1.65421247091313
IDN,2001,6190.5195,219097902.0,11.50011920928955,55.1131405443784,63.046,3.71998595702973
IDN,2002,6381.9497,222088495.0,11.90011978149414,54.5155741469321,61.62,12.3224124961922
IDN,2003,6599.092,225048008.0,6.757310390472412,53.9272699970922,61.299,10.8520711478648
IDN,2004,6843.5464,227926649.0,6.064064979553223,53.3540032243905,60.879,5.1344102312341
IDN,2005,7140.8545,230871650.0,10.453200340270996,52.8815735759382,59.283,-0.245735467014772
IDN,2006,7434.488,233951652.0,13.108673095703125,52.4846088421651,59.359,1.65815142163521
IDN,2007,7802.464,237062337.0,6.406556606292725,52.1311902636998,60.889,2.3396740908807
IDN,2008,8165.0615,240157903.0,10.226675033569336,51.796391603422,61.589,-3.85224502633452
IDN,2009,8435.456,243220028.0,4.386406898498535,51.4312184816146,62.014,5.7479520957843
IDN,2010,8848.225,246305322.0,5.134202003479004,51.0659039313865,62.845,-1.74609753559601
IDN,2011,9274.97,249470032.0,5.356054306030273,50.7251147654356,63.465,4.59437674883757
IDN,2012,9708.612,252698525.0,4.279510498046875,50.3950625185566,64.404,7.75018856489028
IDN,2013,10121.814,255852467.0,6.412496089935303,50.043914325018,63.863,6.37493124212137
IDN,2014,10504.387,258877399.0,6.394927501678467,49.6839805094095,63.927,6.79211858069728
IDN,2015,10893.662,261799249.0,6.363123416900635,49.3596437927725,63.573,6.79211858069728
IDN,2016,11319.663,264627418.0,3.5258026123046875,49.0806241774761,63.462,6.79211858069728
IDN,2017,11772.574,267346658.0,3.809,48.813317657578,64.171,6.79211858069728
IDN,2018,12262.231,269951846.0,3.2,48.5572855648717,64.684,6.79211858069728
IDN,2019,12757.785,272489381.0,2.819999933242798,48.3187310528364,65.789,6.79211858069728
IDN,2020,12388.545,274814866.0,1.92096800566842,48.0216798448748,64.533,6.79211858069728
IDN,2021,12757.074,276758053.0,1.560136,47.6279810142978,63.348,6.79211858069728
IDN,2022,13334.266,278830529.0,4.209456,47.2726576874372,64.698,6.79211858069728
IDN,2023,13889.975,281190067.0,3.713,47.0224568841154,65.653,6.79211858069728
IDN,2024,14470.4375,283487931.0,2.181492336407646,46.8135550051726,65.685,6.79211858069728
IND,1990,2203.147,864972221.0,8.971230506896973,74.2102460090207,53.1965,5.26952699827423
IND,1991,2178.686,883927600.0,13.870253562927246,73.6394717785432,53.537,3.62471659575062
IND,1992,2249.698,902957070.0,11.787817001342773,73.0414337152497,53.561,9.1327494058766
IND,1993,2307.6072,922118387.0,6.326884746551514,72.42005748992,53.581,5.81477651213036
IND,1994,2411.4626,941163767.0,10.247934341430664,71.767235521839,53.655,4.33710973757939
IND,1995,2542.422,960301044.0,10.22488784790039,71.0333210055779,53.975,5.86417810908186
IND,1996,2680.2788,979678458.0,8.977145195007324,70.2088855735137,54.302,7.79299430029867
IND,1997,2734.521,999133762.0,7.16425895690918,69.3432839707025,54.592,6.90957899531884
IND,1998,2847.9624,1018665080.0,13.230844497680664,68.4423001360828,54.892,5.1212763287722
IND,1999,3041.4827,1038225823.0,4.66981840133667,67.5027186489675,55.213,9.19124732238965
IND,2000,3099.503,1057922733.0,4.009429454803467,66.5658129376285,55.52,8.34261083140927
IND,2001,3188.8103,1077898575.0,3.7792892456054688,65.6393614041737,55.363,8.59144929637163
IND,2002,3250.6956,1097600380.0,4.29716682434082,64.7352214074379,55.175,7.90717718897463
IND,2003,3445.926,1116803006.0,3.8058643341064453,63.8360537864219,55.056,7.30788116038414
IND,2004,3656.1262,1135991513.0,3.7672364711761475,62.8827039448926,54.928,4.9101283033462
IND,2005,3881.966,1154676322.0,4.246352195739746,61.9081709086155,54.812,4.85514517186609
IND,2006,4129.7783,1172878890.0,5.796512603759766,60.9024728456723,53.938,2.5706067017683
IND,2007,4379.696,1190676021.0,6.372883319854736,59.8780645451957,53.076,5.68184406453711
IND,2008,4450.39,1207930964.0,8.34926700592041,58.8878284434793,52.2,3.77175624965394
IND,2009,4731.362,1225524753.0,10.882352828979492,57.9164697840483,51.379,4.80859210766597
IND,2010,5059.2827,1243481564.0,11.989394187927246,56.9435299366504,50.586,-1.98385922139866
IND,2011,5249.5493,1261224954.0,8.858354568481445,55.9876762675338,50.012,1.31798086194015
IND,2012,5460.4375,1278674502.0,9.312450408935547,55.060078071414,49.418,2.47352048880901
IND,2013,5732.2417,1295829511.0,10.907642364501953,54.1378376565175,49.267,3.86599286270871
IND,2014,6079.8438,1312277191.0,6.3531951904296875,53.2421090234343,49.132,6.69517609043592
IND,2015,6488.146,1328024498.0,5.872425079345703,52.3977058192572,48.985,6.69517609043592
IND,2016,6940.626,1343944296.0,4.9410247802734375,51.5768937298059,48.83,6.69517609043592
IND,2017,7326.607,1359657400.0,3.602,50.7672033452389,48.655,6.69517609043592
IND,2018,7714.34,1374659064.0,4.86,50.0307900245271,48.466,6.69517609043592
IND,2019,7930.0913,1389030312.0,4.76200008392334,49.3781313856783,48.88,6.69517609043592
IND,2020,7399.531,1402617695.0,6.623436776285523,48.725925362152,47.496,6.69517609043592
IND,2021,8050.0186,1414203896.0,4.890086,48.0405766189907,49.171,6.69517609043592
IND,2022,8594.392,1425423212.0,5.90043,47.4637059570602,51.003,6.69517609043592
IND,2023,9301.756,1438069596.0,5.361,47.0132181120622,52.415,6.69517609043592
IND,2024,9818.043,1450935791.0,3.800103939244122,46.5639973059355,53.317,6.69517609043592
IRL,1990,29555.633,3513974.0,3.317326784133911,62.5766507851761,58.107,
IRL,1991,29953.244,3534235.0,3.210813522338867,61.2432335020633,51.31,
IRL,1992,30744.191,3558430.0,3.0699992179870605,59.9077338716273,51.142,
IRL,1993,31414.596,3576261.0,1.4694180488586426,58.4843685326815,51.319,
IRL,1994,33092.062,3590386.0,2.3091928958892822,56.9403677604832,52.383,
IRL,1995,36094.76,3608841.0,2.5248641967773438,55.2788085214775,54.331,
IRL,1996,38452.945,3637510.0,1.7537356615066528,53.6939472849167,55.57,
IRL,1997,42265.164,3674171.0,1.525607705116272,52.3115118763457,56.034,
IRL,1998,45493.168,3712696.0,2.415515661239624,51.1260689188045,58.45,
IRL,1999,49719.887,3754786.0,1.63192617893219,50.1106004084999,60.027,
IRL,2000,53675.004,3805174.0,5.590713024139404,49.1855936825044,61.579,
IRL,2001,55630.1,3866243.0,4.872907638549805,48.2896367937699,62.087,
IRL,2002,57927.49,3931947.0,4.6147379875183105,47.5612657714796,61.712,
IRL,2003,58709.156,3996521.0,3.4904870986938477,47.1541931452612,61.43,
IRL,2004,61558.58,4070262.0,2.199629545211792,46.8096917014581,61.473,
IRL,2005,63689.086,4159914.0,2.429692029953003,46.2404537484022,62.883,
IRL,2006,65087.18,4273591.0,3.9316344261169434,45.4699838177237,63.208,
IRL,2007,66590.195,4398942.0,4.897116184234619,45.0913998816561,63.299,
IRL,2008,62320.668,4489544.0,4.060303211212158,45.5578463161533,61.473,
IRL,2009,58547.266,4535375.0,-4.478102207183838,46.6772507032488,56.003,
IRL,2010,59209.1,4560155.0,-0.9220964312553406,48.0748648862785,53.5,
IRL,2011,59899.918,4580084.0,2.557188034057617,49.4173482756641,52.419,
IRL,2012,59405.047,4599533.0,1.6962116956710815,50.5369478087777,52.073,
IRL,2013,60388.94,4623816.0,0.508711576461792,51.3979987426655,53.402,
IRL,2014,65575.805,4657740.0,0.18254214525222778,52.0464573784336,54.388,
IRL,2015,80954.664,4701957.0,-0.2898753583431244,52.5046737823192,55.658,
IRL,2016,80899.02,4762722.0,0.00830841064453125,52.7774365060908,56.917,
IRL,2017,87882.71,4827445.0,0.251,52.9415976507391,57.764,
IRL,2018,93276.016,4898022.0,0.49,53.0287560298933,58.575,
IRL,2019,96371.29,4976456.0,0.8769999742507935,53.0371687022091,59.227,
IRL,2020,101968.555,5039747.0,-0.33458462542824474,53.0535571712698,57.655,
IRL,2021,116903.61,5110585.0,2.358143,53.0448235155306,59.506,
IRL,2022,123219.08,5212836.0,7.807375,52.9466406867294,61.567,
IRL,2023,117862.125,5311538.0,5.201,52.8088109767237,63.376,
IRL,2024,119037.734,5395790.0,2.1134522969385285,52.5496229649835,62.218,
IRN,1990,9656.001,58380092.0,9.0,89.8874273123913,38.919,-6.21492024510556
IRN,1991,10592.332,59986931.0,20.167999267578125,89.31523868053,41.588,-6.21492024510556
IRN,1992,10727.418,61184983.0,24.47599983215332,88.6615647705843,41.373,-6.21492024510556
IRN,1993,10531.995,61403543.0,22.472000122070312,88.7904106154351,40.954,-6.21492024510556
IRN,1994,10333.433,61520598.0,34.86199951171875,87.6912585690127,40.496,-6.21492024510556
IRN,1995,10465.026,62205567.0,49.31999969482422,84.2470244769223,40.182,-6.21492024510556
IRN,1996,11010.01,62881300.0,23.917999267578125,80.1309732500436,39.933,-6.21492024510556
IRN,1997,11025.721,63639638.0,16.54400062561035,75.3782117075045,39.68,-6.21492024510556
IRN,1998,11101.508,64519859.0,18.45400047302246,70.2781189842862,39.398,-6.21492024510556
IRN,1999,11163.695,65445391.0,20.239999771118164,65.3222190244484,39.093,-6.21492024510556
IRN,2000,11643.122,66418659.0,12.291999816894531,60.6492581468016,38.971,-6.21492024510556
IRN,2001,11739.009,67452005.0,11.538000106811523,56.3422902016049,38.847,-6.21492024510556
IRN,2002,12583.045,68011317.0,15.82699966430664,52.8371003545029,38.867,-6.21492024510556
IRN,2003,13519.45,68769340.0,15.572999954223633,49.8293700066519,39.776,-6.21492024510556
IRN,2004,13807.195,70256316.0,15.324000358581543,47.0765649654044,40.819,-6.46167586205947
IRN,2005,13935.774,71828455.0,10.251999855041504,44.7919748324646,40.671,-3.46702474568299
IRN,2006,14320.657,73392747.0,12.0,42.9687321027924,40.076,-0.508448114375972
IRN,2007,15237.424,74602648.0,18.413999557495117,41.6366525331215,39.647,-8.89795418340126
IRN,2008,15091.251,75514204.0,25.304000854492188,40.7584832601421,37.778,-6.21492024510556
IRN,2009,15055.149,76457825.0,10.815999984741211,40.2589386476999,37.819,7.07608797972097
IRN,2010,15729.913,77420842.0,12.298999786376953,40.0629628816199,36.51,-3.35048152380658
IRN,2011,15947.766,78383598.0,21.527000427246094,40.0885727340065,35.543,-16.797550089526
IRN,2012,15159.295,79370580.0,30.56999969482422,40.2675281790404,36.641,-6.68652747407881
IRN,2013,14734.74,80414686.0,36.57542037963867,40.6107006323808,36.79,-18.8451930586967
IRN,2014,15262.852,81502045.0,16.605043411254883,41.2091454936804,36.522,3.86413888968698
IRN,2015,14841.905,82619362.0,12.470586776733398,42.0407182749515,37.258,3.86413888968698
IRN,2016,15920.372,83812228.0,7.2585062980651855,42.8934477448489,37.718,3.86413888968698
IRN,2017,16167.968,85026754.0,9.641,43.6705219756192,38.824,3.86413888968698
IRN,2018,15364.805,86117998.0,17.95,44.3383750252204,38.977,3.86413888968698
IRN,2019,14841.075,87051648.0,41.01900100708008,44.7786947808427,39.299,3.86413888968698
IRN,2020,15381.585,87723443.0,36.5,44.9349216202493,37.352,3.86413888968698
IRN,2021,15884.428,88455488.0,43.38901626815152,44.8342885799624,37.233,3.86413888968698
IRN,2022,16377.961,89524246.0,36.1643748421255,44.6136576243103,36.877,3.86413888968698
IRN,2023,17044.816,90608707.0,40.692,44.414481053557,38.142,3.86413888968698
IRN,2024,17484.133,91567738.0,32.4558714029169,44.2576475929094,37.905,3.86413888968698
IRQ,1990,10735.094,17581206.0,53.70000076293945,95.6739765579081,38.233000000000004,-1.92209457308135
IRQ,1991,3819.1619,17767253.0,181.0,94.6156945185031,38.784,-1.92209457308135
IRQ,1992,4916.264,18300845.0,83.5999984741211,93.6850887253707,38.84,-1.92209457308135
IRQ,1993,6105.0415,19201195.0,207.6999969482422,92.8411763423899,38.822,-1.92209457308135
IRQ,1994,6044.871,20139807.0,448.5,92.0679652454741,38.872,-1.92209457308135
IRQ,1995,5969.6694,20825860.0,387.29998779296875,91.3021068910745,38.761,-1.92209457308135
IRQ,1996,6419.3696,21501321.0,-16.100000381469727,90.5489786714341,38.712,-1.92209457308135
IRQ,1997,7545.73,22176593.0,23.100000381469727,89.8334071497553,38.765,-1.92209457308135
IRQ,1998,9871.734,22884399.0,14.800000190734863,89.1620796654062,38.802,-1.92209457308135
IRQ,1999,11237.854,23636527.0,12.600000381469727,88.4946577757058,38.787,-1.92209457308135
IRQ,2000,12702.164,24424056.0,5.0,87.8154980028886,38.712,-1.92209457308135
IRQ,2001,12529.608,25197840.0,16.399999618530273,87.1176985817565,38.573,-1.92209457308135
IRQ,2002,11144.051,26006559.0,19.299999237060547,86.3837568242254,38.368,-1.92209457308135
IRQ,2003,6849.332,26802659.0,33.599998474121094,85.6149589152962,38.175,-1.92209457308135
IRQ,2004,10210.563,27577878.0,27.0,84.801227903648,38.228,-3.44545528691039
IRQ,2005,10078.443,28407448.0,36.95899963378906,83.8874965724331,38.238,-16.5153940840534
IRQ,2006,10568.914,28616515.0,53.24800109863281,82.9311075666823,38.255,-7.05304688818081
IRQ,2007,10853.816,28391607.0,30.820999145507812,81.984975135042,38.107,3.79616043966188
IRQ,2008,11511.938,28971036.0,2.6679999828338623,81.0306304495879,38.049,-8.4197228819977
IRQ,2009,11470.518,30058206.0,-2.194000005722046,80.1148477417428,37.937,44.3309717275955
IRQ,2010,11816.841,31045366.0,2.444999933242798,79.3452096647587,37.865,-1.92209457308135
IRQ,2011,12267.585,32161424.0,5.604000091552734,78.8269184426333,37.762,-8.46792182914735
IRQ,2012,13357.015,33654842.0,6.089000225067139,78.4084376059728,37.723,10.9065508616124
IRQ,2013,13712.932,35281989.0,1.878999948501587,77.9595494709507,38.087,13.5878727603533
IRQ,2014,13536.823,36550059.0,2.2360000610351562,77.4322732901079,38.384,18.2890590602934
IRQ,2015,13516.027,37560535.0,1.3930000066757202,76.7457689966644,38.364,18.2890590602934
IRQ,2016,15016.092,38469627.0,0.5249999761581421,75.941151388931,38.481,18.2890590602934
IRQ,2017,14417.631,39337353.0,0.099,75.0599077602728,36.436,18.2890590602934
IRQ,2018,14456.235,40265624.0,0.63,74.1065293195781,35.693,18.2890590602934
IRQ,2019,14910.225,41192171.0,-0.19900000095367432,73.0951419263335,34.81,18.2890590602934
IRQ,2020,12827.635,42116605.0,0.573,71.9840510727635,33.952,18.2890590602934
IRQ,2021,12731.754,43071211.0,6.041864890580366,70.7745819074433,33.248,18.2890590602934
IRQ,2022,13433.397,44070551.0,4.99476596381039,69.4474528755877,35.087,18.2890590602934
IRQ,2023,13202.323,45074049.0,4.416,68.0336199589456,35.285,18.2890590602934
IRQ,2024,12725.043,46042015.0,2.578,66.6548244604985,35.201,18.2890590602934
ISL,1990,42336.426,254826.0,15.510722160339355,55.2425569763687,72.348,0.878499339510165
ISL,1991,41754.977,257797.0,6.808783531188965,55.1554581893906,70.89,8.44488112515763
ISL,1992,39842.375,261057.0,3.9477107524871826,55.3069468323706,70.098,9.28059589467956
ISL,1993,39957.32,263725.0,4.042850971221924,55.6652775974218,69.082,12.0556448422267
ISL,1994,41042.01,266021.0,1.5526561737060547,55.6464400016383,69.279,7.76123548228582
ISL,1995,40867.562,267468.0,1.651228427886963,55.4043611390324,71.737,8.33588957345421
ISL,1996,42475.695,268916.0,2.260420322418213,55.1146130152394,71.705,9.62742540454025
ISL,1997,43873.668,271128.0,1.8154314756393433,54.7251643535427,70.79,9.83185170663752
ISL,1998,46449.344,274047.0,1.6592386960983276,54.2110979185072,72.704,7.74002969779021
ISL,1999,47679.87,277381.0,3.2318294048309326,53.7716550710979,74.607,9.51752837779283
ISL,2000,49338.473,281205.0,5.136472225189209,53.5109699044125,76.355,12.3391118895253
ISL,2001,50556.992,284968.0,6.405090808868408,53.3314321687804,76.321,8.53310455173194
ISL,2002,50379.46,287523.0,5.197020530700684,53.1259153534396,74.428,8.97704501830193
ISL,2003,51173.2,289521.0,2.055664300918579,52.6920906487493,74.142,11.404816915384
ISL,2004,54592.53,292074.0,3.158193588256836,52.0703928357587,73.235,9.11200643092098
ISL,2005,57512.42,296734.0,3.9870455265045166,51.0237631119548,73.801,11.4977125901494
ISL,2006,59364.29,303782.0,6.687079429626465,49.6035615439924,74.714,8.49315836519026
ISL,2007,62940.746,311566.0,5.0515618324279785,48.4736425759843,75.422,14.3680076054447
ISL,2008,62831.17,317414.0,12.694401741027832,48.0793453819383,74.165,7.09714948319102
ISL,2009,57406.47,318499.0,12.003119468688965,48.5910630475959,69.427,7.16886842103478
ISL,2010,56211.836,318041.0,5.396731853485107,49.3984902363292,69.036,3.47714926289777
ISL,2011,56813.742,319014.0,4.0010223388671875,49.8893498658573,68.973,4.10372607685264
ISL,2012,57173.043,320716.0,5.185903549194336,50.3224717837189,69.821,4.65380034736879
ISL,2013,58671.93,323764.0,3.8722708225250244,50.7407510871488,70.87,5.52103760751964
ISL,2014,59133.27,327386.0,2.0446207523345947,51.0724108016317,72.248,3.38736612119123
ISL,2015,60725.727,330815.0,1.6330595016479492,51.2221099738985,73.626,3.38736612119123
ISL,2016,63612.555,335439.0,1.696929931640625,51.0789131149535,75.111,3.38736612119123
ISL,2017,64303.38,343400.0,1.761,50.5504237232406,74.784,3.38736612119123
ISL,2018,65521.93,352721.0,2.68,49.9243409587446,73.924,3.38736612119123
ISL,2019,64826.434,360563.0,3.013000011444092,49.6379021983175,73.044,3.38736612119123
ISL,2020,59543.812,366463.0,2.8479240151862424,49.9071422727645,69.526,3.38736612119123
ISL,2021,61610.215,372520.0,4.444243,50.3588236718681,68.987,3.38736612119123
ISL,2022,65380.316,382003.0,8.308754,50.351670582864,71.646,3.38736612119123
ISL,2023,68118.4,385663.0,8.74,50.1598302412054,72.118,3.38736612119123
ISL,2024,67310.055,386506.0,5.856854118059921,50.1688158799601,72.448,3.38736612119123
ISR,1990,25335.271,4660000.0,17.198062896728516,68.083958297865,56.8825,2.801902533198485
ISR,1991,25698.93,4949000.0,18.961259841918945,66.8869795109055,51.118,2.801902533198485
ISR,1992,26752.4,5123000.0,11.988909721374512,65.9902421195946,51.111,2.801902533198485
ISR,1993,27123.107,5261000.0,10.952967643737793,65.4612724383853,53.128,2.801902533198485
ISR,1994,28393.0,5399000.0,12.381481170654297,65.0064150484383,55.587,2.801902533198485
ISR,1995,29470.816,5545000.0,9.991732597351074,64.6256451425192,56.668,2.801902533198485
ISR,1996,30386.197,5692000.0,11.355093002319336,64.1053791794327,56.24,2.801902533198485
ISR,1997,30707.006,5836000.0,8.927608489990234,63.4169944713757,55.074,2.801902533198485
ISR,1998,31246.857,5971000.0,5.480472087860107,62.7572844856137,53.948,2.801902533198485
ISR,1999,31465.613,6125000.0,5.160449028015137,62.0214349729285,53.976,2.801902533198485
ISR,2000,33275.062,6289000.0,1.0507488250732422,61.3653782156004,54.542,2.801902533198485
ISR,2001,32590.229,6439000.0,1.150446891784668,60.9354903371222,54.089,2.801902533198485
ISR,2002,31897.584,6570000.0,5.741463661193848,60.7826025882328,52.757,2.801902533198485
ISR,2003,31780.78,6689700.0,0.7239643335342407,60.8369280836755,52.657,2.801902533198485
ISR,2004,32675.209,6809000.0,-0.41071775555610657,60.8695128292787,53.373,2.801902533198485
ISR,2005,33512.89,6930100.0,1.3094139099121094,60.7965324131479,54.79,2.801902533198485
ISR,2006,34770.027,7053700.0,2.1168317794799805,60.6785872439375,55.56,2.801902533198485
ISR,2007,36317.85,7180100.0,0.4684118926525116,60.5299830283269,56.885,2.801902533198485
ISR,2008,36827.926,7308800.0,4.5927910804748535,60.4061069673989,57.972,2.801902533198485
ISR,2009,36403.164,7485600.0,3.3289148807525635,60.5187094942489,56.88,2.801902533198485
ISR,2010,37722.41,7623600.0,2.7076568603515625,60.9514027511382,57.893,2.801902533198485
ISR,2011,39075.375,7765800.0,3.467388868331909,61.6501182328354,58.536,2.801902533198485
ISR,2012,39299.35,7910500.0,1.684226155281067,62.5502671944114,60.847,2.801902533198485
ISR,2013,40148.777,8059500.0,1.5713940858840942,63.3461694365626,61.115,2.49676376880273
ISR,2014,40872.582,8215700.0,0.48502472043037415,63.9784018028702,61.821,3.10704129759424
ISR,2015,40967.37,8380100.0,-0.632486879825592,64.638409839837,62.157,3.10704129759424
ISR,2016,41963.676,8546000.0,-0.5443878173828125,65.3254208243869,62.535,3.10704129759424
ISR,2017,42947.06,8713300.0,0.242,65.951371618093,62.78,3.10704129759424
ISR,2018,43814.297,8882800.0,0.81,66.4016568980219,62.869,3.10704129759424
ISR,2019,44580.81,9054000.0,0.8420000076293945,66.6943447277344,62.571,3.10704129759424
ISR,2020,42915.94,9215100.0,-0.5884303000172638,66.9096172948003,60.763,3.10704129759424
ISR,2021,46162.082,9371400.0,1.492288,67.0610227135178,60.272,3.10704129759424
ISR,2022,48098.188,9557500.0,4.393597,66.9632261676725,62.346,3.10704129759424
ISR,2023,47527.152,9849000.0,4.208,66.7509366513991,62.862,3.10704129759424
ISR,2024,47338.844,9974400.0,3.0748504500877187,66.5610464169687,63.14,3.10704129759424
ITA,1990,42656.746,56719240.0,6.456606864929199,45.8326814441136,43.8605,5.45217627440228
ITA,1991,43283.02,56758521.0,6.250003814697266,45.1228392248408,45.252,6.58579709161836
ITA,1992,43614.484,56797087.0,5.2705888748168945,44.7467535816975,43.999,11.6470446102278
ITA,1993,43216.11,56831821.0,4.626734733581543,45.0146785977543,43.087,10.3400713930796
ITA,1994,44136.707,56843400.0,4.051835060119629,45.9200858587199,42.005,8.15255757898473
ITA,1995,45410.14,56844303.0,5.2354278564453125,46.2760710154136,41.403,7.92064436703085
ITA,1996,46008.24,56860281.0,4.006982326507568,46.0798749813194,41.667,8.09171147944912
ITA,1997,46869.426,56890372.0,2.0431032180786133,46.5546147309429,41.627,7.76771057375746
ITA,1998,47701.4,56906744.0,1.9550833702087402,47.0199639784354,41.802,6.12939454545917
ITA,1999,48493.664,56916317.0,1.6634565591812134,47.5438248032345,42.215,4.79735240444797
ITA,2000,50353.42,56942108.0,2.537687063217163,48.1294446293176,42.638,5.17582390639849
ITA,2001,51332.29,56976981.0,2.7851715087890625,48.7075175866785,43.286,4.09820217486432
ITA,2002,51369.113,57089824.0,2.4653170108795166,49.3473808027516,43.8,3.12811622868189
ITA,2003,51126.258,57399184.0,2.672562837600708,49.8629152573739,44.311,2.58132814975126
ITA,2004,51495.004,57828179.0,2.206732749938965,50.3372034792499,45.596,2.80270189389167
ITA,2005,51585.645,58166682.0,1.9852972030639648,50.9499137159275,45.135,3.16379060277756
ITA,2006,52304.242,58399861.0,2.090841770172119,51.5615168509947,45.568,3.33205306061278
ITA,2007,52747.19,58756247.0,1.8297370672225952,51.9029280358121,45.627,3.77483941993744
ITA,2008,51806.39,59211181.0,3.3478331565856934,52.0470658069481,45.632,4.32862903554889
ITA,2009,48774.39,59555454.0,0.7747665047645569,52.3275513333924,44.542,2.93215777941709
ITA,2010,49301.695,59819407.0,1.5255177021026611,52.6601278213311,43.981,3.41342018267074
ITA,2011,49473.016,60026841.0,2.780637741088867,53.1271377991006,43.879,2.82160353555801
ITA,2012,47795.957,60191247.0,3.041360378265381,53.7707896984645,43.608,3.46119744979934
ITA,2013,46833.363,60311613.0,1.219995141029358,54.4363754385898,42.603,3.97364793630999
ITA,2014,46825.652,60320707.0,0.24105046689510345,55.0998998007766,42.551,3.92865782875133
ITA,2015,47311.824,60229605.0,0.038792017847299576,55.6066425327957,42.837,3.92865782875133
ITA,2016,47987.84,60115223.0,-0.09402329474687576,55.9197690149889,43.418,3.92865782875133
ITA,2017,48849.22,60002252.0,1.326,56.129984783102,43.952,3.92865782875133
ITA,2018,49133.145,60148658.0,1.14,56.307902617926,44.392,3.92865782875133
ITA,2019,49690.63,59729081.0,0.6340000033378601,56.5632847288554,44.688,3.92865782875133
ITA,2020,45505.07,59438851.0,-0.13770757391705762,56.7526091414435,43.785,3.92865782875133
ITA,2021,49825.395,59133173.0,1.873783,56.9283547845865,43.842,3.92865782875133
ITA,2022,52333.33,59013667.0,8.20129,57.0326358787404,45.078,3.92865782875133
ITA,2023,52870.324,58984216.0,5.903,57.1418238396626,46.002,3.92865782875133
ITA,2024,53265.004,58952704.0,0.9823732968364212,57.5226887063978,46.365,3.92865782875133
JAM,1990,8879.653,2379877.0,21.938770294189453,75.5983752614744,61.5665,4.3029507529858
JAM,1991,9227.876,2400869.0,51.464439392089844,74.6300638914427,66.473,-8.57405786098511
JAM,1992,9315.858,2424701.0,77.25597381591797,73.8551926732331,66.051,-9.51239671207655
JAM,1993,10088.232,2449916.0,21.922077178955078,73.1905393760264,65.827,-5.95180111656721
JAM,1994,10123.234,2475220.0,35.236480712890625,72.4404105876665,65.393,13.9963685936585
JAM,1995,10257.807,2500151.0,19.943286895751953,71.5706135131834,65.006,14.6898926728643
JAM,1996,10147.464,2524463.0,26.425004959106445,70.562326572226,64.389,17.6341273166968
JAM,1997,9939.662,2547848.0,9.702887535095215,69.3867008828848,63.882,21.2168081863988
JAM,1998,9624.93,2569736.0,8.5606050491333,68.0056853211363,63.315,19.0028612161605
JAM,1999,9650.4375,2589795.0,5.8967180252075195,66.4314165007577,62.654,18.7894494338485
JAM,2000,9667.925,2607826.0,8.072492599487305,64.7474956141265,62.168,11.5395515064135
JAM,2001,9736.0625,2624403.0,6.844508647918701,63.0661154919408,61.723,11.8731499272951
JAM,2002,9869.713,2640572.0,7.062348365783691,61.4528094346279,61.41,8.63355883644037
JAM,2003,10169.75,2656623.0,10.127936363220215,59.9094099305978,61.127,6.50631402513119
JAM,2004,10244.207,2672225.0,13.528555870056152,58.44176865892,61.087,4.67744637369713
JAM,2005,10278.684,2687066.0,15.10339069366455,56.9905194579843,60.89,5.28586692559173
JAM,2006,10522.236,2700968.0,8.519304275512695,55.4636538247908,60.65,8.07942403538198
JAM,2007,10622.444,2713800.0,9.292598724365234,53.849642559512,60.397,5.27905752879978
JAM,2008,10490.469,2725635.0,22.00969123840332,52.220363735874,60.093,2.88781677163355
JAM,2009,9992.977,2736995.0,9.57956600189209,50.6351233096859,57.627,4.27696229203702
JAM,2010,9805.901,2748568.0,12.590521812438965,49.1028553697399,55.876,9.6932844334253
JAM,2011,9932.483,2760494.0,7.53111457824707,47.6218946125512,55.93,12.9618004413556
JAM,2012,9829.035,2772430.0,6.8782548904418945,46.1967581203869,55.451,10.3745623878594
JAM,2013,9839.965,2783687.0,9.346518516540527,44.8530284139516,55.845,8.57867632078009
JAM,2014,9872.159,2793749.0,8.295843124389648,43.5762854803788,56.891,9.62037591085
JAM,2015,9931.898,2802534.0,3.6777267456054688,42.4671719341197,59.716,9.62037591085
JAM,2016,10179.254,2809915.0,2.352599620819092,41.5434755779659,59.316,9.62037591085
JAM,2017,10391.038,2815764.0,4.383,40.6624477716921,60.815,9.62037591085
JAM,2018,10636.093,2820097.0,3.73,39.8101027668063,61.902,9.62037591085
JAM,2019,10816.372,2823271.0,3.9100000858306885,39.0357469289986,63.628,9.62037591085
JAM,2020,9891.97,2830739.0,5.226777792935012,38.3245693633893,60.619,9.62037591085
JAM,2021,10430.691,2837682.0,5.859993664871691,37.6650783439917,62.286,9.62037591085
JAM,2022,11096.638,2839144.0,10.3495688391272,37.2061442403184,64.892,9.62037591085
JAM,2023,11398.8125,2839786.0,6.471,36.9793488070563,67.369,9.62037591085
JAM,2024,11340.264,2839175.0,5.4119444798166,36.8213630495345,67.255,9.62037591085
JOR,1990,7589.8203,3621908.0,16.110755920410156,89.8396019032664,32.866,5.4250215277204905
JOR,1991,7134.29,3915149.0,8.131834030151367,83.1997873746193,31.037,5.4250215277204905
JOR,1992,7737.969,4127693.0,3.971151351928711,80.4480410444907,31.542,5.4250215277204905
JOR,1993,7675.4717,4348020.0,4.51619291305542,78.0288513506874,31.672,5.4250215277204905
JOR,1994,7680.1406,4561406.0,2.337587594985962,76.2343224913088,32.795,5.4250215277204905
JOR,1995,7829.081,4752096.0,2.36271071434021,75.2212898415739,33.682,5.4250215277204905
JOR,1996,7731.4785,4912516.0,6.5722527503967285,74.9064765209515,34.06,5.4250215277204905
JOR,1997,7775.5425,5046285.0,3.0201640129089355,74.9878285257744,34.037,10.9579526795186
JOR,1998,7826.74,5164284.0,3.097229242324829,75.0725812903672,33.988,6.23065063805359
JOR,1999,7920.0195,5276444.0,0.5985755920410156,74.9607067870819,34.004,12.7466134218609
JOR,2000,8086.922,5386945.0,0.6785883903503418,74.6577652007628,34.002,12.263792349828
JOR,2001,8339.786,5498894.0,1.7779788970947266,74.1750913098606,33.096,10.0838838062209
JOR,2002,8638.08,5616066.0,1.839424729347229,73.5852701497681,32.525,9.16988049807548
JOR,2003,8800.497,5741828.0,2.347707748413086,72.9213352868632,31.977,6.99911416680844
JOR,2004,9326.668,5882061.0,2.6337289810180664,72.0805558009737,32.313,5.00662804674494
JOR,2005,9839.688,6029587.0,3.452634811401367,71.1118691378464,32.632,5.4900361978485
JOR,2006,9977.759,6427371.0,6.234808921813965,69.9743056631736,32.422,-2.23328555079655
JOR,2007,10161.402,6827227.0,4.714372634887695,68.7451509325163,34.586,3.4533894775559
JOR,2008,10641.59,6989866.0,13.969147682189941,67.5290383241406,34.483,-11.8076616278916
JOR,2009,10938.503,7141753.0,-0.7322741150856018,66.3429597590715,34.927,5.89858086102656
JOR,2010,10953.538,7297043.0,4.858713150024414,65.1507679340976,34.563,0.875955637487539
JOR,2011,10977.482,7480424.0,4.182639122009277,64.0154314863275,33.969,2.64640624425562
JOR,2012,11086.03,7587127.0,4.522759437561035,62.9972385245377,33.364,3.99019709985347
JOR,2013,10799.354,7991809.0,4.828426837921143,62.3084954646161,32.425,2.70046942578587
JOR,2014,10148.998,8791710.0,2.906883478164673,62.0603171156438,32.068,5.36000685759248
JOR,2015,9581.689,9544729.0,-0.8720545172691345,61.6234808949505,32.735,5.36000685759248
JOR,2016,9321.904,10006367.0,-0.7773623466491699,60.9582989168769,32.987,5.36000685759248
JOR,2017,9339.811,10234226.0,3.324,60.338812839042,32.937,5.36000685759248
JOR,2018,9311.531,10462306.0,4.46,59.6400832936228,32.024,5.36000685759248
JOR,2019,9288.527,10671891.0,0.6769999861717224,58.8802726956431,32.649,5.36000685759248
JOR,2020,9022.64,10865228.0,0.3332943506286913,58.0792660970113,32.272,5.36000685759248
JOR,2021,9182.496,11066356.0,1.3468957103762198,57.2273523032512,30.999,5.36000685759248
JOR,2022,9266.575,11256263.0,4.22915568897118,56.2381654714504,31.538,5.36000685759248
JOR,2023,9381.3545,11439213.0,2.084,55.1554977992581,33.455,5.36000685759248
JOR,2024,9520.251,11552876.0,0.161,54.3009741648251,33.328,5.36000685759248
JPN,1990,35272.418,123478000.0,3.078514337539673,43.2259096480185,59.179500000000004,3.0060179968368548
JPN,1991,36372.035,123964000.0,3.251438856124878,42.9361215262821,62.48,3.0060179968368548
JPN,1992,36563.62,124425000.0,1.7602825164794922,42.8883052137838,62.608,3.0060179968368548
JPN,1993,36277.92,124829000.0,1.2430448532104492,42.9463158255274,62.189,4.31235795479334
JPN,1994,36568.71,125178000.0,0.6954533457756042,43.1350245429377,61.771,3.93924918001128
JPN,1995,37442.895,125472000.0,-0.12789905071258545,43.4666246286158,61.421,4.05049499693949
JPN,1996,38528.793,125757000.0,0.1366060972213745,43.9520529327622,61.34,3.11725468081069
JPN,1997,38814.254,126057000.0,1.7477993965148926,44.5676534115945,61.526,1.93461315395101
JPN,1998,38217.195,126400000.0,0.6619737148284912,45.2102463428644,60.746,2.34822342548048
JPN,1999,38020.094,126631000.0,-0.34128981828689575,45.8791750960099,59.908,3.44463436181262
JPN,2000,39005.914,126843000.0,-0.6765817403793335,46.6755835541567,59.478,3.44952133346022
JPN,2001,39062.28,127149000.0,-0.7400596141815186,47.6058531225117,58.881,3.08779538469562
JPN,2002,38987.91,127445000.0,-0.9234935641288757,48.5344482614523,57.936,3.30182293291162
JPN,2003,39501.81,127718000.0,-0.25654181838035583,49.3482801823691,57.575,3.48582884053981
JPN,2004,40351.777,127761000.0,-0.008571295067667961,50.2932483497693,57.559,2.92424060897809
JPN,2005,41075.824,127773000.0,-0.2829476296901703,51.5938532384092,57.731,2.90562805988201
JPN,2006,41613.15,127854000.0,0.2493572235107422,53.0146521815892,57.89,2.54882304588839
JPN,2007,42182.176,128001000.0,0.06004050001502037,54.3702199499157,58.047,2.60687838906944
JPN,2008,41645.57,128063000.0,1.3800793886184692,55.7290109699313,57.748,2.84698138603537
JPN,2009,39279.5,128047000.0,-1.3528393507003784,56.7866882497385,56.83,2.3060326107459
JPN,2010,40881.797,128070000.0,-0.7199763059616089,57.4033595360909,56.539,3.54576191518366
JPN,2011,40967.344,127833000.0,-0.26763150095939636,58.5847537839962,56.553,3.1744896870391
JPN,2012,41596.92,127629000.0,-0.05194222554564476,60.5362463320268,56.44,2.18007652802857
JPN,2013,42492.242,127445000.0,0.34644296765327454,62.6073022231989,56.853,1.66402193299863
JPN,2014,42674.7,127276000.0,2.761951446533203,64.4653380797358,57.309,-0.459381591769699
JPN,2015,43386.71,127141000.0,0.7895174026489258,66.0229941997136,57.485,-0.459381591769699
JPN,2016,43736.13,127076000.0,-0.116668701171875,67.3227876016443,58.107,-0.459381591769699
JPN,2017,44505.277,126972000.0,0.468,68.3095186249903,58.738,-0.459381591769699
JPN,2018,44848.49,126811000.0,0.98,69.0229537254226,59.931,-0.459381591769699
JPN,2019,44730.91,126633000.0,0.47699999809265137,69.4781102585107,60.55,-0.459381591769699
JPN,2020,42992.48,126261000.0,-0.016369291210303182,69.8915691054857,60.207,-0.459381591769699
JPN,2021,44355.348,125681593.0,-0.2333528,70.2569936325802,60.31,-0.459381591769699
JPN,2022,44972.344,125124989.0,2.508333,70.2463331657833,60.868,-0.459381591769699
JPN,2023,45858.66,124516650.0,3.269,70.1001399306642,61.265,-0.459381591769699
JPN,2024,46106.92,123975371.0,2.73853681635242,70.1168403833763,61.717,-0.459381591769699
KAZ,1990,16837.691,17154054.0,8.002,59.8838110461526,66.3875,
KAZ,1991,14877.527,17278600.0,8.002,59.7496165652325,69.723,
KAZ,1992,14045.104,17332625.0,2958.10009765625,59.6406850965247,69.88,
KAZ,1993,12795.875,17274487.0,1662.2750244140625,59.5152641942098,70.223,
KAZ,1994,11334.983,17043771.0,1863.3333740234375,59.3053616735701,66.256,
KAZ,1995,10600.33,16730536.0,176.06112670898438,58.8590865430448,64.15,
KAZ,1996,10857.436,16416027.0,39.23739242553711,58.0818642381778,62.594,
KAZ,1997,11298.58,16043251.0,17.579500198364258,56.9602663792123,62.353,
KAZ,1998,11364.031,15647785.0,7.2126240730285645,55.5286022816941,62.238,
KAZ,1999,11815.773,15455874.0,8.374212265014648,53.8809153440923,61.812,
KAZ,2000,12935.864,15501103.0,13.449727058410645,52.2757413139262,61.911,
KAZ,2001,14612.029,15575550.0,8.549444198608398,50.8892902127798,63.08,
KAZ,2002,15960.874,15656677.0,6.038328170776367,49.7152750119888,63.569,
KAZ,2003,17344.752,15747380.0,6.4372406005859375,48.7928716446465,63.872,
KAZ,2004,18886.582,15850159.0,6.885323524475098,48.1439017104514,63.992,
KAZ,2005,20565.53,15968117.0,7.464635848999023,47.6883857087747,63.804,
KAZ,2006,22574.344,16103716.0,8.606717109680176,47.3570026780758,64.252,
KAZ,2007,24351.346,16257214.0,10.777556419372559,47.1117272482949,65.28,
KAZ,2008,24895.664,16426525.0,17.168827056884766,46.935658443208,66.405,
KAZ,2009,24901.354,16619846.0,7.312164306640625,46.7707877522094,66.37,
KAZ,2010,26374.84,16836810.0,7.081659317016602,46.7914967905944,66.831,
KAZ,2011,27946.16,17066002.0,8.363540649414062,47.2918702077932,67.008,
KAZ,2012,28881.242,17306106.0,5.168441295623779,48.2666123385578,66.985,
KAZ,2013,30177.488,17556502.0,5.802983283996582,49.5309872731953,66.955,
KAZ,2014,30986.438,17816285.0,6.604459762573242,50.9797084009508,66.96,
KAZ,2015,30893.76,18084169.0,6.720479965209961,52.5207605589946,66.957,
KAZ,2016,30758.322,18363600.0,14.59035873413086,54.0318746567256,66.841,
KAZ,2017,31524.441,18651931.0,7.429,55.4148033056512,66.789,
KAZ,2018,32330.227,18932727.0,6.02,56.5235626212407,66.729,
KAZ,2019,33298.21,19209555.0,5.24399995803833,57.4655912088719,66.716,
KAZ,2020,32011.549,19482117.0,6.7490018381599794,58.3765163228774,65.816,
KAZ,2021,32945.85,19743603.0,8.002,59.3848303180197,65.498,
KAZ,2022,33506.26,20034609.0,14.35558032491703,60.2870919049799,66.784,
KAZ,2023,34703.234,20330104.0,14.522,60.893935746271,66.997,
KAZ,2024,35973.965,20592571.0,4.85655589318191,61.3593284528818,67.176,
KEN,1990,4177.486,22892651.0,15.674051284790039,105.564144928838,70.638,7.33279706635565
KEN,1991,4102.4766,23646514.0,18.986074447631836,104.486357019746,70.91,5.74551264802526
KEN,1992,3946.8408,24382460.0,27.3446044921875,103.387893568628,70.77,1.82532918773243
KEN,1993,3844.9204,25117188.0,46.059417724609375,102.189501745126,70.644,3.41347240700279
KEN,1994,3833.2236,25857130.0,28.71512794494629,100.911599651404,70.592,16.4281098918437
KEN,1995,3890.0986,26601751.0,1.5553232431411743,99.66540232745,70.601,15.8016483365158
KEN,1996,3941.4092,27344211.0,8.841565132141113,98.5025096101725,70.59,-5.77658854011697
KEN,1997,3853.3713,28101768.0,11.27734088897705,97.3253910062077,70.49,16.8795684948995
KEN,1998,3871.8218,28888057.0,5.402303695678711,96.1682417770167,70.406,21.0963260259133
KEN,1999,3848.4646,29733408.0,5.788454055786133,94.8755633080297,70.303,17.4540487833673
KEN,2000,3756.6362,30642890.0,9.978493690490723,93.443539036463,70.421,15.3274334465867
KEN,2001,3778.2585,31619170.0,5.779124736785889,91.9471681010166,70.544,17.8125009681692
KEN,2002,3681.2568,32629808.0,1.9938691854476929,90.529323120014,70.632,17.3581406445428
KEN,2003,3674.086,33652223.0,9.82248306274414,89.2589452128438,70.782,9.77051092711816
KEN,2004,3743.5679,34713455.0,11.812907218933105,88.0596805503126,70.917,5.04525759665483
KEN,2005,3844.7356,35796484.0,9.905139923095703,87.0486694098986,71.11,7.6099875458817
KEN,2006,3970.7334,36904008.0,6.028195381164551,86.2372874684245,71.274,-8.00986697136361
KEN,2007,4116.451,38036349.0,4.253263473510742,85.6322010455064,71.413,4.8190907881851
KEN,2008,4002.8835,39206351.0,15.104095458984375,85.1410633733896,71.448,-0.984996972294316
KEN,2009,4012.1943,40408891.0,10.52043342590332,84.6712694841881,71.515,-10.0960035655484
KEN,2010,4211.5244,41598567.0,4.0787458419799805,84.2201054386438,71.646,12.526958492458
KEN,2011,4307.106,42758461.0,14.03341007232666,83.6955084873518,71.83,4.52618583226899
KEN,2012,4387.938,43888303.0,9.367690086364746,83.0105706556118,71.96,9.31351134458285
KEN,2013,4443.371,44986791.0,5.734951972961426,82.1267476397034,72.011,9.29394635969952
KEN,2014,4558.552,46051440.0,6.88453483581543,81.121499936462,72.121,8.24907899217325
KEN,2015,4679.622,47088526.0,6.590771675109863,79.9924124841202,72.237,8.24907899217325
KEN,2016,4770.3105,48139687.0,6.3273210525512695,78.6364414112252,72.354,8.24907899217325
KEN,2017,4846.8623,49197766.0,7.985,77.1603826189851,69.745,8.24907899217325
KEN,2018,5017.668,50207107.0,4.69,75.7364230190387,67.099,8.24907899217325
KEN,2019,5171.7124,51202827.0,5.203999996185303,74.2639405667526,64.404,8.24907899217325
KEN,2020,5057.4014,52217334.0,5.404814671845429,72.6322381007686,63.316,8.24907899217325
KEN,2021,5338.8525,53219166.0,6.11090916378165,70.9579167427054,63.621,8.24907899217325
KEN,2022,5491.694,54252461.0,7.65687456104604,69.3054789511188,63.747,8.24907899217325
KEN,2023,5691.825,55339003.0,7.675,67.6739373442667,63.814,8.24907899217325
KEN,2024,5845.201,56432944.0,4.48978854243448,66.1190997974295,63.719,8.24907899217325
KGZ,1990,6095.681,4391236.0,6.920000076293945,73.5339912332699,60.64,17.3474659329609
KGZ,1991,5520.4297,4463634.0,6.920000076293945,74.0165157672479,59.942,17.3474659329609
KGZ,1992,4701.991,4515400.0,-71.33049774169922,74.5636006632443,62.199,17.3474659329609
KGZ,1993,3973.8833,4516777.0,1086.18994140625,76.059449211143,64.716,17.3474659329609
KGZ,1994,3176.9238,4515069.0,180.68299865722656,77.3693173448042,68.331,17.3474659329609
KGZ,1995,2974.7117,4560454.0,42.17399978637695,77.0348145453783,69.37,17.3474659329609
KGZ,1996,3138.6663,4628438.0,31.94700050354004,75.8297272275894,68.374,20.1214953035123
KGZ,1997,3399.9343,4696421.0,23.434999465942383,74.1332310973412,66.958,36.8133322382462
KGZ,1998,3419.2234,4769015.0,10.456999778747559,72.042326103057,66.78,43.8735286577185
KGZ,1999,3491.9377,4840422.0,35.9010009765625,69.9851030146554,66.334,15.5821030518221
KGZ,2000,3638.4631,4898362.0,19.687999725341797,68.2006776290059,65.561,23.0504023504157
KGZ,2001,3795.8906,4945073.0,6.920000076293945,66.4224942005393,64.785,30.5208226843649
KGZ,2002,3760.5325,4990704.0,2.134000062942505,64.629398596988,64.842,33.1909431985992
KGZ,2003,3982.9272,5043308.0,2.9749999046325684,62.9832482972312,63.834,19.3088319359134
KGZ,2004,4211.5225,5104713.0,4.1006622314453125,61.5008687685001,62.874,17.3474659329609
KGZ,2005,4156.9585,5162640.0,4.3739118576049805,60.1019662934415,62.988,13.4139691077023
KGZ,2006,4240.1704,5218373.0,5.52362060546875,58.648586037128,62.588,12.5060712286622
KGZ,2007,4558.713,5268385.0,10.295272827148438,57.0648841045437,61.404,7.2617270844158
KGZ,2008,4894.943,5318729.0,24.50250816345215,55.3380271036174,60.288,3.01911801387191
KGZ,2009,4969.9614,5389643.0,6.790093421936035,53.8306951096295,59.985,21.7404009845759
KGZ,2010,4876.4795,5467059.0,7.973506450653076,53.1417387548341,60.158,12.4380443270698
KGZ,2011,5092.8516,5546587.0,16.63924217224121,53.4057245301169,60.992,1.05898880178791
KGZ,2012,4993.3945,5652076.0,2.7830042839050293,54.4404735783782,59.176,13.1975919145231
KGZ,2013,5418.5405,5777150.0,6.621467590332031,55.6741442388454,56.229,17.5905886868653
KGZ,2014,5513.7544,5905848.0,7.528767108917236,56.9069668645722,56.801,10.8087183257949
KGZ,2015,5600.2144,6040036.0,6.482863903045654,58.150156918583,57.049,10.8087183257949
KGZ,2016,5715.0103,6175338.0,0.3883879482746124,59.0639463884673,56.673,10.8087183257949
KGZ,2017,5861.222,6306696.0,3.175,59.488277666114,54.352,10.8087183257949
KGZ,2018,5951.8286,6444079.0,1.54,59.9520249168602,55.795,10.8087183257949
KGZ,2019,6087.602,6590211.0,1.1360000371932983,60.7277440086941,55.661,10.8087183257949
KGZ,2020,5537.7954,6726596.0,6.325422963380789,61.3520516472714,53.903,10.8087183257949
KGZ,2021,5736.479,6851224.0,11.908778694944868,61.5982158967749,55.986,10.8087183257949
KGZ,2022,6139.778,6975220.0,13.9229093174175,61.6068894493144,56.361,10.8087183257949
KGZ,2023,6575.7754,7099750.0,10.797,61.5475158691892,54.93,10.8087183257949
KGZ,2024,7048.9897,7221868.0,5.021,61.3514807542057,55.468,10.8087183257949
KHM,1990,2646.098,7374752.0,141.8000030517578,87.676409032794,79.918,
KHM,1991,2731.3796,7686850.0,191.0,90.2863460278348,79.322,
KHM,1992,2769.4883,8113083.0,75.0,92.0046830393181,79.321,
KHM,1993,2714.5916,8616381.0,114.31900024414062,92.8229866372581,79.358,
KHM,1994,1650.391,9239162.0,10.4399995803833,95.0104669319668,79.71,
KHM,1995,1672.7393,10018497.0,10.07699966430664,96.2960698840543,79.713,
KHM,1996,1643.0157,10801270.0,7.146999835968018,95.0767518630347,79.741,
KHM,1997,1595.1713,11570982.0,10.503000259399414,92.2794951571116,80.034,
KHM,1998,1602.3837,12058173.0,12.89900016784668,89.1831259482162,79.97,
KHM,1999,1775.4124,12265731.0,1.996000051498413,86.1983835026982,79.847,
KHM,2000,1922.0317,12462336.0,-0.8259999752044678,83.0310606879503,79.83,
KHM,2001,2032.0809,12658484.0,-0.11699999868869781,79.950258976023,79.8,
KHM,2002,2126.3416,12855241.0,-0.035999998450279236,77.083836990036,79.73,
KHM,2003,2309.8394,13050968.0,1.0269999504089355,74.3840557731,79.688,
KHM,2004,2491.3093,13244731.0,3.924999952316284,71.766464433307,79.814,
KHM,2005,2781.8904,13439202.0,6.348999977111816,69.2930311374068,79.969,
KHM,2006,3041.1047,13639028.0,6.14300012588501,66.8051386489094,80.087,
KHM,2007,3308.1575,13841770.0,7.668000221252441,64.3296339360911,80.205,
KHM,2008,3501.9258,14053479.0,24.996999740600586,62.1426116404343,78.288,
KHM,2009,3587.609,14276810.0,-0.6629999876022339,60.4169660643431,81.541,
KHM,2010,3711.5376,14500726.0,3.996999979019165,59.1158735704429,84.098,
KHM,2011,3921.979,14722584.0,5.25981330871582,58.1521956308671,84.946,
KHM,2012,4159.1636,14945085.0,3.1530849933624268,57.6022595047489,82.568,
KHM,2013,4419.399,15170208.0,2.9407660961151123,57.3927567746693,79.867,
KHM,2014,4702.7305,15396772.0,3.856747627258301,57.3715668304458,79.737,
KHM,2015,4968.5728,15623251.0,1.2208187580108643,57.4762892275772,79.29,
KHM,2016,5283.7295,15852803.0,3.0217502117156982,57.6337208481402,81.149,
KHM,2017,5632.0312,16073372.0,2.906,57.7607192458127,81.294,
KHM,2018,6050.591,16274522.0,2.39,57.7788009060017,81.805,
KHM,2019,6448.885,16481304.0,2.0139999389648438,57.7205669146422,82.324,
KHM,2020,6128.782,16725474.0,2.94,57.5213483632843,82.097,
KHM,2021,6225.5327,16974305.0,2.9214231615063713,57.1733909693315,79.195,
KHM,2022,6458.368,17201724.0,5.34370264895435,56.7923377070363,82.137,
KHM,2023,6695.292,17423880.0,2.132,56.4253473651475,82.137,
KHM,2024,7008.889,17638801.0,0.873,56.1447301469383,82.165,
KIR,1990,2213.5403,74855.0,3.9509999752044678,77.2788632326821,,
KIR,1991,2047.1538,76367.0,6.077000141143799,78.1634938409854,,
KIR,1992,2495.9963,77641.0,4.2170000076293945,79.1977288988391,,
KIR,1993,2455.45,78841.0,6.109000205993652,80.0516123138759,,
KIR,1994,2468.7212,80021.0,4.0,80.5183965349997,,
KIR,1995,2498.7876,81234.0,4.099999904632568,80.6725679462657,,
KIR,1996,2455.501,82623.0,-1.6670000553131104,80.5888267179577,,
KIR,1997,2439.4102,84147.0,2.553999900817871,80.1245825841253,,
KIR,1998,2502.862,85657.0,3.6679999828338623,79.4089309651474,,
KIR,1999,2364.3462,87126.0,1.7549999952316284,78.4032271275289,,
KIR,2000,2481.4153,88613.0,0.37700000405311584,77.1480548558634,,
KIR,2001,2357.5818,90335.0,6.001999855041504,75.8996027728016,,
KIR,2002,2341.6956,92264.0,3.1760001182556152,74.6299731233675,,
KIR,2003,2258.034,94175.0,1.6330000162124634,73.2668531056815,,
KIR,2004,2199.6707,96085.0,-0.7400000095367432,72.0073038434686,,
KIR,2005,2183.7812,98035.0,-0.35100001096725464,70.8909303257971,,
KIR,2006,2264.1616,100017.0,-0.996999979019165,69.8427523434316,,
KIR,2007,2286.4465,102068.0,3.5929999351501465,68.9548434085943,,
KIR,2008,2172.3577,104222.0,13.664999961853027,68.293825087198,,
KIR,2009,2137.9658,106467.0,9.815999984741211,67.757031434649,,
KIR,2010,2119.6401,108704.0,-3.9000000953674316,67.2575086164451,,
KIR,2011,2150.383,110647.0,1.496999979019165,66.5793475151679,,
KIR,2012,2242.0137,112284.0,-3.0460000038146973,65.7206110250166,,
KIR,2013,2382.3704,113838.0,-1.4880000352859497,64.8822455896411,,
KIR,2014,2381.3484,115326.0,2.1040000915527344,64.1216485455684,,
KIR,2015,2615.8416,116815.0,0.5720000267028809,63.5331504087804,,
KIR,2016,2761.9336,118478.0,1.9170000553131104,63.2850507862567,,
KIR,2017,2822.6697,120275.0,0.356,63.3771631937841,,
KIR,2018,2877.602,122084.0,0.5876492197091477,63.6835331027271,,
KIR,2019,2927.4846,123921.0,-1.88100004196167,64.0121234580973,,
KIR,2020,2834.6858,126099.0,2.482,64.2307341660046,,
KIR,2021,3020.494,128377.0,3.0,64.2657897430648,,
KIR,2022,3107.7761,130469.0,5.34,64.190430646095,,
KIR,2023,3140.5833,132530.0,9.25,64.0608558943316,,
KIR,2024,3257.1362,134518.0,2.488,63.7487979159819,,
KNA,1990,14326.041,40432.0,4.199999809265137,78.0483508741028,,3.51070660467459
KNA,1991,14084.684,40358.0,4.201000213623047,77.3666168585743,,7.59784645625804
KNA,1992,14557.185,40715.0,2.8369998931884766,75.1408783929109,,5.19159798742807
KNA,1993,15348.688,41242.0,1.7910000085830688,72.4494062552266,,8.12666035105916
KNA,1994,15955.838,41776.0,1.4270000457763672,69.90401822027,,4.39598490652856
KNA,1995,16596.266,42326.0,3.0,67.5679955659369,,10.0290900945034
KNA,1996,17340.223,42877.0,2.0480000972747803,65.4269069022725,,10.2131380986895
KNA,1997,18288.494,43428.0,8.675000190734863,63.5004894209773,,5.9569066489564
KNA,1998,17963.7,43998.0,3.684000015258789,61.7573529411765,,8.38695837685433
KNA,1999,18291.424,44601.0,3.3510000705718994,60.2277626095703,,8.20049685167025
KNA,2000,19840.58,45248.0,2.109999895095825,58.8931418337606,,17.8836527184862
KNA,2001,20648.79,45761.0,2.138000011444092,57.3658872077029,,7.4933740944118
KNA,2002,20813.404,46020.0,2.078000068664551,55.4257151541761,,7.16793867781529
KNA,2003,19927.182,46176.0,2.2679998874664307,53.4137346755706,,10.3738355839546
KNA,2004,20661.346,46315.0,2.25,51.5444015444015,,6.17620404269224
KNA,2005,22612.713,46437.0,3.374000072479248,49.838668043366,,11.8511585394243
KNA,2006,23258.984,46569.0,8.487000465393066,48.4066284257489,,-4.2635096165767
KNA,2007,23330.045,46706.0,4.480999946594238,47.3189502901842,,2.77807636590855
KNA,2008,25898.783,46835.0,5.300000190734863,46.4692269201901,,7.24857550982768
KNA,2009,24973.805,46916.0,2.058000087738037,45.6023834647135,,5.51338523950662
KNA,2010,24997.566,46846.0,0.8510000109672546,44.359187698376,,7.9383643006306
KNA,2011,25380.008,46886.0,5.835000038146973,43.0759841318279,,3.58266781442372
KNA,2012,25114.057,47033.0,0.8159999847412109,42.0550303542843,,9.43815908347907
KNA,2013,26532.102,47069.0,1.1069999933242798,41.06875262243,,8.43596849272624
KNA,2014,28530.307,47089.0,0.24799999594688416,40.1166423661737,,7.98464363062516
KNA,2015,28729.566,47087.0,-2.302000045776367,39.3725025899068,,7.98464363062516
KNA,2016,29867.027,47075.0,-0.34200000762939453,38.9914080722785,,7.98464363062516
KNA,2017,29948.92,47050.0,0.0,38.9187433565608,,7.98464363062516
KNA,2018,30576.248,47008.0,-0.23,39.0810379005296,,7.98464363062516
KNA,2019,31512.193,46952.0,-0.17900000512599945,39.4185942928408,,7.98464363062516
KNA,2020,26736.928,46870.0,-0.589,39.8645220972218,,7.98464363062516
KNA,2021,26896.617,46763.0,0.202,40.2188905547226,,7.98464363062516
KNA,2022,29749.87,46709.0,2.66738842693209,40.4781954887218,,7.98464363062516
KNA,2023,30616.578,46758.0,3.557,40.908269045323,,7.98464363062516
KNA,2024,30656.441,46843.0,1.09538753034507,41.6706992499395,,7.98464363062516
KOR,1990,14377.884,42869283.0,8.573602676391602,44.3249583059879,59.567,4.05140294190715
KOR,1991,15784.467,43295704.0,9.333358764648438,43.3417475231863,58.66,4.05140294190715
KOR,1992,16613.49,43747962.0,6.212677955627441,42.5887487640646,58.876,4.05140294190715
KOR,1993,17595.904,44194628.0,4.8011064529418945,41.9832869213225,58.673,4.05140294190715
KOR,1994,19052.299,44641540.0,6.265815258026123,41.3913576183827,59.617,4.05140294190715
KOR,1995,20697.896,45092991.0,4.480684757232666,40.6474393461891,60.192,4.05140294190715
KOR,1996,22139.797,45524681.0,4.924809455871582,39.8762830570062,60.406,6.81075611229248
KOR,1997,23311.043,45953580.0,4.439064979553223,39.2974595699024,60.404,7.71806095927101
KOR,1998,22000.338,46286503.0,7.5133442878723145,38.9414008404834,56.021,10.3168076677618
KOR,1999,24382.25,46616677.0,0.8129870891571045,38.8398558118882,56.362,10.8949040050841
KOR,2000,26404.158,47008111.0,2.259183168411255,39.0262683255652,58.285,7.54111863718284
KOR,2001,27440.656,47370164.0,4.066421985626221,39.2824564341745,58.849,4.02519600370863
KOR,2002,29395.277,47644736.0,2.762511968612671,39.4441496233333,59.74,3.64966247633618
KOR,2003,30142.46,47892330.0,3.514881134033203,39.5292757742813,59.067,2.57995467101811
KOR,2004,31579.527,48082519.0,3.59059739112854,39.525917627204,59.701,2.55986121207347
KOR,2005,32886.047,48184561.0,2.7540812492370605,39.3635610064232,59.414,4.40527011082801
KOR,2006,34429.62,48438292.0,2.241846799850464,39.1149684167156,59.463,6.16075413094103
KOR,2007,36257.34,48683638.0,2.534852981567383,38.8293844819969,59.47,3.9416601586454
KOR,2008,37064.152,49054708.0,4.673793792724609,38.4354178916179,59.013,4.10863165815276
KOR,2009,37176.195,49307835.0,2.7566871643066406,38.033861912487,58.199,2.07481127238993
KOR,2010,39574.05,49554112.0,2.9391777515411377,37.7039074846602,58.328,2.71883334374472
KOR,2011,40719.227,49936638.0,4.025851726531982,37.2547574179042,58.822,4.42580144247274
KOR,2012,41537.67,50199853.0,2.1872172355651855,36.7828795943106,59.215,4.05140294190715
KOR,2013,42709.977,50428893.0,1.301376223564148,36.5342930887925,59.517,3.52829393471496
KOR,2014,43806.926,50746659.0,1.2747212648391724,36.4720410483292,60.358,3.17863075274962
KOR,2015,44849.105,51014947.0,0.7062063217163086,36.4601267455493,60.361,3.17863075274962
KOR,2016,46088.242,51217803.0,0.971672534942627,36.4600654674078,60.34,3.17863075274962
KOR,2017,47536.79,51361911.0,1.944,36.7793132181662,60.612,3.17863075274962
KOR,2018,48834.445,51585058.0,1.48,37.299629534955,60.357,3.17863075274962
KOR,2019,49790.867,51764822.0,0.382999986410141,37.8813882499402,60.635,3.17863075274962
KOR,2020,49374.094,51836239.0,0.5372583926750839,38.7671326866112,59.826,3.17863075274962
KOR,2021,51718.25,51769539.0,2.498333,39.7812162829152,60.274,3.17863075274962
KOR,2022,53228.605,51672569.0,5.087888,40.6448114715604,61.971,3.17863075274962
KOR,2023,54029.344,51712619.0,3.597,41.4544025774417,62.547,3.17863075274962
KOR,2024,55070.938,51751065.0,2.32174328643543,42.5346866514455,62.67,3.17863075274962
KWT,1990,38932.945,1684819.0,15.79800033569336,60.8993569064277,66.98400000000001,7.91138361833984
KWT,1991,28633.969,1351399.0,8.131999969482422,59.1485072025475,63.537,8.64840457931823
KWT,1992,43266.934,1634961.0,-0.3230000138282776,58.1344514244539,62.805,6.05003532925068
KWT,1993,56684.188,1672151.0,0.6029999852180481,56.0265893073586,63.341,16.56318030456
KWT,1994,61753.848,1664361.0,2.374000072479248,54.0115280015324,65.413,14.3194279455116
KWT,1995,64093.52,1681513.0,2.5329999923706055,53.1869769679125,66.785,3.35588338788477
KWT,1996,62665.223,1730246.0,3.0380001068115234,52.2506588528261,66.851,-5.83446473138292
KWT,1997,62151.953,1787683.0,0.8090000152587891,50.73174351161,66.331,14.1806914342445
KWT,1998,62450.09,1844302.0,0.6000000238418579,48.8734604524562,65.874,31.492300238803
KWT,1999,59533.953,1900030.0,3.0829999446868896,46.8399763204956,65.565,-8.06820439322686
KWT,2000,60585.3,1954709.0,1.569000005722046,44.755160861284,65.404,-9.6704929718029
KWT,2001,59099.664,2008121.0,1.4479999542236328,42.7214964961408,65.56,16.9080708625822
KWT,2002,59348.617,2059974.0,0.796999990940094,40.8169124613603,65.768,1.26860694637141
KWT,2003,67984.31,2109881.0,0.9860000014305115,39.0734151650058,66.261,0.472936584616585
KWT,2004,73298.06,2157320.0,1.2569999694824219,37.4722244702497,66.772,-5.14911494169832
KWT,2005,78193.9,2236788.0,4.119999885559082,36.2412473260794,67.309,-11.7209779616469
KWT,2006,79521.35,2364733.0,3.0920000076293945,35.4573621830067,67.199,-6.53955129884658
KWT,2007,79474.76,2507887.0,5.465000152587891,34.820819465821,66.869,4.05428824689839
KWT,2008,77036.51,2651421.0,6.300000190734863,34.1885588888461,66.748,-9.31204874289532
KWT,2009,67896.266,2795484.0,4.610000133514404,33.5300670066357,67.099,28.1580797496703
KWT,2010,62956.215,2943372.0,4.495999813079834,32.9993181426912,67.449,-5.11388020101944
KWT,2011,64844.5,3132814.0,4.90500020980835,32.172246736738,68.272,-10.2658861203424
KWT,2012,64908.26,3337109.0,3.1989998817443848,31.5980337837438,69.149,-2.3290768340531
KWT,2013,62458.81,3507844.0,2.703000068664551,31.6857121405511,69.57,4.32863196223952
KWT,2014,60065.656,3665876.0,2.884699821472168,31.8448910714324,69.762,11.8255806947688
KWT,2015,57763.516,3834574.0,3.268446445465088,31.9540907043415,70.733,11.8255806947688
KWT,2016,56936.62,4004096.0,2.9555461406707764,32.0088263103965,71.133,11.8255806947688
KWT,2017,52285.586,4154812.0,1.507,32.1024728915433,71.751,11.8255806947688
KWT,2018,51623.81,4323515.0,0.57,32.1350703933507,71.947,11.8255806947688
KWT,2019,51380.645,4442316.0,1.100000023841858,32.2422486608522,71.706,11.8255806947688
KWT,2020,49372.82,4400267.0,1.0,32.6530852187272,66.785,11.8255806947688
KWT,2021,50651.957,4360865.0,3.4236294760917554,30.739165342046,68.488,11.8255806947688
KWT,2022,51379.883,4589643.0,4.0640271869424005,28.1434805199737,72.766,11.8255806947688
KWT,2023,47777.402,4853420.0,3.642,27.4788324128055,72.432,11.8255806947688
KWT,2024,46137.47,4897263.0,2.89855072463763,27.1029912369309,71.977,11.8255806947688
LAO,1990,2005.5005,4311955.0,-26.316999435424805,89.8603727942041,60.518,15.0285558900744
LAO,1991,2033.5826,4435118.0,13.439000129699707,89.8347604443769,60.881,11.5322975960672
LAO,1992,2088.02,4559646.0,9.847000122070312,89.8743317445392,60.701,18.8748310698842
LAO,1993,2152.2766,4685060.0,5.650000095367432,89.9594825870001,60.633,12.7244940151669
LAO,1994,2267.7822,4809220.0,7.670000076293945,90.0032199120944,60.6,15.1339966267919
LAO,1995,2368.0547,4929409.0,19.075000762939453,89.8899777305158,60.543,5.00030693754611
LAO,1996,2473.773,5045678.0,19.14699935913086,89.5841881324574,60.555,11.6726867165806
LAO,1997,2589.2075,5152011.0,19.54400062561035,89.237958879032,60.531,11.6726867165806
LAO,1998,2642.5662,5248266.0,90.14099884033203,88.8152765690607,60.531,-29.9321360017185
LAO,1999,2786.5205,5340784.0,128.40899658203125,88.1661566256825,60.517,-42.0986518389708
LAO,2000,2899.0195,5431212.0,8.369000434875488,87.2372970755436,60.509,5.77111514812214
LAO,2001,3015.6326,5521482.0,7.739996910095215,86.047989519414,60.535,15.8895002535025
LAO,2002,3143.2234,5610889.0,10.613856315612793,84.6718660620307,60.52,21.6471039611153
LAO,2003,3282.9854,5697945.0,15.498451232910156,83.1485651726428,60.519,15.0285558900744
LAO,2004,3441.17,5781626.0,10.48825454711914,81.5337865587232,60.513,16.7670969391649
LAO,2005,3630.5588,5869523.0,7.168996334075928,79.5964595509479,60.498,16.746094301747
LAO,2006,3881.5374,5963200.0,6.558189868927002,76.9407341117713,60.455,17.3231183051721
LAO,2007,4112.253,6056236.0,4.658963680267334,73.9827460398628,60.418,19.6035461645257
LAO,2008,4367.163,6148969.0,7.618224620819092,71.2906841800598,60.37,13.9041609220754
LAO,2009,4625.072,6241642.0,0.1506434679031372,68.9132076758434,60.317,28.5440047397464
LAO,2010,4946.1055,6334194.0,5.980861186981201,66.8701503366016,60.253,12.2860349478632
LAO,2011,5266.879,6426590.0,7.569306373596191,65.1060874765986,59.966,12.2860349478632
LAO,2012,5608.9697,6518978.0,4.2542524337768555,63.5619645767597,59.681,12.2860349478632
LAO,2013,5974.4736,6611385.0,6.358630180358887,62.1659308998986,59.387,12.2860349478632
LAO,2014,6341.2124,6703172.0,4.124024868011475,60.8514855524134,59.098,12.2860349478632
LAO,2015,6703.741,6801645.0,1.2798830270767212,59.6548580377812,58.812,12.2860349478632
LAO,2016,7063.2554,6908802.0,1.6038715839385986,58.634824292374,58.32,12.2860349478632
LAO,2017,7432.4595,7018147.0,0.66,57.8022683207452,57.829,12.2860349478632
LAO,2018,7775.086,7128045.0,2.03,57.1092477648772,59.222,12.2860349478632
LAO,2019,8075.275,7237636.0,3.3239998817443848,56.4903622140064,60.633,12.2860349478632
LAO,2020,7995.595,7346533.0,5.128136326068725,55.8812027825725,61.434,12.2860349478632
LAO,2021,8080.4355,7453194.0,3.75562036658905,55.2518136368494,63.274,12.2860349478632
LAO,2022,8183.0327,7559007.0,22.9562225132054,54.6407954328323,65.203,12.2860349478632
LAO,2023,8372.156,7664993.0,31.23,54.0669284232336,65.208,12.2860349478632
LAO,2024,8600.324,7769819.0,23.1305695942588,53.5253966955507,65.215,12.2860349478632
LBN,1990,5345.512,3595175.0,68.9000015258789,68.904649419034,40.564,21.1603986914577
LBN,1991,7828.172,3668912.0,50.1150016784668,68.5212259676885,40.98,-6.53197211363674
LBN,1992,8924.152,3747371.0,99.84700012207031,67.8614543237627,40.933,-28.9859085955083
LBN,1993,9695.315,3820647.0,24.73699951171875,67.0208045631811,40.794,3.03449089645826
LBN,1994,10294.8125,3889799.0,8.234999656677246,66.0456209489595,40.651,14.8418447445107
LBN,1995,10762.442,3960735.0,10.281999588012695,64.9316660003998,40.535,12.6598786229159
LBN,1996,11757.282,4034781.0,8.878999710083008,63.7258136314075,40.372,23.0692546362486
LBN,1997,11668.4,4108405.0,7.748000144958496,62.4895388884407,40.315,7.83817676370668
LBN,1998,11885.308,4181281.0,4.548999786376953,61.235130323324,40.316,7.83817676370668
LBN,1999,11617.25,4255277.0,0.2409999966621399,59.9800742890657,40.288,18.5149837363971
LBN,2000,11571.732,4329340.0,-0.35600000619888306,58.7751108294532,40.378,20.6704111826383
LBN,2001,11817.931,4401918.0,-0.367000013589859,57.6232604989539,40.414,19.0041604591432
LBN,2002,12053.834,4463504.0,1.7589999437332153,56.4676448617067,40.499,11.1143538415068
LBN,2003,12272.344,4525508.0,1.2680000066757202,55.2520770567648,40.561,11.6659461144041
LBN,2004,12882.076,4599279.0,1.6720000505447388,53.9483576152468,40.564,12.193543974622
LBN,2005,13024.665,4671102.0,-0.7179999947547913,52.612987012987,40.199,11.8278432418899
LBN,2006,13003.681,4751136.0,5.570000171661377,51.3597781181586,39.822,9.29737692053858
LBN,2007,13941.562,4844118.0,4.057000160217285,50.2284073633696,39.503,6.90653319376657
LBN,2008,14955.142,4925354.0,10.758000373840332,49.2286418412491,40.492,2.2605863711327
LBN,2009,16264.351,4992287.0,1.215456247329712,48.410961681442,41.492,-0.649418007495568
LBN,2010,17390.758,5041288.0,3.972080707550049,47.8285896594537,41.734,7.71342952159741
LBN,2011,17353.195,5096020.0,4.985195636749268,47.448365777061,41.895,4.43103560124521
LBN,2012,17323.3,5235742.0,6.5538330078125,47.2064672833187,42.045,-0.220386928994347
LBN,2013,16396.496,5743436.0,5.568299770355225,47.0908167543263,42.224,4.64998466079079
LBN,2014,15205.873,6346990.0,1.1201224327087402,47.0775839655263,42.475,7.16134867411629
LBN,2015,14980.0205,6472469.0,-3.7529959678649902,48.3364582108649,42.671,7.16134867411629
LBN,2016,15572.361,6323060.0,-0.8159461617469788,50.8721295078079,42.859,7.16134867411629
LBN,2017,16128.584,6160128.0,4.476,53.3592312481811,43.052,7.16134867411629
LBN,2018,16290.052,5984119.0,6.07,55.7444457284083,43.224,7.16134867411629
LBN,2019,15659.566,5794594.0,2.8949999809265137,57.947939773335,43.368,7.16134867411629
LBN,2020,12507.437,5702398.0,84.864333047205,58.9073887057113,41.16,7.16134867411629
LBN,2021,11599.775,5718122.0,154.75867734647767,58.4888831484012,39.73,7.16134867411629
LBN,2022,11474.751,5744489.0,189.4364086159759,57.9749956549574,38.581,7.16134867411629
LBN,2023,11330.269,5773493.0,221.343,57.5802354030357,38.654,7.16134867411629
LBR,1990,1866.4055,2223667.0,-0.20000000298023224,89.0849181345476,75.22,8.50242012095618
LBR,1991,1819.4978,1956518.0,5.5,89.3339165390098,75.215,8.04274198024498
LBR,1992,1115.0377,2072461.0,-1.100000023841858,88.9895230808653,75.202,16.2863838393719
LBR,1993,718.6832,2155126.0,7.099999904632568,88.5373326008069,75.189,16.2863838393719
LBR,1994,563.6404,2149928.0,5.300000190734863,87.9572212522916,75.197,8.71488904210354
LBR,1995,534.8097,2169162.0,6.5,87.3704959721375,75.212,8.50242012095618
LBR,1996,582.678,2232289.0,5.5,86.8815582162824,75.329,9.32478548439716
LBR,1997,1111.9376,2412989.0,-10.0,86.468641763894,75.459,29.8182868676903
LBR,1998,1308.4056,2670124.0,-6.699999809265137,86.1783952446528,75.542,30.4339741438394
LBR,1999,1507.3147,2821684.0,0.8999999761581421,85.9399917233599,75.566,15.6577151434054
LBR,2000,1868.1798,2928117.0,5.300000190734863,85.7395411503212,75.542,-21.6404016302847
LBR,2001,1867.1191,3015338.0,12.14900016784668,85.5802749357466,75.462,21.2668474893726
LBR,2002,1887.646,3094782.0,14.15999984741211,85.4970081630427,75.362,21.9027743320639
LBR,2003,1308.1509,3119532.0,10.329999923706055,85.5058915876513,75.206,1.33768082403664
LBR,2004,1326.5356,3156892.0,3.555000066757202,85.6192763716864,75.206,1.05850813324589
LBR,2005,1335.6173,3301015.0,6.945000171661377,85.8486024822865,75.225,16.4626540989673
LBR,2006,1364.6035,3490787.0,9.513999938964844,86.1791332304335,75.344,5.83463167329262
LBR,2007,1422.1002,3669050.0,11.390999794006348,86.5400679344165,75.399,2.70359552564356
LBR,2008,1463.124,3821003.0,17.489999771118164,86.5616629510604,75.408,-2.49587309434251
LBR,2009,1492.9982,3943028.0,7.427000045776367,86.4461293670665,75.384,17.3828166383397
LBR,2010,1538.8508,4058890.0,7.290999889373779,86.3845153848308,75.36,7.25786394321447
LBR,2011,1601.0337,4221178.0,8.487000465393066,84.9387922661079,75.319,2.54895433981956
LBR,2012,1668.9729,4373043.0,6.831999778747559,83.8929335414041,75.311,5.30735347778052
LBR,2013,1774.5206,4470239.0,7.578000068664551,84.1405770171068,75.38,8.37898966744894
LBR,2014,1750.1438,4564293.0,9.857999801635742,84.1039806098194,75.382,12.5808439342769
LBR,2015,1714.0905,4659431.0,7.742000102996826,83.7696225636705,74.997,12.5808439342769
LBR,2016,1653.3105,4755608.0,8.843999862670898,83.3156979543346,74.567,12.5808439342769
LBR,2017,1661.3029,4848925.0,12.435,82.886996416506,74.551,12.5808439342769
LBR,2018,1647.9745,4944726.0,23.56,82.3273555911586,74.522,12.5808439342769
LBR,2019,1575.7666,5043721.0,26.9689998626709,81.5780596641484,74.464,12.5808439342769
LBR,2020,1497.377,5149463.0,11.894000053405762,80.4992463808756,72.972,12.5808439342769
LBR,2021,1539.2089,5259323.0,7.816,79.1758281816491,73.405,12.5808439342769
LBR,2022,1578.9984,5373294.0,7.593,77.7355487371643,74.42,12.5808439342769
LBR,2023,1616.9237,5493031.0,10.094,76.2870435714976,74.421,12.5808439342769
LBR,2024,1646.0586,5612817.0,8.215,74.930982144805,74.379,12.5808439342769
LBY,1990,18126.588,4445239.0,0.7210000157356262,80.1054320050273,38.04,2.1942988851036
LBY,1991,20506.877,4544400.0,11.699999809265137,77.2800364515593,37.086,12.7827480766366
LBY,1992,19538.139,4640352.0,9.449999809265137,74.3302413351481,37.001,-2.01205941242668
LBY,1993,18434.64,4733045.0,7.473999977111816,71.2874522703067,36.952,5.2795816030666
LBY,1994,18444.514,4822037.0,10.670999526977539,68.238485070086,36.856,5.2795816030666
LBY,1995,17723.268,4906843.0,8.342000007629395,65.3001150433981,36.93,5.2795816030666
LBY,1996,17809.152,4987393.0,3.996000051498413,62.6007086445771,37.091,5.2795816030666
LBY,1997,18451.7,5064639.0,3.5859999656677246,60.213154042088,37.253,5.2795816030666
LBY,1998,17532.926,5140704.0,3.7190001010894775,58.2375368067359,37.402,5.2795816030666
LBY,1999,17402.568,5218038.0,2.5739998817443848,56.5217926020759,37.579,-17.6786042587428
LBY,2000,17747.02,5305021.0,-2.9070000648498535,55.375714857257,37.594,-5.56617858109322
LBY,2001,17115.988,5403639.0,-8.83899974822998,54.8688055504286,37.512,-0.172482038272866
LBY,2002,16629.436,5508410.0,-9.86299991607666,54.5038251442756,37.46,-15.9117736358803
LBY,2003,18422.734,5619398.0,-2.056999921798706,54.2312178707777,37.586,-6.43791546245998
LBY,2004,18851.203,5736693.0,1.2519999742507935,54.079056428129,37.721,-13.475766084563
LBY,2005,20649.463,5858798.0,2.6579999923706055,54.0214280925948,37.943,-17.456455741053
LBY,2006,21545.299,5980211.0,1.465000033378601,53.5622357050929,38.137,-11.1515992762555
LBY,2007,22422.012,6104380.0,6.210999965667725,52.8164134237758,38.55,3.47582503654986
LBY,2008,21915.197,6235430.0,10.401000022888184,52.1972496546203,38.793,-14.3153031027785
LBY,2009,20518.965,6366686.0,2.447999954223633,51.6918875504305,39.037,41.0461028132496
LBY,2010,21115.525,6497839.0,2.4579999446868896,51.3831706548825,39.375,-11.1323837030052
LBY,2011,10741.921,6343203.0,15.902000427246094,53.6124778839499,39.472,-14.7517670767541
LBY,2012,20601.002,6179328.0,6.072000026702881,55.9867957206503,39.799,0.0170496009954675
LBY,2013,16557.5,6304628.0,2.5940001010894775,55.5142744874201,39.789,5.90956134488155
LBY,2014,12499.083,6427252.0,2.433000087738037,55.1827484691787,39.865,7.07784993842523
LBY,2015,12195.349,6531819.0,9.83899974822998,55.0478591788407,39.674,7.07784993842523
LBY,2016,11831.826,6632126.0,25.881000518798828,54.8129406406828,39.716,7.07784993842523
LBY,2017,15428.116,6738770.0,28.473,54.316780868188,39.93,7.07784993842523
LBY,2018,16385.164,6849055.0,-1.196,53.5606314027915,39.979,7.07784993842523
LBY,2019,14337.196,6951033.0,4.563000202178955,52.6904898725235,39.81,7.07784993842523
LBY,2020,9978.664,7045399.0,22.256,51.7664329804524,36.174,7.07784993842523
LBY,2021,12641.51,7135175.0,2.769,50.7877754794448,36.471,7.07784993842523
LBY,2022,11450.06,7223805.0,4.51,49.8326471003676,39.351,7.07784993842523
LBY,2023,12476.598,7305659.0,2.373,48.8966237042016,39.43,7.07784993842523
LBY,2024,12583.834,7381023.0,2.12615766885023,47.9982306839978,39.054,7.07784993842523
LCA,1990,17222.148,137857.0,4.330999851226807,79.4802692392819,53.674,2.68131793256323
LCA,1991,17080.799,139520.0,5.539000034332275,77.2132605106059,52.609,6.08979213395639
LCA,1992,18166.207,141617.0,5.660999774932861,76.106447802027,52.685,10.8754692311529
LCA,1993,18004.031,143726.0,0.7749999761581421,74.9768687606526,52.622,10.7022254704084
LCA,1994,18020.514,145890.0,2.6640000343322754,73.9311857698085,52.589,8.26774627068161
LCA,1995,18048.781,148208.0,5.86299991607666,72.8534440530895,53.426,7.25036308329824
LCA,1996,18301.152,150436.0,0.925000011920929,71.3901610955408,53.203,12.302652910524
LCA,1997,17920.033,152569.0,-0.006000000052154064,69.6191132654423,50.66,9.53408905952096
LCA,1998,18786.998,154677.0,3.2019999027252197,67.4011623502419,50.029,8.76067737017553
LCA,1999,19039.463,156702.0,2.4149999618530273,65.0502411998905,52.361,10.220547076481
LCA,2000,18818.885,158616.0,4.8480000495910645,63.1130261304156,53.478,11.8152844680971
LCA,2001,17993.637,160237.0,5.2729997634887695,61.3048380277437,52.258,14.0128257051618
LCA,2002,17911.629,161641.0,-0.25600001215934753,59.5014900041444,51.306,12.1258633501985
LCA,2003,18522.514,162976.0,1.034000039100647,57.6810696801409,50.383,9.28749797143212
LCA,2004,19715.83,164239.0,1.4600000381469727,55.8170864759736,51.4,10.2897812665614
LCA,2005,19491.219,165450.0,3.9110000133514404,53.945642161287,53.115,3.46910600035113
LCA,2006,20551.06,166639.0,3.563999891281128,52.1127531971994,55.125,5.33239730059446
LCA,2007,20759.305,167758.0,2.822999954223633,50.3558176636134,56.688,6.30461431177877
LCA,2008,21651.234,168808.0,5.550000190734863,48.8108041397063,57.785,7.36560346048221
LCA,2009,20907.334,169869.0,-0.15700000524520874,47.5697370364257,56.275,10.2309953644875
LCA,2010,20849.055,170906.0,3.25,46.3211246382767,55.351,4.92656092856866
LCA,2011,21637.87,171801.0,2.7690000534057617,44.9243331702462,54.421,8.47001457017725
LCA,2012,21515.9,172587.0,4.177999973297119,43.6369689151513,55.873,7.33918544889901
LCA,2013,21029.29,173369.0,1.472000002861023,42.5435350994031,53.87,3.08058362112042
LCA,2014,21214.477,174138.0,3.5179998874664307,41.5425756738303,54.327,4.83887618706465
LCA,2015,21142.973,174905.0,-0.9850000143051147,40.5807934670782,54.866,4.83887618706465
LCA,2016,21775.475,175646.0,-3.0929999351501465,39.7253953606771,55.519,4.83887618706465
LCA,2017,22422.598,176342.0,0.105,39.0542202876609,56.095,4.83887618706465
LCA,2018,22981.918,177017.0,1.99,38.5420905988793,56.373,4.83887618706465
LCA,2019,22738.248,177661.0,0.5360000133514404,38.129966256667,58.057,4.83887618706465
LCA,2020,17142.045,178250.0,0.3409999907016754,37.8225201611344,40.184,4.83887618706465
LCA,2021,19101.166,178522.0,2.378,37.5256143594484,52.063,4.83887618706465
LCA,2022,22962.281,178781.0,6.37814695133366,37.3336918113381,58.137,4.83887618706465
LCA,2023,23403.744,179285.0,4.077,37.3031797573827,60.272,4.83887618706465
LCA,2024,24252.469,179744.0,-0.448,37.2759418651718,61.271,4.83887618706465
LKA,1990,4561.579,16352458.0,21.4950008392334,61.7337347023874,50.274,2.3782814068718148
LKA,1991,4735.8193,16475354.0,12.185999870300293,60.8171698875124,50.399,2.3782814068718148
LKA,1992,4866.2393,16739284.0,11.383000373840332,59.2808419294588,48.569,2.3782814068718148
LKA,1993,5114.4365,17025918.0,11.746999740600586,57.6031777754184,48.881,2.3782814068718148
LKA,1994,5322.7295,17275773.0,8.447999954223633,55.9734011116907,49.608,2.3782814068718148
LKA,1995,5523.312,17564068.0,7.675000190734863,54.4998614133516,48.146,2.3782814068718148
LKA,1996,5624.024,17905018.0,15.937000274658203,53.226647871568,49.112,2.3782814068718148
LKA,1997,5871.723,18248200.0,9.5649995803833,52.1685236254304,49.385,2.3782814068718148
LKA,1998,6032.622,18596003.0,9.371000289916992,51.3193407177854,53.426,2.3782814068718148
LKA,1999,6176.2354,18944731.0,4.691999912261963,50.516430835705,52.221,2.3782814068718148
LKA,2000,6428.6133,19293054.0,6.176000118255615,49.7157015968699,51.269,2.3782814068718148
LKA,2001,6230.031,19600362.0,14.157999992370605,49.0198514345139,50.971,0.514847020995709
LKA,2002,6409.863,19805752.0,9.550999641418457,48.5448184836898,50.288,4.67658524491004
LKA,2003,6741.0127,19951521.0,8.968999862670898,48.2669692915326,50.378,1.46867912780351
LKA,2004,7059.911,20087605.0,9.01099967956543,48.1075839018165,50.081,0.611364964122661
LKA,2005,7452.742,20216524.0,10.982999801635742,48.0577770685276,50.26,0.312845406913684
LKA,2006,7970.665,20352411.0,10.020000457763672,48.1068618331041,50.684,1.41356267376407
LKA,2007,8454.207,20492545.0,15.842000007629395,48.2279449537223,50.757,2.67321360043593
LKA,2008,8897.827,20629378.0,9.63599967956543,48.4097270797358,50.945,2.20469047473136
LKA,2009,9156.319,20756435.0,3.430000066757202,48.6396740021296,50.392,9.2480117913198
LKA,2010,9832.187,20879089.0,6.25,48.9131539493344,50.745,-13.1700417406869
LKA,2011,10618.492,21009048.0,6.7230000495910645,49.2394940686867,50.69,5.22391262518773
LKA,2012,11447.693,21169458.0,7.5370001792907715,49.5860029146344,50.53,2.55187233901227
LKA,2013,12249.723,20585000.0,6.9039998054504395,49.9684545344603,49.874,5.83555736921369
LKA,2014,12909.966,20778000.0,2.8380000591278076,50.3938229236869,49.454,5.80537155798334
LKA,2015,13329.779,20970000.0,3.752570152282715,50.7918658678604,51.243,5.80537155798334
LKA,2016,13845.614,21209000.0,3.9747188091278076,51.1118501999851,51.446,5.80537155798334
LKA,2017,14572.485,21453000.0,6.581,51.3380576186543,51.807,5.80537155798334
LKA,2018,14759.825,21670000.0,2.14,51.4899106111657,49.488,5.80537155798334
LKA,2019,14637.444,21803000.0,4.302999973297119,51.5839384848559,49.809,5.80537155798334
LKA,2020,13886.651,21919000.0,6.1539450839174545,51.6372974759332,47.786,5.80537155798334
LKA,2021,14316.135,22156000.0,7.01478071238188,51.6567798164786,47.354,5.80537155798334
LKA,2022,13249.065,22181000.0,44.948850593557715,51.6823190565539,47.476,5.80537155798334
LKA,2023,13024.94,22037000.0,17.365,51.745033375023,45.254,5.80537155798334
LKA,2024,13752.837,21916000.0,-0.42936004906972,51.8239202756772,46.54,5.80537155798334
LSO,1990,1422.1505,1809696.0,11.967000007629395,88.8772226820285,57.5115,7.52073324108308
LSO,1991,1494.2404,1842379.0,17.299999237060547,88.8986975650218,62.252,1.84403733169397
LSO,1992,1571.827,1873274.0,18.094999313354492,88.6198230273836,62.262,3.78361242449648
LSO,1993,1602.5963,1901793.0,10.678000450134277,88.0431300427148,62.131,4.07497038599581
LSO,1994,1675.5978,1927707.0,8.303999900817871,87.1852784755675,62.03,6.01611410971887
LSO,1995,1709.6943,1951437.0,9.723999977111816,86.135404813253,61.824,3.15421991525395
LSO,1996,1786.1823,1972418.0,8.890000343322754,85.0414613301211,61.809,11.0434561660347
LSO,1997,1837.6965,1988130.0,8.37600040435791,83.7611261565195,61.63,8.26864794678765
LSO,1998,1856.6908,1998049.0,8.237000465393066,82.2152933065337,61.444,9.22494563694946
LSO,1999,1860.7006,2003234.0,7.77400016784668,80.5969732129254,61.131,10.1092396098364
LSO,2000,1932.158,2003913.0,6.059999942779541,78.9987959039296,60.701,10.170673769546
LSO,2001,2004.0334,2000853.0,7.965000152587891,77.5219101731698,60.329,4.55815241604452
LSO,2002,2024.7872,1994679.0,12.211999893188477,76.1214206059022,59.891,2.54193637374055
LSO,2003,2127.373,1985059.0,6.3429999351501465,74.8023515280882,59.463,13.2529719923974
LSO,2004,2178.6648,1971129.0,4.640999794006348,73.6462694942743,58.944,2.53156706387884
LSO,2005,2275.016,1953076.0,3.6449999809265137,72.660270322596,58.577,5.4698526687945
LSO,2006,2381.0203,1945063.0,6.336999893188477,71.6552145311802,58.101,2.60709823608142
LSO,2007,2470.3147,1953268.0,9.177000045776367,70.6592063382503,57.715,22.3046168001399
LSO,2008,2589.1663,1966541.0,10.687999725341797,69.9073802077033,57.308,-0.456542828028594
LSO,2009,2538.1934,1980883.0,5.831999778747559,69.3385742227572,56.656,10.410831910183
LSO,2010,2651.378,1996251.0,3.306999921798706,68.8510779391266,56.212,5.58719510638191
LSO,2011,2749.3196,2014009.0,6.005000114440918,68.4840104034647,55.699,0.916378131096873
LSO,2012,2894.227,2034354.0,5.4670000076293945,68.2157351088003,55.448,7.7676253345162
LSO,2013,2914.3752,2056504.0,5.0,68.0784184239325,54.85,-0.326347464909588
LSO,2014,2930.6172,2080089.0,4.565000057220459,68.1373202806156,53.732,-3.24084954531811
LSO,2015,2986.9587,2104611.0,4.300000190734863,68.1416869525897,52.592,-3.24084954531811
LSO,2016,3057.261,2130422.0,6.205999851226807,67.93449172042,51.59,-3.24084954531811
LSO,2017,2924.681,2157110.0,4.459,67.4900982449765,50.376,-3.24084954531811
LSO,2018,2846.4182,2183603.0,4.01,66.87004466725,49.161,-3.24084954531811
LSO,2019,2773.2864,2209405.0,5.189000129699707,66.2552307394785,47.925,-3.24084954531811
LSO,2020,2517.1104,2235727.0,4.978096762523348,65.6481813520794,46.608,-3.24084954531811
LSO,2021,2544.7825,2261542.0,6.048671053248087,64.9680464688448,46.452,-3.24084954531811
LSO,2022,2577.5454,2286110.0,8.27180389943034,64.1758278060089,47.942,-3.24084954531811
LSO,2023,2595.8296,2311472.0,6.343,63.2665285082422,48.066,-3.24084954531811
LSO,2024,2640.2854,2337423.0,6.10544624245031,62.2736686010548,48.039,-3.24084954531811
LTU,1990,20586.229,3697838.0,216.39999389648438,50.1914842026041,52.812,
LTU,1991,19384.818,3704134.0,216.39999389648438,50.5841632982268,65.418,
LTU,1992,15280.389,3700114.0,1020.6204833984375,51.0341232718861,64.624,
LTU,1993,12861.695,3682613.0,410.4518737792969,51.4432831978576,55.722,
LTU,1994,11686.438,3657144.0,72.25467681884766,51.6018297624501,55.101,
LTU,1995,12164.204,3629102.0,39.64762878417969,51.6908303426552,52.159,
LTU,1996,12873.201,3601613.0,24.62519645690918,51.8193299166801,52.292,
LTU,1997,14045.005,3575137.0,8.881049156188965,51.9155067707103,53.054,
LTU,1998,15202.912,3549331.0,5.067561149597168,51.8675311483392,52.629,
LTU,1999,15143.193,3524238.0,0.7275504469871521,51.5663087924886,52.994,
LTU,2000,15771.427,3499536.0,0.9816080927848816,51.045198715514,50.596,
LTU,2001,16933.023,3470818.0,1.3671256303787231,50.5333131512989,48.885,
LTU,2002,18216.545,3443067.0,0.2815041244029999,49.9788082343404,50.475,
LTU,2003,20302.984,3415213.0,-1.1343090534210205,49.4729820989418,52.253,
LTU,2004,21867.287,3377075.0,1.1641021966934204,49.2017642258715,50.917,
LTU,2005,23944.701,3322528.0,2.6584863662719727,48.9993026577485,51.482,
LTU,2006,26129.34,3269909.0,3.7391183376312256,48.7238952736323,51.95,
LTU,2007,29370.773,3231294.0,5.737177848815918,48.3194062255434,53.067,
LTU,2008,30445.781,3198231.0,10.925877571105957,47.9556942173765,52.537,
LTU,2009,26217.545,3162916.0,4.453044891357422,47.7635626773805,48.743,
LTU,2010,26887.492,3097282.0,1.319215178489685,48.2183593142474,46.541,
LTU,2011,29240.748,3028115.0,4.130279541015625,48.8587271779847,48.569,
LTU,2012,30920.33,2989139.0,3.089979648590088,49.0656281931788,50.028,
LTU,2013,32474.64,2961250.0,1.047480583190918,49.2679130316874,51.165,
LTU,2014,33975.086,2937253.0,0.10375910997390747,49.6747643092239,52.63,
LTU,2015,35251.297,2911109.0,-0.8840970993041992,50.3619191061471,53.755,
LTU,2016,36618.15,2877325.0,0.905525267124176,51.3268928056582,55.563,
LTU,2017,38774.49,2842639.0,3.718,52.4697006429964,56.325,
LTU,2018,41019.79,2819200.0,2.7,53.3218291161476,57.761,
LTU,2019,43062.324,2811089.0,2.242000102996826,53.7688027144722,58.187,
LTU,2020,43091.797,2810369.0,1.1998944498358577,53.9636321004347,57.34,
LTU,2021,45873.527,2808380.0,4.683544,53.981202360287,57.871,
LTU,2022,46651.215,2831639.0,19.70505,53.6328325704064,59.011,
LTU,2023,46159.707,2871585.0,8.685,53.2410196696624,58.584,
LTU,2024,47165.367,2888278.0,0.7157301643406752,53.5449086261818,58.78,
LUX,1990,81450.57,381850.0,3.2537660598754883,44.3763871401943,52.8805,
LUX,1991,87313.72,387000.0,3.118363380432129,44.9611938509484,51.208,
LUX,1992,87729.4,392175.0,3.1541659832000732,45.6226862080361,51.885,
LUX,1993,90195.664,397475.0,3.588109254837036,46.3462678434015,51.083,
LUX,1994,92375.36,402925.0,2.194756031036377,47.1066082511866,50.382,
LUX,1995,92391.34,408625.0,1.8676954507827759,47.8019155924013,48.87,
LUX,1996,92416.516,414225.0,1.183860182762146,48.3709551475382,49.285,
LUX,1997,96211.734,419450.0,1.3675132989883423,48.807978032738,49.948,
LUX,1998,101364.67,424700.0,0.9585637450218201,49.133187489246,49.999,
LUX,1999,108180.41,430475.0,1.0251944065093994,49.3895667624481,51.005,
LUX,2000,114141.586,436300.0,3.150768280029297,49.2001395224775,52.164,
LUX,2001,116258.43,441525.0,2.663830041885376,48.9429528503335,52.208,
LUX,2002,118757.53,446175.0,2.0740864276885986,48.9986608738049,52.815,
LUX,2003,120396.26,451630.0,2.049838066101074,48.835201339296,51.591,
LUX,2004,123720.26,458095.0,2.2256808280944824,48.6414136825574,51.634,
LUX,2005,124866.86,465158.0,2.4876930713653564,48.4273639000482,52.658,
LUX,2006,130284.97,472637.0,2.666317939758301,48.0687717143743,52.54,
LUX,2007,138677.97,479993.0,2.31245493888855,47.6801570355237,52.946,
LUX,2008,135812.22,488650.0,3.401876926422119,47.2130001747335,52.429,
LUX,2009,129002.24,497783.0,0.36804795265197754,46.7542269196185,54.472,
LUX,2010,131432.06,506953.0,2.273672580718994,46.3029820293268,54.53,
LUX,2011,129885.37,518347.0,3.410687208175659,45.5970832607706,53.973,
LUX,2012,128895.41,530946.0,2.6628425121307373,44.9939238363122,55.274,
LUX,2013,129945.45,543360.0,1.7340353727340698,44.8006246552271,54.991,
LUX,2014,130247.664,556319.0,0.6285432577133179,44.6592575642532,55.413,
LUX,2015,130097.26,569604.0,0.47474685311317444,44.4196253128098,55.801,
LUX,2016,133661.66,582014.0,0.29083251953125,44.0799897017467,55.165,
LUX,2017,132169.83,596336.0,2.111,43.8628572531404,55.493,
LUX,2018,131733.89,607950.0,1.53,43.8270056967655,55.977,
LUX,2019,132724.75,620001.0,1.6540000438690186,43.8630889675752,56.684,
LUX,2020,129865.63,630419.0,0.8199573021270316,44.0085433965712,56.036,
LUX,2021,136772.44,640064.0,2.52692,44.1975308641975,58.057,
LUX,2022,132570.83,653103.0,6.336008,44.3443744322715,58.146,
LUX,2023,130048.92,666430.0,2.927,44.7725431159019,58.347,
LUX,2024,128475.28,677012.0,2.0511326995485875,45.4622803870045,57.811,
LVA,1990,17508.787,2663151.0,3.275814,49.6830866578275,51.8665,
LVA,1991,15376.091,2650581.0,3.275814,50.4104453897103,58.97,
LVA,1992,10582.207,2614338.0,951.6961669921875,51.502778157677,57.507,
LVA,1993,10255.142,2563290.0,108.98955535888672,52.0374148852879,51.054,
LVA,1994,10656.608,2520742.0,35.92469787597656,52.2489673371099,49.363,
LVA,1995,10707.515,2485056.0,24.975934982299805,52.2287999372721,48.956,
LVA,1996,11077.862,2457222.0,17.61046600341797,51.9543572082749,47.634,
LVA,1997,12215.016,2432851.0,8.44739055633545,51.4654070547482,50.578,
LVA,1998,13138.401,2410019.0,4.644207954406738,50.5855294070601,50.49,
LVA,1999,13619.099,2390482.0,2.364820957183838,49.4331437144465,49.74,
LVA,2000,14554.213,2367550.0,2.654252052307129,48.4932720013146,48.171,
LVA,2001,15695.906,2337170.0,2.4870412349700928,47.7783018808274,48.617,
LVA,2002,17096.559,2310173.0,1.938881754875183,47.1743994332617,49.773,
LVA,2003,18717.668,2287955.0,2.9426443576812744,46.7310337750956,50.035,
LVA,2004,20574.12,2263122.0,6.192381858825684,46.4198949431271,50.499,
LVA,2005,23213.354,2238799.0,6.748446941375732,46.1935033090744,51.46,
LVA,2006,26431.814,2218357.0,6.536197662353516,46.1655186591307,54.804,
LVA,2007,29423.736,2200325.0,10.092982292175293,46.2383093094849,56.556,
LVA,2008,28726.973,2177322.0,15.402318000793457,46.5573852147621,56.753,
LVA,2009,24520.68,2141669.0,3.534107208251953,47.2806969888064,49.552,
LVA,2010,24119.73,2097555.0,-1.0846340656280518,47.9985267565148,47.359,
LVA,2011,25308.732,2059709.0,4.370733261108398,48.624345076556,49.017,
LVA,2012,27496.545,2034319.0,2.2577922344207764,49.3403699742256,50.697,
LVA,2013,28375.184,2012647.0,-0.029452135786414146,50.3815864191996,52.273,
LVA,2014,29243.742,1993782.0,0.6204919219017029,51.7170479665486,52.809,
LVA,2015,30599.613,1977527.0,0.17423799633979797,53.0022445169492,54.108,
LVA,2016,31668.516,1959537.0,0.14063262939453125,54.2757874648074,54.528,
LVA,2017,33036.39,1942248.0,2.894,55.4798446360699,55.489,
LVA,2018,34729.707,1927174.0,2.53,56.3256310462251,56.792,
LVA,2019,35208.195,1913822.0,2.746999979019165,57.1028331214081,57.231,
LVA,2020,34225.9,1900449.0,0.21906490484285218,57.9030936709113,56.58,
LVA,2021,36912.01,1884490.0,3.275814,58.3537176137829,55.563,
LVA,2022,37718.71,1879383.0,17.31029,58.573500587674,56.783,
LVA,2023,37277.723,1883710.0,9.058,58.7910304708067,57.042,
LVA,2024,37611.67,1866124.0,1.2658280691964663,59.106810188639,56.64,
MAC,1990,55300.746,334950.0,1.7997994432449342,43.9388404962549,65.686,-0.474511835224192
MAC,1991,54602.055,351650.0,1.7997994432449342,44.4432578085208,56.525,-2.00166912778094
MAC,1992,58652.79,370900.0,1.7997994432449342,45.392075388861,56.965,-6.52740820485604
MAC,1993,59589.977,384000.0,1.7997994432449342,46.3643328416407,58.933,-2.77214491874846
MAC,1994,60120.66,396800.0,1.7997994432449342,46.9107280374385,60.301,1.12471322180186
MAC,1995,60205.707,409300.0,1.7997994432449342,47.1148523819451,61.021,1.58795129819254
MAC,1996,59115.234,415100.0,1.7997994432449342,47.0312162396704,61.799,7.12787510407958
MAC,1997,58639.523,417300.0,1.7997994432449342,46.5573252322335,63.514,7.9348545916688
MAC,1998,55296.5,422300.0,1.7997994432449342,45.664388971864,62.402,13.184244200743
MAC,1999,53348.01,427400.0,-3.2017953395843506,44.376771351649,61.55,10.770280997789
MAC,2000,55994.76,430600.0,-1.6089531183242798,42.6774111246227,61.016,11.8389008339836
MAC,2001,57173.86,433900.0,-1.9849275350570679,40.6250506399266,60.776,9.60559218756838
MAC,2002,61625.957,438400.0,-2.6376559734344482,38.3606909197641,60.107,7.54058488307433
MAC,2003,67994.78,443600.0,-1.5640347003936768,36.0114548871835,58.002,5.94903262397945
MAC,2004,84004.45,454700.0,0.9826225638389587,33.653136748293,59.629,4.00624936484718
MAC,2005,87185.52,473500.0,4.395016193389893,31.4580319885838,61.254,1.40397652012113
MAC,2006,93828.32,498900.0,5.156373977661133,29.5548030580023,63.333,0.943370630990643
MAC,2007,102879.64,520900.0,5.5738630294799805,27.8966416389627,66.354,-0.872348892685343
MAC,2008,102474.67,540700.0,8.60871696472168,26.5005416104195,67.665,-4.22016587632612
MAC,2009,104911.14,535000.0,1.1681746244430542,25.413454167829,67.463,4.30456168484241
MAC,2010,130758.28,537000.0,2.8074288368225098,24.5517759645225,67.998,0.422339701561774
MAC,2011,155385.33,549600.0,5.801059722900391,24.1388656743388,69.053,-2.07966492969947
MAC,2012,164239.27,567900.0,6.10427713394165,24.5585945210888,69.345,-1.58538824278756
MAC,2013,174569.52,591900.0,5.504122257232666,25.5094922147512,69.569,-2.31351620342181
MAC,2014,162813.44,621700.0,6.047281742095947,26.5812475694649,70.211,-3.19806913215582
MAC,2015,123194.07,642900.0,4.5584940910339355,27.6834071152368,69.524,-3.19806913215582
MAC,2016,120530.055,652500.0,2.372598886489868,28.7304709463712,68.703,-3.19806913215582
MAC,2017,133322.62,648400.0,1.227,29.8365829190003,68.478,-3.19806913215582
MAC,2018,139541.16,658900.0,3.0,31.203429722938,68.819,-3.19806913215582
MAC,2019,133453.89,672000.0,2.752000093460083,32.8591001563862,68.582,-3.19806913215582
MAC,2020,59662.484,685400.0,0.811,34.5607535716319,66.927,-3.19806913215582
MAC,2021,73374.445,682500.0,0.02680224814006204,35.9475093221149,67.393,-3.19806913215582
MAC,2022,59921.44,677300.0,1.04502802369954,37.0195565931432,65.018,-3.19806913215582
MAC,2023,104815.2,678800.0,0.939,38.072078888916,66.471,-3.19806913215582
MAC,2024,111693.5,687000.0,0.738,39.234272303324,66.733,-3.19806913215582
MAR,1990,4418.66,24375551.0,6.026000022888184,76.195771151489,44.158,
MAR,1991,4656.126,24799014.0,8.991000175476074,74.7894601998106,44.297,
MAR,1992,4483.2495,25212468.0,5.739999771118164,73.4008262589948,44.204,
MAR,1993,4379.764,25614586.0,5.183000087738037,71.9382564205696,44.118,
MAR,1994,4771.093,26000822.0,5.142000198364258,70.3621549030513,44.155,
MAR,1995,4444.2285,26399429.0,6.124000072479248,68.8413993723825,44.136,
MAR,1996,4916.48,26808107.0,2.986999988555908,67.4266056352243,44.424,
MAR,1997,4766.1104,27213337.0,1.0410000085830688,66.0457666328352,44.132,
MAR,1998,5033.9233,27621648.0,2.744999885559082,64.7216537020207,44.442,
MAR,1999,5043.665,28027179.0,0.6899999976158142,63.4476580981654,44.161,
MAR,2000,5100.1157,28423435.0,1.9229999780654907,62.2276807795302,44.353,
MAR,2001,5417.5786,28814643.0,0.6129999756813049,61.0419023199319,44.882,
MAR,2002,5544.072,29198142.0,2.7790000438690186,59.8593006334937,44.815,
MAR,2003,5810.053,29571415.0,1.1629999876022339,58.6812379549291,44.633,
MAR,2004,5996.39,29953018.0,1.4930000305175781,57.4496732210295,45.171,
MAR,2005,6103.4224,30358144.0,0.9829999804496765,56.1916489979919,45.065,
MAR,2006,6488.674,30771178.0,3.2850000858306885,55.0741290970672,45.728,
MAR,2007,6620.5903,31186468.0,2.0360000133514404,54.1573061144755,45.769,
MAR,2008,6901.9507,31606767.0,3.8910000324249268,53.400034148467,45.749,
MAR,2009,7063.727,32030778.0,0.972000002861023,52.795415581033,45.611,
MAR,2010,7210.6367,32467016.0,1.0014015436172485,52.3621899992693,45.1,
MAR,2011,7503.793,32912588.0,0.8992376923561096,52.0610436194687,44.78,
MAR,2012,7628.644,33355241.0,1.2949397563934326,51.7973785639985,44.058,
MAR,2013,7839.032,33787571.0,1.8950204849243164,51.5336269622414,43.851,
MAR,2014,7951.7983,34204780.0,0.4206696152687073,51.3322745978475,43.398,
MAR,2015,8198.809,34607588.0,1.5653653144836426,51.215660270365,42.979,
MAR,2016,8141.9404,35023457.0,1.6497843265533447,51.1432000019679,42.221,
MAR,2017,8450.009,35446392.0,0.754,51.1556180708406,41.305,
MAR,2018,8611.75,35839760.0,1.79,51.2665088515347,41.581,
MAR,2019,8768.176,36210898.0,0.23999999463558197,51.4045655561766,41.918,
MAR,2020,8054.563,36584208.0,0.7059686613377142,51.445532015848,39.556,
MAR,2021,8623.266,36954442.0,1.3988288874430468,51.3907036633908,40.52,
MAR,2022,8690.448,37329064.0,6.65704202759063,51.3182365864151,40.13,
MAR,2023,8915.352,37712505.0,6.137,51.1965827591372,40.29,
MAR,2024,9162.747,38081173.0,0.985256592004507,50.9925352190748,40.111,
MDA,1990,15902.895,2977912.0,9.640999794006348,56.5562906944039,58.0355,6.334367041743705
MDA,1991,13342.06,2981566.0,9.640999794006348,56.7073629018313,57.733,6.334367041743705
MDA,1992,9461.428,2980965.0,1243.0,56.8998313609654,56.96,6.334367041743705
MDA,1993,9363.593,2975966.0,788.5029907226562,57.0976096185377,57.087,6.334367041743705
MDA,1994,6490.353,2966745.0,329.635986328125,57.0826176553436,55.959,6.334367041743705
MDA,1995,6428.84,2953200.0,30.215999603271484,56.7754217335656,56.23,1.46858587182734
MDA,1996,6063.1406,2947293.0,23.506000518798828,56.1849614186777,54.924,6.89444895978897
MDA,1997,6185.8394,2936413.0,11.77299976348877,55.2686626670516,54.836,18.5080142943868
MDA,1998,5783.486,2935227.0,7.696000099182129,53.9340615311033,53.878,19.516656455887
MDA,1999,5597.4653,2930622.0,39.262001037597656,52.2927141064316,53.338,-3.0380708248234
MDA,2000,5727.079,2924668.0,31.20599937438965,50.5562462195797,54.796,5.06398953898559
MDA,2001,6090.0347,2918135.0,9.640999794006348,48.7709381003071,53.677,14.8140125383154
MDA,2002,6580.2783,2911385.0,5.218999862670898,46.9737309731797,53.308,12.4688960547496
MDA,2003,7034.358,2903198.0,11.666999816894531,45.2277213458685,53.596,3.85074370605451
MDA,2004,7573.6177,2896023.0,12.425999641418457,43.7107447244036,51.6,11.9933288814659
MDA,2005,8161.4736,2888985.0,11.85099983215332,42.6576130378575,51.727,9.0692458578458
MDA,2006,8577.028,2880967.0,12.706999778747559,41.9919515615104,55.618,4.15294417758929
MDA,2007,8854.834,2874299.0,12.381999969482422,41.4201256215393,57.228,2.51601878178444
MDA,2008,9563.698,2868833.0,12.704000473022461,40.7533317404238,58.338,10.8197163401692
MDA,2009,9001.234,2865213.0,0.006000000052154064,39.9841607416017,58.85,17.9846181479641
MDA,2010,9649.951,2862354.0,7.357999801635742,39.2276109366252,61.487,-12.7114067207707
MDA,2011,10217.309,2860699.0,7.650000095367432,38.7021715646631,62.671,5.77428512369844
MDA,2012,10158.386,2860324.0,4.558000087738037,38.53681973897,63.369,5.57968418273751
MDA,2013,11080.063,2859558.0,4.568999767303467,38.9863509860321,64.013,8.05427757577723
MDA,2014,11641.121,2857815.0,5.058000087738037,40.5178254811007,68.261,5.58218922393701
MDA,2015,11691.08,2835978.0,9.628000259399414,42.7369673494204,68.964,5.58218922393701
MDA,2016,12377.366,2803186.0,6.381999969482422,44.9617606494355,68.795,5.58218922393701
MDA,2017,13118.822,2755189.0,6.576,47.0079400184721,67.222,5.58218922393701
MDA,2018,13895.504,2707203.0,3.05,48.8156929140567,66.222,5.58218922393701
MDA,2019,14621.24,2664224.0,4.848999977111816,50.5590674260294,68.29,5.58218922393701
MDA,2020,13559.26,2635130.0,3.7659712224536244,52.1688916299112,68.839,5.58218922393701
MDA,2021,15682.07,2595809.0,5.10641129002837,53.4770503502267,71.935,5.58218922393701
MDA,2022,15358.016,2528654.0,28.7372976766236,54.4705439644419,71.872,5.58218922393701
MDA,2023,15990.4795,2457783.0,13.447,55.2962072281666,69.675,5.58218922393701
MDA,2024,16376.611,2402306.0,4.6777351600705,56.2505935075156,71.13,5.58218922393701
MDG,1990,1968.2723,12055639.0,11.859000205993652,95.4134806607625,82.827,12.4633072894145
MDG,1991,1789.8417,12421412.0,8.539999961853027,94.7673586289935,80.887,15.6023480442311
MDG,1992,1757.2946,12800870.0,14.567000389099121,94.1715188550484,80.745,9.10619017294978
MDG,1993,1740.2952,13197345.0,9.989999771118164,93.6411585534501,80.665,14.2377446689439
MDG,1994,1686.3419,13613850.0,38.992000579833984,93.2218460910038,80.825,-7.70860389606109
MDG,1995,1661.2706,14051275.0,49.0359992980957,92.9583195665602,80.833,-9.58288000509817
MDG,1996,1643.3258,14510711.0,19.76099967956543,92.8813263736405,80.858,13.1421812977142
MDG,1997,1649.4481,14990814.0,4.492000102996826,92.941057455216,81.003,24.7304736070804
MDG,1998,1658.8885,15489364.0,6.210000038146973,93.0736201618519,81.117,19.5744623105424
MDG,1999,1681.3594,16000506.0,8.062000274658203,93.1895589658069,81.24,18.7153815222344
MDG,2000,1701.4432,16516338.0,10.670000076293945,93.1978917110378,81.308,13.7174855381102
MDG,2001,1748.5035,17032939.0,7.916999816894531,93.177661036787,81.742,16.2931365294902
MDG,2002,1486.4343,17549913.0,16.499000549316406,93.1353629191031,81.706,7.51209032468099
MDG,2003,1584.7493,18071854.0,-1.7039999961853027,92.9564871729139,82.164,26.4039290162197
MDG,2004,1620.1195,18606608.0,13.956000328063965,92.6013121635461,83.095,9.30772986434688
MDG,2005,1648.1763,19159707.0,18.36400032043457,92.0343514216222,84.237,6.34583697690706
MDG,2006,1686.8634,19730909.0,10.765999794006348,91.290813209297,83.984,15.694725625404
MDG,2007,1731.6176,20318583.0,10.288000106811523,90.4683448047263,83.777,27.1897603026669
MDG,2008,1794.4023,20923840.0,9.29699993133545,89.5836295034047,83.578,33.9705614852236
MDG,2009,1673.1555,21547280.0,8.954000473022461,88.6259182667826,83.167,35.2476423678686
MDG,2010,1635.2451,22183340.0,9.246999740600586,87.5514674326768,82.79,32.464101444736
MDG,2011,1614.5514,22822300.0,9.482999801635742,86.2949697427707,84.26,38.1513429866634
MDG,2012,1617.7908,23462438.0,5.714000225067139,84.89192078717,85.84,48.0332440256903
MDG,2013,1610.6023,24109290.0,5.826000213623047,83.4502181265262,85.409,50.7601031926022
MDG,2014,1620.3579,24764348.0,6.079999923706055,82.1437972798409,84.966,49.908503144345
MDG,2015,1627.5806,25426702.0,7.4039998054504395,81.0274179265593,84.506,49.908503144345
MDG,2016,1648.9122,26099952.0,6.659999847412109,80.0325838882681,84.157,49.908503144345
MDG,2017,1669.7277,26788375.0,8.281,79.1610726988645,83.828,49.908503144345
MDG,2018,1678.7863,27494926.0,7.29,78.4146213820003,83.527,49.908503144345
MDG,2019,1707.8315,28219554.0,5.623000144958496,77.7556849963264,83.25,49.908503144345
MDG,2020,1545.7272,28953556.0,4.20179312190524,77.125045262279,81.804,49.908503144345
MDG,2021,1577.4325,29691083.0,5.819,76.4982094615521,82.058,49.908503144345
MDG,2022,1602.7136,30437261.0,8.16059031991844,75.8512654399341,82.725,49.908503144345
MDG,2023,1629.4609,31195932.0,9.861,75.1537300734546,82.864,49.908503144345
MDG,2024,1657.0497,31964956.0,7.64,74.4044379155376,82.866,49.908503144345
MDV,1990,8945.805,224762.0,15.541999816894531,98.7171439433457,51.4345,5.089509983315635
MDV,1991,8799.255,231802.0,12.5,99.4047158206233,49.485,5.089509983315635
MDV,1992,9120.992,238543.0,16.85700035095215,99.5766576030119,49.84,5.089509983315635
MDV,1993,9378.522,244884.0,20.125999450683594,99.0538431525556,50.192,5.089509983315635
MDV,1994,9866.075,250822.0,3.385999917984009,97.7943379859633,50.548,5.089509983315635
MDV,1995,10894.173,256649.0,5.48799991607666,95.7658276125095,50.905,10.1426241975486
MDV,1996,11495.099,262347.0,6.24399995803833,93.0398887441778,51.48,6.05010056640602
MDV,1997,12210.969,267707.0,7.578999996185303,89.8914022655857,52.05,6.61642811237456
MDV,1998,12884.723,272723.0,-1.409999966621399,86.4109854957554,52.612,12.2657073577698
MDV,1999,13449.203,277412.0,2.9560000896453857,82.5926413479892,53.171,6.23189600181905
MDV,2000,13738.281,282019.0,-1.1779999732971191,78.4343127578265,53.72,7.34143644012808
MDV,2001,12977.999,286767.0,0.6729999780654907,74.1718596261069,52.845,-27.4166580778601
MDV,2002,13689.807,291616.0,0.9269999861717224,70.1555589268418,51.983,9.375668973329
MDV,2003,15316.119,296491.0,-2.802999973297119,66.4206289957734,51.139,6.92865721314521
MDV,2004,15958.656,301413.0,6.339000225067139,62.8912667531345,50.305,0.156737198386501
MDV,2005,13942.875,306429.0,2.4600000381469727,59.5743351264653,49.404,3.2746603469194
MDV,2006,16829.977,313851.0,3.5,55.9074245178981,48.579,0.671075441542563
MDV,2007,17439.951,324479.0,6.795000076293945,51.9067994981367,47.736,-0.414694163040783
MDV,2008,18344.486,336170.0,12.027999877929688,48.3264355238658,46.971,-1.17685851570043
MDV,2009,16230.009,348275.0,4.545000076293945,45.3985271278994,46.005,-2.11403300453779
MDV,2010,16730.014,360792.0,6.158999919891357,43.0783141130375,47.048,6.8047683211937
MDV,2011,17581.768,373674.0,11.258000373840332,41.2814899674467,48.106,-1.91496180491818
MDV,2012,17390.148,386818.0,10.888999938964844,39.9334370365011,49.217,3.34229605974468
MDV,2013,17986.89,400070.0,3.796999931335449,38.9411756534302,50.299,4.12891940022525
MDV,2014,18765.36,413617.0,2.121999979019165,38.1726285126341,51.389,7.002895788903
MDV,2015,18829.447,428154.0,1.8910000324249268,37.4098572157554,52.497,7.002895788903
MDV,2016,19345.18,443308.0,0.8009999990463257,36.5731854969146,53.61,7.002895788903
MDV,2017,20036.717,458287.0,2.272,35.7416836237512,55.999,7.002895788903
MDV,2018,21072.58,473099.0,1.37,34.958294347201,58.383,7.002895788903
MDV,2019,21855.502,487731.0,1.309000015258789,34.2339490950724,60.729,7.002895788903
MDV,2020,14242.975,502118.0,-1.3697742556982453,33.5342081048449,55.144,7.002895788903
MDV,2021,19052.623,516154.0,0.543149688736981,32.7942534738749,56.785,7.002895788903
MDV,2022,21357.81,524106.0,2.33314337624571,32.3871085076878,60.695,7.002895788903
MDV,2023,22333.047,525994.0,2.605,32.264975533215,60.782,7.002895788903
MDV,2024,23034.41,527799.0,1.39979779674922,31.9824156478728,60.501,7.002895788903
MEX,1990,17169.592,82820170.0,26.65167236328125,75.8587871701319,57.961,2.545598118101605
MEX,1991,17511.73,84430572.0,22.662372589111328,74.1105276579391,56.376,2.545598118101605
MEX,1992,17796.406,86044809.0,15.507891654968262,72.5773492012185,56.815,2.545598118101605
MEX,1993,17970.588,87653807.0,9.75146198272705,71.3123295232963,57.294,-17.2485708602521
MEX,1994,18422.82,89259205.0,6.9658122062683105,70.2356684550153,56.694,10.0953390422856
MEX,1995,17028.121,90862455.0,34.999271392822266,69.2581943127318,55.187,14.8566758536659
MEX,1996,17775.873,92452702.0,34.378379821777344,68.3276181298531,56.214,7.64743965456214
MEX,1997,18737.643,94021207.0,20.625629425048828,67.4132301084894,58.21,3.74260655837951
MEX,1998,19573.066,95575245.0,15.92839527130127,66.544339879437,58.217,9.19688961880313
MEX,1999,19793.285,97115707.0,16.58561897277832,65.6971363362102,58.148,7.30444482115276
MEX,2000,20470.494,98625552.0,9.491558074951172,64.8374720830817,57.994,5.62825957284796
MEX,2001,20078.219,100099099.0,6.367733001708984,63.9944301026757,57.388,5.9376464525908
MEX,2002,19744.793,101548624.0,5.030737400054932,63.180962136667,56.701,2.56725076182637
MEX,2003,19701.463,102978515.0,4.546898365020752,62.3840117468188,56.783,2.63026612664734
MEX,2004,20127.225,104394131.0,4.688409805297852,61.5479972392309,57.038,-0.62812236257935
MEX,2005,20277.256,105811504.0,3.988060474395752,60.6344937397539,57.981,3.59826026000135
MEX,2006,20965.826,107253666.0,3.6294543743133545,59.6732082754969,58.704,1.3238319710294
MEX,2007,21102.27,108774360.0,3.9668490886688232,58.6888542638054,58.711,1.35029773940963
MEX,2008,20992.56,110374288.0,5.124985218048096,57.7194070815135,58.289,2.25320067552938
MEX,2009,19385.543,111999721.0,5.29736328125,56.7944957043171,57.313,1.73076519097887
MEX,2010,20058.385,113623895.0,4.156723976135254,55.9321268636884,57.189,0.869831510540792
MEX,2011,20457.6,115243504.0,3.407374858856201,55.1794320737435,57.394,-0.718087414556666
MEX,2012,20898.936,116818208.0,4.111514568328857,54.5632141554873,58.226,0.132595617614182
MEX,2013,20805.348,118343573.0,3.8063876628875732,54.027488950612,58.029,2.52394547437684
MEX,2014,21069.766,119784261.0,4.018618106842041,53.513139465276,57.561,-0.782518932664159
MEX,2015,21408.928,121072306.0,2.7206408977508545,52.97209888579,57.941,-0.782518932664159
MEX,2016,21578.264,122251351.0,2.8217086791992188,52.3968518760979,58.099,-0.782518932664159
MEX,2017,21777.523,123400057.0,6.041,51.8182577831981,58.15,-0.782518932664159
MEX,2018,21997.773,124573711.0,4.9,51.2690018964587,58.45,-0.782518932664159
MEX,2019,21704.186,125762982.0,3.634999990463257,50.7872946012451,58.995,-0.782518932664159
MEX,2020,19728.482,126799054.0,3.3968341557003026,50.3089773441429,53.921,-0.782518932664159
MEX,2021,20782.588,127648148.0,5.689209,49.8060368026137,57.517,-0.782518932664159
MEX,2022,21391.857,128613117.0,7.896276,49.3799037503831,58.961,-0.782518932664159
MEX,2023,21917.248,129739759.0,5.526,49.0415538480472,60.036,-0.782518932664159
MEX,2024,22039.629,130861007.0,4.72225588452935,48.7167150891959,59.985,-0.782518932664159
MHL,1990,3905.586,44629.0,2.0160000324249268,112.670955444365,,
MHL,1991,3828.4636,45568.0,2.0160000324249268,110.179419768461,,
MHL,1992,4029.3413,46388.0,2.0160000324249268,107.325139664804,,
MHL,1993,4207.4097,47093.0,2.0160000324249268,104.064653117823,,
MHL,1994,4396.9146,47712.0,2.0160000324249268,100.445322018233,,
MHL,1995,4703.433,48266.0,2.0160000324249268,96.634889595046,,
MHL,1996,4174.814,48775.0,2.0160000324249268,92.7637039086274,,
MHL,1997,3867.3428,49259.0,2.0160000324249268,88.9238321699778,,
MHL,1998,3805.887,49717.0,2.0160000324249268,85.193324890114,,
MHL,1999,3718.811,50202.0,2.0160000324249268,81.9968097447796,,
MHL,2000,3772.2158,50706.0,2.0160000324249268,79.4585029198372,,
MHL,2001,4000.7305,51123.0,2.0160000324249268,77.1352343993625,,
MHL,2002,4121.84,51425.0,2.0160000324249268,74.9268657731818,,
MHL,2003,4040.655,51639.0,2.0160000324249268,72.9544160498376,,
MHL,2004,4012.3445,51791.0,2.0160000324249268,71.3118549880921,,
MHL,2005,4075.1587,51906.0,3.4860000610351562,70.1780269499361,,
MHL,2006,4075.5764,51992.0,5.252999782562256,69.7032999314554,,
MHL,2007,4222.413,52035.0,2.63700008392334,69.8214810221598,,
MHL,2008,3903.3057,52030.0,14.675000190734863,70.2696511551803,,
MHL,2009,4047.2268,52019.0,0.4779999852180481,70.8711076074103,,
MHL,2010,4269.3584,52044.0,1.7680000066757202,71.5731522384123,,
MHL,2011,4259.116,51907.0,5.353000164031982,71.8319650423729,,
MHL,2012,4244.0444,51419.0,4.341000080108643,71.2116671661173,,
MHL,2013,4469.8535,50681.0,1.8509999513626099,70.0704697986577,,
MHL,2014,4491.9917,49796.0,1.0980000495910645,68.7656747780113,,
MHL,2015,4670.1094,48800.0,-2.2360000610351562,67.3950329308452,,
MHL,2016,4896.522,47709.0,-1.5080000162124634,66.1639732516021,,
MHL,2017,5199.344,46529.0,0.033,65.1076966750648,,
MHL,2018,5635.3076,45285.0,0.755,64.0879773896659,,
MHL,2019,6405.0757,44007.0,1.2000000476837158,63.0311562256881,,
MHL,2020,6417.1846,42706.0,0.614,61.9553263301604,,
MHL,2021,6767.958,41367.0,2.605,62.0582935046619,,
MHL,2022,6936.865,40077.0,6.163,63.2131948686622,,
MHL,2023,6801.6147,38827.0,7.441,64.169133192389,,
MHL,2024,7209.2666,37548.0,5.363,64.2447836927519,,
MKD,1990,12904.54,2063689.0,600.0,51.5043329134034,37.372,6.7466177732546555
MKD,1991,12153.549,2055994.0,110.80000305175781,51.2881606367072,42.483,6.7466177732546555
MKD,1992,11486.776,2032523.0,1511.699951171875,51.0749427296796,41.129,6.7466177732546555
MKD,1993,10764.747,2006854.0,338.6839904785156,51.0931907467276,40.016,6.7466177732546555
MKD,1994,10650.783,1992666.0,125.49319458007812,51.4097600820622,38.393,6.7466177732546555
MKD,1995,10501.133,1998534.0,16.058618545532227,51.6387863943968,35.021,6.7466177732546555
MKD,1996,10551.566,2012553.0,2.421682834625244,51.4505753838652,33.051,6.7466177732546555
MKD,1997,10787.575,1996869.0,1.373718500137329,51.108262459676,34.424,6.7466177732546555
MKD,1998,11092.875,2007523.0,0.5687916874885559,50.7755742734507,34.827,6.7466177732546555
MKD,1999,11519.005,2017142.0,-1.2512927055358887,50.2993481029117,35.549,6.7466177732546555
MKD,2000,11988.295,2026350.0,6.633810997009277,49.6535888870754,35.759,6.7466177732546555
MKD,2001,11571.859,2034882.0,5.207714080810547,49.0253833872834,36.761,6.7466177732546555
MKD,2002,11830.312,2020157.0,1.072017788887024,48.4950971023654,36.089,6.7466177732546555
MKD,2003,12077.899,2022725.0,0.8677387237548828,48.0257861874555,33.86,6.7466177732546555
MKD,2004,12683.434,2016186.0,-0.44826191663742065,47.4705214167274,33.534,6.7466177732546555
MKD,2005,13354.517,2005330.0,0.5316315293312073,46.8173694803374,33.392,7.26516846748912
MKD,2006,14118.288,1994287.0,3.2044315338134766,46.2205163172983,33.871,8.04240569577009
MKD,2007,15118.307,1982933.0,2.2592251300811768,45.8026442433186,35.157,5.65016796689051
MKD,2008,16038.107,1971493.0,8.315900802612305,45.465110015989,36.141,4.49410787776229
MKD,2009,16084.295,1958782.0,-0.7423927783966064,45.1209438129325,37.004,10.8427361033363
MKD,2010,16731.16,1946298.0,1.496378779411316,44.8337754824883,35.565,8.48142548946223
MKD,2011,17201.307,1937398.0,3.890014410018921,44.6211175116841,37.349,5.66722821086818
MKD,2012,17190.066,1929821.0,3.3066725730895996,44.6285736126547,37.395,7.98522175537971
MKD,2013,17758.3,1922716.0,2.7860348224639893,45.0133457627298,38.803,3.83126684806821
MKD,2014,18452.283,1917557.0,-0.2725355327129364,45.4776570410231,39.204,6.22806707902019
MKD,2015,19215.154,1912430.0,-0.2886359691619873,45.8787830708818,39.749,6.22806707902019
MKD,2016,19825.855,1906313.0,-0.23310188949108124,46.3865862414523,40.447,6.22806707902019
MKD,2017,20121.135,1898657.0,1.352,47.0672255043133,41.007,6.22806707902019
MKD,2018,20806.008,1889051.0,1.46,48.0106840670598,41.599,6.22806707902019
MKD,2019,21766.975,1876262.0,0.765999972820282,49.2556155977468,43.789,6.22806707902019
MKD,2020,20971.53,1856124.0,1.2000734888853977,50.5073201188734,43.47,6.22806707902019
MKD,2021,22144.285,1837114.0,3.2307491213291857,51.3921943501335,43.461,6.22806707902019
MKD,2022,22822.328,1831712.0,14.2047173195833,52.0830012221691,45.264,6.22806707902019
MKD,2023,23455.32,1827816.0,9.362,52.8340697087164,44.934,6.22806707902019
MKD,2024,24203.285,1824359.0,3.48974086026953,53.4859870639466,45.799,6.22806707902019
MLI,1990,1890.5021,9178830.0,1.6080000400543213,102.109294733611,69.339,-0.9210581638151529
MLI,1991,2087.919,9362888.0,1.5080000162124634,102.545356922589,69.386,-0.9210581638151529
MLI,1992,1942.7285,9553540.0,-5.9070000648498535,102.855486640917,69.353,-0.9210581638151529
MLI,1993,1985.3806,9754786.0,-0.5680000185966492,102.93934571176,69.412,-0.9210581638151529
MLI,1994,2051.755,9967031.0,24.288999557495117,102.796515988259,69.348,-0.9210581638151529
MLI,1995,2022.4038,10185365.0,11.642999649047852,102.442138102144,69.372,-0.9210581638151529
MLI,1996,2105.2754,10407278.0,6.452000141143799,101.983566542074,69.387,-0.9210581638151529
MLI,1997,2142.7876,10646495.0,-0.6729999780654907,101.449799685408,69.376,-0.9210581638151529
MLI,1998,2228.2004,10919573.0,4.070000171661377,100.754605770192,69.396,-0.9210581638151529
MLI,1999,2269.0874,11227415.0,-1.1640000343322754,99.9912004994696,69.354,-0.9210581638151529
MLI,2000,2187.719,11559290.0,-0.7609999775886536,99.2877095020225,69.289,-0.9210581638151529
MLI,2001,2458.4617,11912158.0,5.173999786376953,98.6095350644855,69.319,-0.9210581638151529
MLI,2002,2455.6194,12288050.0,4.867000102996826,98.0229691528268,69.278,-0.9210581638151529
MLI,2003,2611.837,12684955.0,-1.159000039100647,97.6196752326577,69.33,-0.9210581638151529
MLI,2004,2565.9775,13102409.0,-3.1089999675750732,97.4334899551954,69.232,-0.9210581638151529
MLI,2005,2546.3328,13538647.0,6.414000034332275,97.5418176830727,69.281,-2.6970599167177
MLI,2006,2555.0747,13990139.0,1.5190000534057617,97.8338469561819,69.286,-0.844251721914726
MLI,2007,2515.947,14457775.0,1.4559999704360962,98.1854739493354,69.33,-1.49014626957217
MLI,2008,2523.1997,14940782.0,9.121000289916992,98.6304786371738,69.354,-1.19833118557014
MLI,2009,2575.5454,15435539.0,2.2170000076293945,99.1596620223077,69.377,-0.99786460571558
MLI,2010,2632.2646,15945198.0,1.2890000343322754,99.774606425734,69.445,0.870098872074796
MLI,2011,2623.3462,16469049.0,3.0510001182556152,100.448595050496,69.476,-6.42720610583686
MLI,2012,2520.5293,16957033.0,5.320000171661377,101.520019157259,69.506,0.176023562950839
MLI,2013,2528.53,17459615.0,-0.6010000109672546,102.371894954384,69.526,5.62291518418872
MLI,2014,2609.1672,18020267.0,0.8880000114440918,102.530025586738,69.574,3.45332646213888
MLI,2015,2686.5605,18593022.0,1.4420000314712524,102.527919857724,69.57,3.45332646213888
MLI,2016,2759.1106,19191289.0,-1.7999999523162842,102.313780775536,68.909,3.45332646213888
MLI,2017,2816.1943,19813011.0,1.764,101.88009329702,68.123,3.45332646213888
MLI,2018,2862.4072,20442030.0,1.73,101.280425994696,67.178,3.45332646213888
MLI,2019,2916.1716,21068405.0,-2.8940000534057617,100.416568884451,65.177,3.45332646213888
MLI,2020,2796.4104,21713836.0,0.43808894032076356,99.2426538469197,63.591,3.45332646213888
MLI,2021,2796.228,22388630.0,3.92560283104272,97.9663657641359,64.091,3.45332646213888
MLI,2022,2813.811,23072640.0,9.78539374616166,96.7585373584825,65.631,3.45332646213888
MLI,2023,2860.4282,23769127.0,2.059,95.5627428168982,65.227,3.45332646213888
MLI,2024,2916.1853,24478595.0,3.20639864099651,94.2739621678949,65.209,3.45332646213888
MLT,1990,18207.428,354170.0,2.9749999046325684,51.1880063861213,47.060500000000005,3.30678684629658
MLT,1991,18832.13,363845.0,2.552000045776367,51.0099982983386,46.675,3.30678684629658
MLT,1992,19513.186,367618.0,1.8450000286102295,50.8145473938996,46.732,3.30678684629658
MLT,1993,20184.914,371308.0,4.031000137329102,50.5693384481878,46.765,3.30678684629658
MLT,1994,21127.064,374797.0,4.127999782562256,50.1801133973113,46.717,3.30678684629658
MLT,1995,22310.963,377419.0,3.9730000495910645,49.7795486203434,46.71,-1.19576407136553
MLT,1996,23002.21,379905.0,1.9639999866485596,49.3131841138208,46.919,6.29982115104794
MLT,1997,24028.895,382791.0,3.9240000247955322,48.6634380497808,47.042,7.15164518643646
MLT,1998,25096.875,385287.0,3.686000108718872,48.034718059846,47.108,6.61514857868981
MLT,1999,26126.09,387578.0,2.2939999103546143,47.4772265473391,47.079,7.1133869000566
MLT,2000,31066.924,390087.0,3.0369999408721924,46.9564201865554,46.548,19.0603598293174
MLT,2001,30600.973,393028.0,2.5139999389648438,46.5669237309626,46.652,2.42157207017944
MLT,2002,31206.271,395969.0,2.614000082015991,46.2354353245314,46.583,3.31823037822107
MLT,2003,32146.68,398582.0,1.930999994277954,45.7977906211135,46.027,3.73787026736921
MLT,2004,32061.572,401268.0,2.785909652709961,45.2401376869035,44.787,2.74208801723038
MLT,2005,32775.75,403834.0,3.003730535507202,44.6070549983349,45.345,3.47605559696748
MLT,2006,33419.473,405308.0,2.7721993923187256,43.8568345732296,45.53,3.30678684629658
MLT,2007,34980.402,406724.0,1.252483606338501,43.0042121695838,46.382,3.91017441115258
MLT,2008,36286.375,409379.0,4.263279914855957,42.4462058790781,46.747,2.43343973474153
MLT,2009,35511.355,412477.0,2.09028959274292,42.7038789942016,46.557,2.1756331353625
MLT,2010,37527.34,414508.0,1.5183237791061401,43.4631225556363,47.152,1.78501027358905
MLT,2011,37739.445,416268.0,2.7213971614837646,44.336184687293,48.1,3.21552535538766
MLT,2012,38935.7,420028.0,2.415301561355591,45.4521528946512,49.391,2.48810222079104
MLT,2013,40919.793,424810.0,1.3778873682022095,46.7001868242298,50.773,2.39581978456921
MLT,2014,43161.543,433481.0,0.31431204080581665,47.6796080782753,52.007,2.39581978456921
MLT,2015,46170.17,444220.0,1.1001049280166626,48.274826180852,52.635,2.39581978456921
MLT,2016,46965.6,454505.0,0.6445304751396179,48.8332492844933,53.92,2.39581978456921
MLT,2017,51626.348,467106.0,1.261,48.9049838377527,55.346,2.39581978456921
MLT,2018,53417.016,483903.0,1.16,48.2514161767364,56.911,2.39581978456921
MLT,2019,53391.438,503912.0,1.5230000019073486,47.3547541904016,57.823,2.39581978456921
MLT,2020,50387.82,515490.0,0.6385449567771556,46.6974581383966,58.493,2.39581978456921
MLT,2021,56852.32,518150.0,1.5,47.0550672482837,60.07,2.39581978456921
MLT,2022,56841.957,531113.0,6.15375621933034,48.1391709876354,61.779,2.39581978456921
MLT,2023,60418.395,552747.0,5.564,49.1465329757208,62.047,2.39581978456921
MLT,2024,62700.496,568847.0,1.65079469283108,49.7967062194204,62.175,2.39581978456921
MMR,1990,775.32825,39817251.0,17.626800537109375,68.5640819743697,65.3695,-0.5890992343959
MMR,1991,759.2828,40394154.0,32.27199935913086,67.6272739657965,67.697,-0.5890992343959
MMR,1992,821.32776,40950342.0,21.91320037841797,66.7352277282887,67.603,-0.5890992343959
MMR,1993,859.3455,41502429.0,31.831600189208984,65.8302412465037,67.546,-0.5890992343959
MMR,1994,911.46844,42055143.0,24.098800659179688,64.8819797218011,67.484,-1.45188073550965
MMR,1995,962.2094,42605338.0,25.194700241088867,63.8951960758404,67.39,0.591006433392378
MMR,1996,1011.1599,43154860.0,16.275400161743164,62.886662220846,67.312,-2.21867392773399
MMR,1997,1054.7675,43708798.0,29.697200775146484,61.8050027662346,67.238,-10.0800555519514
MMR,1998,1102.791,44257793.0,49.13600158691406,60.6153398492122,67.162,-11.4246420474345
MMR,1999,1209.0165,44787724.0,10.89900016784668,59.3810136784612,67.028,-2.27847768618279
MMR,2000,1359.9304,45290841.0,-1.7230000495910645,58.2217539588067,66.86,15.9156494626897
MMR,2001,1498.3116,45771139.0,34.50299835205078,57.2352074018873,66.712,-5.11270269614897
MMR,2002,1661.7358,46232653.0,58.104000091552734,56.4403415340296,66.535,-16.2868801749837
MMR,2003,1874.1713,46667192.0,24.947999954223633,55.7675617214783,66.323,-1.68884596726902
MMR,2004,2110.2373,47068772.0,3.756999969482422,55.0806514558901,66.114,14.3438692782131
MMR,2005,2377.9026,47438365.0,10.741000175476074,54.3329324573011,65.897,-0.5890992343959
MMR,2006,2669.327,47785135.0,26.327999114990234,53.5569485953781,65.676,-1.24123727981462
MMR,2007,2968.3032,48125043.0,30.934999465942383,52.7788438336245,65.465,-2.20053800996142
MMR,2008,3254.739,48390793.0,11.543000221252441,51.9331393368263,65.274,6.42889038450246
MMR,2009,3578.1743,48660459.0,2.246000051498413,51.0971909384398,65.076,15.2981426068898
MMR,2010,3893.7903,49024382.0,8.222000122070312,50.3522749835262,64.896,12.9665999215391
MMR,2011,4078.6123,49419820.0,2.7660000324249268,49.6180713857605,64.785,8.93204412182702
MMR,2012,4340.9995,49837446.0,2.8289999961853027,48.9034909828251,64.644,12.4792891965108
MMR,2013,4666.9536,50262658.0,5.716000080108643,48.2399603707655,64.487,11.1344548361722
MMR,2014,5006.507,50681634.0,5.109000205993652,47.7168930939888,64.346,11.6348268756635
MMR,2015,5313.886,51089056.0,10.043999671936035,47.3459615010681,64.216,11.6348268756635
MMR,2016,5580.9897,51495696.0,6.764999866485596,47.0384089285758,62.707,11.6348268756635
MMR,2017,5877.8745,51894938.0,4.622,46.756347215943,61.182,11.6348268756635
MMR,2018,6201.263,52272247.0,6.0,46.5323258218492,61.883,11.6348268756635
MMR,2019,6562.989,52640713.0,8.626999855041504,46.396472048483,60.255,11.6348268756635
MMR,2020,5926.8345,53016522.0,6.11299991607666,46.3134094770448,59.263,11.6348268756635
MMR,2021,5178.4473,53387102.0,5.026,46.2474842232341,52.796,11.6348268756635
MMR,2022,5350.4766,53756787.0,16.225,46.2100569537985,53.527,11.6348268756635
MMR,2023,5364.138,54133798.0,25.488,46.2092542209052,53.549,11.6348268756635
MMR,2024,5276.2944,54500091.0,26.5,46.2094250408467,53.537,11.6348268756635
MNE,1997,14638.797,609520.0,3.3367500928228,50.0198132874551,34.623,7.608136442538325
MNE,1998,15403.052,607662.0,3.3367500928228,49.7447005653059,34.442,7.608136442538325
MNE,1999,13993.415,606001.0,3.3367500928228,49.4980967394173,34.432,7.608136442538325
MNE,2000,14452.276,604950.0,29.86400032043457,49.3198597017799,34.301,7.608136442538325
MNE,2001,14552.556,607389.0,23.729000091552734,49.2334265342526,34.171,7.608136442538325
MNE,2002,14770.316,609828.0,19.701000213623047,49.2426856576484,34.119,7.608136442538325
MNE,2003,15076.714,612267.0,7.501999855041504,49.3651091817044,33.925,7.608136442538325
MNE,2004,15716.141,613353.0,3.0989999771118164,49.5975629387174,33.776,7.608136442538325
MNE,2005,16348.968,614261.0,3.446000099182129,49.789189017833,33.679,7.74311824845791
MNE,2006,17727.44,615025.0,2.115999937057495,49.7613655733314,36.232,1.10710126492549
MNE,2007,18966.531,615875.0,3.365000009536743,49.4878516468846,38.846,-5.67904013657606
MNE,2008,20239.006,616969.0,9.0,49.1361993739349,39.997,1.21847161316059
MNE,2009,18985.018,618294.0,3.5510001182556152,48.7735626597112,39.037,6.87787334372894
MNE,2010,19476.244,619428.0,0.3808290958404541,48.2459709265313,38.777,7.56823866679139
MNE,2011,20110.57,620345.0,3.442211627960205,47.7757820614215,38.73,9.31229714118437
MNE,2012,19576.494,621418.0,4.150641918182373,47.7143448010288,39.644,9.15402378077806
MNE,2013,20201.375,622587.0,2.2073307037353516,47.938770224384,39.741,7.64803421828526
MNE,2014,20641.85,623744.0,-0.6974779963493347,48.4844300871515,42.315,8.18410578491782
MNE,2015,21131.928,624651.0,1.557078242301941,49.317180564088,43.18,8.18410578491782
MNE,2016,21834.182,625353.0,-0.26664039492607117,50.102612231378,43.394,8.18410578491782
MNE,2017,22513.875,625982.0,2.373,50.8972133834732,44.174,8.18410578491782
MNE,2018,23562.273,626438.0,2.6,51.8453520785359,45.429,8.18410578491782
MNE,2019,24585.219,626753.0,0.3659999966621399,52.9482821311871,46.304,8.18410578491782
MNE,2020,20904.688,626590.0,-0.2556556998488066,54.0327933331695,41.367,8.18410578491782
MNE,2021,23690.078,625053.0,2.41080198403167,54.7977027492217,40.144,8.18410578491782
MNE,2022,25583.422,623591.0,13.0403036347004,55.321120340735,47.244,8.18410578491782
MNE,2023,27243.518,623529.0,8.585,55.7603675124215,50.866,8.18410578491782
MNE,2024,28105.709,623525.0,3.3367500928228,56.1495772729094,50.544,8.18410578491782
MNG,1990,6637.8193,2098710.0,8.21399974822998,82.4360798726683,55.771,12.6674725571455
MNG,1991,5874.2554,2165342.0,120.19999694824219,80.8558601824978,54.556,12.6674725571455
MNG,1992,5324.488,2167790.0,202.875,79.1347317883394,54.978,12.6674725571455
MNG,1993,5162.1,2165130.0,268.41400146484375,77.3488713835084,55.258,12.6674725571455
MNG,1994,5213.846,2189395.0,193.41400146484375,75.5588164541737,55.465,12.6674725571455
MNG,1995,5457.685,2224945.0,0.21799999475479126,73.7854052580562,55.576,12.6674725571455
MNG,1996,5494.3213,2259507.0,46.83100128173828,71.9917334612135,55.706,12.6674725571455
MNG,1997,5628.1064,2291750.0,35.70899963378906,70.0998889627817,55.754,12.6674725571455
MNG,1998,5735.8438,2323809.0,9.548999786376953,68.011666352161,55.788,50.9791099000427
MNG,1999,5829.1665,2356813.0,7.418000221252441,65.5992152911426,55.86,29.8755875222241
MNG,2000,5818.243,2388299.0,11.430000305175781,62.8796894489998,55.941,22.2795270696795
MNG,2001,5917.071,2417751.0,6.353000164031982,60.0556081479177,55.951,24.3565503058999
MNG,2002,6117.9824,2449027.0,1.0490000247955322,57.2868846352447,55.904,27.401584080924
MNG,2003,6463.7896,2480374.0,5.046000003814697,54.6740050910007,55.493,19.6578061535576
MNG,2004,7070.667,2508412.0,8.234999656677246,52.3149219210631,55.27,12.6674725571455
MNG,2005,7499.848,2536407.0,12.654999732971191,50.301413827289,55.104,8.71984237557576
MNG,2006,8043.9966,2567168.0,4.4120001792907715,48.6916914180332,54.931,4.05599556329609
MNG,2007,8750.134,2601850.0,8.192999839782715,47.5020153723875,54.876,9.13723601081973
MNG,2008,9379.8545,2643201.0,26.743999481201172,46.7362412620023,55.201,-0.712580739501003
MNG,2009,9095.977,2691115.0,6.39900016784668,46.4101397882339,55.24,19.484338531706
MNG,2010,9507.119,2738622.0,10.343999862670898,46.4948711694247,54.957,-13.7301743093317
MNG,2011,10960.096,2786317.0,7.741000175476074,46.6487262591356,56.953,1.2944583627867
MNG,2012,12078.919,2839705.0,14.287517547607422,46.8940830192974,57.324,4.72533131942512
MNG,2013,13210.095,2899011.0,9.957042694091797,47.5860682131157,56.98,15.1340978367254
MNG,2014,13943.428,2963113.0,12.801765441894531,48.6804175336851,56.782,10.7740524626641
MNG,2015,13974.597,3026864.0,6.562471866607666,50.0825069416898,56.773,10.7740524626641
MNG,2016,13898.1455,3088856.0,0.7249984741210938,51.7262924597998,54.172,10.7740524626641
MNG,2017,14401.537,3148917.0,4.623,53.5127010854887,55.378,10.7740524626641
MNG,2018,15230.241,3208189.0,6.83,55.4120963362594,56.534,10.7740524626641
MNG,2019,15790.696,3267673.0,7.260000228881836,57.4288259442459,59.679,10.7740524626641
MNG,2020,14801.342,3327204.0,3.6931692276744705,58.9121466009596,59.364,10.7740524626641
MNG,2021,14792.251,3383741.0,7.09856418148988,59.6313854511985,56.382,10.7740524626641
MNG,2022,15310.435,3433748.0,15.1479560897225,60.0028703844358,58.886,10.7740524626641
MNG,2023,16222.864,3481145.0,10.348,60.0027669535657,57.683,10.7740524626641
MNG,2024,16842.65,3524788.0,6.80284899332959,59.5684105260823,57.201,10.7740524626641
MOZ,1990,547.6228,13094537.0,43.722999572753906,94.8830779250313,81.081,12.86551984040385
MOZ,1991,563.5121,13352090.0,33.257999420166016,94.5219537203457,81.683,12.86551984040385
MOZ,1992,510.8228,13613316.0,45.07600021362305,94.1521114210069,81.513,12.86551984040385
MOZ,1993,549.04877,14051192.0,42.255001068115234,93.5875999819242,81.606,12.86551984040385
MOZ,1994,546.2097,15033853.0,63.12300109863281,92.7913859853629,81.592,12.86551984040385
MOZ,1995,525.4187,15960530.0,47.667999267578125,91.9204648361317,81.66,12.86551984040385
MOZ,1996,562.8575,16492480.0,48.49100112915039,91.1433393086102,81.627,12.86551984040385
MOZ,1997,612.3715,16949982.0,7.360000133514404,90.8761449061074,81.674,17.5689623803125
MOZ,1998,660.6502,17340464.0,1.4869999885559082,90.9637154421639,82.079,17.1385650626075
MOZ,1999,722.30554,17734506.0,2.874000072479248,91.1412533869643,82.409,9.81496970344474
MOZ,2000,711.9764,18129653.0,12.713000297546387,91.41800590567,82.607,6.65105677994375
MOZ,2001,785.79016,18537729.0,9.060999870300293,91.6817606110248,82.937,6.92363842161013
MOZ,2002,842.64526,18958338.0,16.768999099731445,91.9062034965013,83.211,15.3657173967048
MOZ,2003,883.23914,19392475.0,13.454999923706055,92.0740306774078,83.572,20.3105198393948
MOZ,2004,934.134,19840313.0,12.633999824523926,92.224142603261,83.006,15.3890529465582
MOZ,2005,970.38995,20304569.0,6.427999973297119,92.3546289579785,82.439,11.307183626812
MOZ,2006,1041.8047,20787087.0,13.244999885559082,92.4680735069968,81.927,10.329285233891
MOZ,2007,1095.1257,21287635.0,8.16100025177002,92.6490302179457,81.364,11.2448561215595
MOZ,2008,1141.9425,21819036.0,14.504073143005371,92.9953654301209,80.798,12.512453700722
MOZ,2009,1178.7091,22391745.0,3.7537808418273926,93.5010159523487,80.165,13.9983258157256
MOZ,2010,1224.2302,22999235.0,12.465617179870605,94.0261658892848,79.552,8.00540705848518
MOZ,2011,1275.5295,23649039.0,11.145702362060547,94.332148584921,78.938,16.3668897938917
MOZ,2012,1338.516,24337846.0,2.595364570617676,94.4104058552586,78.332,13.2185859800857
MOZ,2013,1385.8325,25051611.0,4.266387462615967,94.3878820252348,77.684,12.3968931031658
MOZ,2014,1449.9293,25788475.0,2.5550403594970703,94.2161364066836,77.029,13.5647500969582
MOZ,2015,1512.5997,26547572.0,3.5450851917266846,93.9293110832597,76.345,13.5647500969582
MOZ,2016,1537.9086,27337105.0,17.452226638793945,93.607198247634,76.135,13.5647500969582
MOZ,2017,1532.0073,28166393.0,15.113,93.2423544063081,75.875,13.5647500969582
MOZ,2018,1538.8351,29018644.0,3.92,92.9253199854508,75.626,13.5647500969582
MOZ,2019,1528.8899,29884380.0,2.7850000858306885,92.6621562736864,75.396,13.5647500969582
MOZ,2020,1466.1248,30783688.0,3.63100004196167,92.291028024715,74.227,13.5647500969582
MOZ,2021,1457.2354,31707800.0,5.688486991266179,91.8281932595934,73.848,13.5647500969582
MOZ,2022,1476.6656,32656246.0,10.2794018093421,91.3012310999481,73.466,13.5647500969582
MOZ,2023,1512.2764,33635160.0,6.996,90.5547175254326,73.562,13.5647500969582
MOZ,2024,1500.3143,34631766.0,3.202,89.5117827853714,73.529,13.5647500969582
MRT,1990,5519.6104,1951878.0,6.6002302169799805,94.0737168651938,40.198,7.16810683733801
MRT,1991,5456.5557,2009738.0,5.629000186920166,93.6852310696192,41.802,-22.2137153965757
MRT,1992,5350.118,2088135.0,10.142000198364258,92.1041785497433,41.721,9.54341336426198
MRT,1993,5439.8223,2174328.0,9.369999885559082,90.467292994328,41.772,5.0668415641007
MRT,1994,5097.2085,2249454.0,4.127999782562256,89.8986539248916,41.669,6.36771960627812
MRT,1995,5446.2695,2312017.0,6.544000148773193,90.1467375928521,41.724,17.0080577952105
MRT,1996,5650.3413,2358188.0,4.681000232696533,91.1437313826015,41.682,19.775689396383
MRT,1997,5302.3667,2411306.0,4.625,91.4953803929168,41.627,8.85367289873861
MRT,1998,5310.158,2474651.0,8.031999588012695,91.1177597694217,41.498,5.95043566244897
MRT,1999,5359.989,2541698.0,4.073999881744385,90.5068817705597,41.428,22.1671078438945
MRT,2000,5008.608,2613441.0,3.253999948501587,89.7415289584708,41.386,18.0831778791942
MRT,2001,4847.4106,2678760.0,4.715000152587891,89.4823325029037,41.155,15.7553753539872
MRT,2002,4806.8984,2738655.0,3.8959999084472656,89.6304959264814,40.939,13.3863439088126
MRT,2003,5023.6523,2802046.0,5.1519999504089355,89.7159656025279,40.887,15.8055650125191
MRT,2004,5139.2256,2868664.0,10.368000030517578,89.7979464494244,40.767,9.07038269384552
MRT,2005,5445.8296,2939059.0,12.12600040435791,89.9065929024563,40.663,7.41637650601742
MRT,2006,6284.702,3013660.0,6.241000175476074,90.0447923176414,40.603,8.685112421966
MRT,2007,6002.7783,3093059.0,7.254000186920166,90.1764924696341,40.342,13.4113924372068
MRT,2008,5813.356,3183269.0,7.449999809265137,90.0705345110381,40.054,8.68617782492596
MRT,2009,5639.7876,3284448.0,2.13700008392334,89.9184630036215,39.651,19.9304642613006
MRT,2010,5605.7637,3390965.0,6.26200008392334,90.1508605099638,39.521,-4.36736176668678
MRT,2011,5653.2173,3502811.0,5.685999870300293,90.7731713679931,39.389,-0.465994039346579
MRT,2012,5716.252,3619034.0,4.9019999504089355,91.664195198007,39.255,16.469090603489
MRT,2013,5769.7285,3734318.0,4.13100004196167,92.031078213882,38.785,11.974614816861
MRT,2014,5837.852,3848514.0,3.7720000743865967,91.7948866179137,38.299,32.7679508377827
MRT,2015,5969.5425,3965959.0,0.4860000014305115,91.5214425586679,37.826,32.7679508377827
MRT,2016,5866.2812,4086657.0,1.472000002861023,91.1907782824228,37.311,32.7679508377827
MRT,2017,6050.6216,4210600.0,2.269,90.7873726755356,36.854,32.7679508377827
MRT,2018,6153.6377,4337685.0,3.07,90.2920743605582,36.803,32.7679508377827
MRT,2019,6162.2104,4467708.0,2.305999994277954,89.6916163393409,36.77,32.7679508377827
MRT,2020,5963.2354,4600131.0,2.3856948845630663,88.9498303196694,36.067,32.7679508377827
MRT,2021,5836.566,4734874.0,3.767,88.0959295107984,36.173,32.7679508377827
MRT,2022,6053.2617,4875637.0,9.52526628622848,87.1286509307235,36.632,32.7679508377827
MRT,2023,6276.475,5022441.0,4.949,86.0514074690377,36.682,32.7679508377827
MRT,2024,6482.69,5169395.0,2.285,84.978354637561,36.701,32.7679508377827
MUS,1990,9058.666,1058775.0,13.404927253723145,54.056822580035,54.1485,6.70657062855935
MUS,1991,9358.886,1070266.0,7.085237503051758,53.5071979851092,54.424,8.46108967024457
MUS,1992,9838.103,1084441.0,4.683913230895996,52.837621099927,54.391,11.1713313124167
MUS,1993,10216.242,1097374.0,10.607011795043945,52.0418201114501,54.271,6.74153148096962
MUS,1994,10490.889,1112846.0,7.298442840576172,51.1027410001317,54.173,11.600756616661
MUS,1995,10847.03,1122457.0,5.958337783813477,50.0610962566845,54.023,14.6193837777929
MUS,1996,11336.6045,1133996.0,6.618563652038574,49.0217619848612,53.924,12.9067229564497
MUS,1997,11832.288,1148284.0,6.791140556335449,48.1058617616369,53.849,13.1238550906306
MUS,1998,12419.468,1160421.0,6.818177700042725,47.3311004687492,53.766,12.1098108428042
MUS,1999,12582.752,1175267.0,6.8739752769470215,46.7850755365493,53.57,14.1248170605401
MUS,2000,13481.754,1186873.0,4.249622344970703,46.4132350891217,53.473,16.7884303740482
MUS,2001,13823.417,1196287.0,5.39845085144043,46.0108090426869,52.305,13.9996916174655
MUS,2002,13949.475,1204621.0,6.445998668670654,45.5631562220941,53.477,13.915284709286
MUS,2003,14669.5,1213370.0,3.8788840770721436,45.0371925177476,55.485,14.5581732878163
MUS,2004,15209.017,1221003.0,4.695132255554199,44.4285151578596,53.944,13.2476865148681
MUS,2005,15387.98,1228254.0,4.936042785644531,43.7141008435022,53.622,16.4443284835691
MUS,2006,16061.603,1233996.0,8.934459686279297,42.8471378943506,53.689,8.82383222896973
MUS,2007,16904.275,1239630.0,8.8599271774292,41.8745636623748,53.275,12.5113551099319
MUS,2008,17750.594,1244121.0,9.674684524536133,40.9211541271497,54.124,5.73390295522839
MUS,2009,18290.406,1247429.0,2.558166742324829,40.1045199897569,54.192,9.84952916312304
MUS,2010,19045.654,1250400.0,2.9674267768859863,39.436655842418,54.671,7.74320835282801
MUS,2011,19790.53,1252404.0,6.526055335998535,38.8683881383446,54.075,5.60683420858278
MUS,2012,20425.707,1255882.0,3.8325793743133545,38.5139017716225,54.304,6.03181852733148
MUS,2013,21061.03,1258927.0,3.5400736331939697,38.4388601389527,55.336,4.45008067460016
MUS,2014,21827.48,1261208.0,3.19109845161438,38.4067100217946,55.495,6.15125916322716
MUS,2015,22603.088,1262879.0,1.3164892196655273,38.3923483566676,55.871,6.15125916322716
MUS,2016,23460.002,1263747.0,0.9505532383918762,38.4624739783061,55.593,6.15125916322716
MUS,2017,24361.875,1264887.0,3.675,38.5107396477242,55.844,6.15125916322716
MUS,2018,25324.178,1265577.0,3.21,38.4931808158946,55.465,6.15125916322716
MUS,2019,26047.975,1265985.0,0.45399999618530273,38.4410218949367,55.964,6.15125916322716
MUS,2020,22258.387,1266014.0,2.580800771828433,38.4194108816657,50.908,6.15125916322716
MUS,2021,23010.201,1266334.0,4.02852888157379,38.4728266812466,48.525,6.15125916322716
MUS,2022,25085.988,1262523.0,10.7737512242899,38.6410231913564,52.046,6.15125916322716
MUS,2023,26635.012,1248647.0,7.045,39.0159696460938,55.709,6.15125916322716
MUS,2024,28011.158,1245779.0,4.10263226568004,39.5416044069779,55.41,6.15125916322716
MWI,1990,1047.4644,9545852.0,11.857000350952148,97.1822499365851,74.148,9.34306140311807
MWI,1991,1104.3905,9844227.0,8.22700023651123,97.4336028495245,76.748,8.40861076068323
MWI,1992,994.0365,10135079.0,23.236000061035156,97.6889973217102,76.66,7.70113907554954
MWI,1993,1074.5848,10284024.0,22.774999618530273,97.8702444338536,76.76,1.03401084789278
MWI,1994,975.8497,10164894.0,34.659000396728516,97.9048925169559,76.481,3.82662019274891
MWI,1995,1140.7561,10150117.0,83.14800262451172,97.7628505890635,76.88,-16.8639759965836
MWI,1996,1200.3206,10352228.0,37.733001708984375,97.4925183614205,76.849,-4.60286042035217
MWI,1997,1221.094,10562035.0,9.13700008392334,97.2146372285927,77.055,6.13659913024733
MWI,1998,1241.5243,10792876.0,29.77899932861328,97.0712678366793,76.878,15.155514170711
MWI,1999,1249.7753,11047804.0,44.75899887084961,97.3921193979076,76.813,9.94522661374334
MWI,2000,1239.3917,11315942.0,29.597000122070312,97.9424274308025,76.764,17.3066437425268
MWI,2001,1149.5804,11593058.0,7.640999794006348,98.3784994561858,76.612,24.3142780878701
MWI,2002,1140.8428,11880440.0,7.714000225067139,98.8122746292155,76.582,-29.221362601701
MWI,2003,1176.1239,12181574.0,7.827000141143799,99.1771026288471,76.641,34.9541770436317
MWI,2004,1208.2197,12500737.0,7.97599983215332,99.5243301565615,76.797,19.1444084717294
MWI,2005,1214.7427,12840031.0,8.15999984741211,99.9013106426173,76.822,20.1750469498236
MWI,2006,1237.2739,13198701.0,8.336999893188477,100.209831452238,75.743,10.2384104629546
MWI,2007,1318.3319,13576343.0,8.515999794006348,100.354877136686,74.695,22.6855094388768
MWI,2008,1378.4288,13976417.0,8.715999603271484,100.189727690775,73.601,11.8904566457614
MWI,2009,1449.7261,14395788.0,8.416000366210938,99.7902005606032,72.448,16.0798939006844
MWI,2010,1504.3751,14826463.0,7.408999919891357,99.2985785532606,71.164,11.1460693568346
MWI,2011,1533.2289,15265022.0,7.620999813079834,98.7056878168271,69.836,8.56192815281727
MWI,2012,1518.1481,15709577.0,21.29599952697754,97.9454573129397,68.294,12.4873563820767
MWI,2013,1555.5061,16161816.0,28.27899932861328,96.9140962579928,66.77,14.9275379042831
MWI,2014,1597.5648,16621538.0,23.774999618530273,95.6432329654004,65.226,19.2778710228731
MWI,2015,1597.6914,17085587.0,21.857999801635742,94.1706815867058,63.64,19.2778710228731
MWI,2016,1593.5955,17557739.0,21.726999282836914,92.469842966706,61.963,19.2778710228731
MWI,2017,1613.0593,18039715.0,11.541,90.6164711918926,60.264,19.2778710228731
MWI,2018,1638.9166,18528081.0,9.22,88.6926562642419,60.192,19.2778710228731
MWI,2019,1687.2894,19025752.0,9.378000259399414,86.6850770289584,60.13,19.2778710228731
MWI,2020,1656.4398,19533888.0,8.625514696505473,84.5894429995323,64.36,19.2778710228731
MWI,2021,1687.5936,20047258.0,9.343,82.4504103830217,59.374,19.2778710228731
MWI,2022,1659.9594,20568728.0,20.9539697299689,80.331752037888,59.904,19.2778710228731
MWI,2023,1649.2987,21104482.0,28.799,78.280606285515,59.843,19.2778710228731
MWI,2024,1634.2466,21655286.0,32.1796504225025,76.3409449778756,59.747,19.2778710228731
MYS,1990,12013.697,17833171.0,3.0429999828338623,68.8920849246428,58.799499999999995,4.79541772279953
MYS,1991,12795.05,18342464.0,4.328000068664551,68.0149166944822,54.233,5.56337120990198
MYS,1992,13567.894,18834572.0,4.7779998779296875,67.1101537856569,54.577,7.56479177810498
MYS,1993,14533.79,19322664.0,3.546999931335449,66.3377644358613,54.698,5.81213391154941
MYS,1994,15474.015,19820446.0,3.687000036239624,65.7089512339228,55.314,4.64398300884851
MYS,1995,16568.516,20330599.0,3.4679999351501465,65.1226757109751,55.953,4.91789276941431
MYS,1996,17771.71,20850087.0,3.4790000915527344,64.5481113388644,56.684,6.04112247803348
MYS,1997,18604.514,21375218.0,2.6549999713897705,63.9698636053134,57.095,6.90550976035381
MYS,1998,16817.172,21906713.0,5.293000221252441,63.3225841852581,57.018,3.35068161944531
MYS,1999,17428.625,22435531.0,2.7309999465942383,62.4677878211496,57.229,8.51401065477759
MYS,2000,18532.91,22967816.0,1.5509999990463257,61.4063888151392,57.757,-1.08573897723978
MYS,2001,18186.441,23526538.0,1.4270000457763672,60.2988538546068,57.613,8.84851289556281
MYS,2002,18708.87,24102477.0,1.7929999828338623,59.1995253303348,57.768,3.29631237075616
MYS,2003,19329.006,24679602.0,1.0740000009536743,58.0535975543566,57.814,2.90603239825627
MYS,2004,20168.506,25256772.0,1.4199999570846558,56.8082475537643,57.985,0.0344787905461849
MYS,2005,20767.586,25836071.0,3.0390000343322754,55.4857254554276,58.139,-2.67317410418221
MYS,2006,21444.486,26417909.0,3.621000051498413,54.1658567260995,58.448,2.40900097691566
MYS,2007,22305.12,26998389.0,2.0269999504089355,52.8774181200561,58.677,1.45673534665713
MYS,2008,22898.002,27570059.0,5.428999900817871,51.5703106887847,58.922,-3.90338193758431
MYS,2009,22106.643,28124778.0,0.597000002861023,50.217187727247,59.049,11.7823929563059
MYS,2010,23307.97,28655776.0,1.7200000286102295,49.0080301479463,59.557,-2.11327732642702
MYS,2011,24115.818,29162039.0,3.1740000247955322,48.1465198770693,60.048,-0.471868633960644
MYS,2012,25006.36,29662831.0,1.6640000343322754,47.5176972010419,61.038,3.7484193736755
MYS,2013,25736.354,30174265.0,2.1050000190734863,46.9575013879116,61.955,4.46753081745693
MYS,2014,26818.432,30696137.0,3.1429998874664307,46.452998725794,63.091,2.06851821643173
MYS,2015,27699.627,31232798.0,2.10439395904541,46.0390855919982,63.164,2.06851821643173
MYS,2016,28425.371,31789685.0,2.0757927894592285,45.7340885358718,62.851,2.06851821643173
MYS,2017,29551.545,32355644.0,3.799,45.4951518994463,62.978,2.06851821643173
MYS,2018,30459.965,32910967.0,0.97,45.227518847802,63.41,2.06851821643173
MYS,2019,31300.508,33440596.0,0.6629999876022339,44.8360877975172,63.678,2.06851821643173
MYS,2020,29200.453,33889558.0,-1.1387021539303275,44.2708649510882,62.501,2.06851821643173
MYS,2021,29822.85,34282399.0,2.47710241465445,43.5789018280947,62.574,2.06851821643173
MYS,2022,32129.223,34695493.0,3.37869862549938,42.8965624836029,63.62,2.06851821643173
MYS,2023,32857.668,35126298.0,2.489,42.3268043029121,63.625,2.06851821643173
MYS,2024,34116.23,35557673.0,1.834100204499,41.8927658645277,63.565,2.06851821643173
NAM,1990,7281.779,1369303.0,12.020000457763672,84.3884953118625,44.381,4.40944177627832
NAM,1991,7618.333,1415684.0,13.51200008392334,83.9733335066049,44.551,16.3948887532365
NAM,1992,7911.0103,1461322.0,21.551000595092773,83.7777948254244,44.682,9.01839406204829
NAM,1993,7541.561,1508697.0,9.329000473022461,83.5761835984508,44.577,6.93978940033359
NAM,1994,7437.3354,1556304.0,12.055999755859375,83.357014269826,44.394,-2.82731648355417
NAM,1995,7506.105,1602170.0,11.123000144958496,83.0253341116611,42.912,11.0861064204573
NAM,1996,7538.925,1646103.0,8.704000473022461,82.5210950580461,41.686,3.45889197965361
NAM,1997,7656.325,1689264.0,9.678999900817871,82.056104177152,40.419,12.1983092626765
NAM,1998,7709.89,1732745.0,6.617000102996826,81.6835410122091,41.312,11.4987189618057
NAM,1999,7773.9434,1776368.0,9.381999969482422,81.2772089093169,42.237,10.9555485052224
NAM,2000,7858.3877,1818647.0,10.21500015258789,80.7235309023517,43.142,3.59198976612099
NAM,2001,7786.5415,1857048.0,10.211999893188477,79.9444192509389,42.983,2.99261659866415
NAM,2002,8017.2812,1889970.0,12.715999603271484,78.8936247547273,42.919,3.48524798568704
NAM,2003,8237.366,1917464.0,7.206240653991699,77.5660733798826,42.832,13.2611617899083
NAM,2004,9130.824,1942082.0,4.138720512390137,76.026430041059,43.061,9.16198618354989
NAM,2005,9245.137,1966582.0,2.2749040126800537,74.1613552573432,43.272,4.74622108685375
NAM,2006,9773.298,1991888.0,4.957796096801758,72.1750510200995,43.639,1.62170083930847
NAM,2007,10162.24,2018600.0,6.574743747711182,70.4594873717606,43.708,3.29202100486969
NAM,2008,10286.513,2047056.0,9.080018043518066,69.0611791172725,43.993,2.50109853407178
NAM,2009,10166.29,2077394.0,9.433340072631836,68.0053052757571,44.063,3.90192460538988
NAM,2010,10614.62,2109811.0,4.897139072418213,67.3402115495657,44.368,5.77878966375203
NAM,2011,10965.273,2146325.0,5.012917518615723,67.071490510433,46.099,4.7345080105914
NAM,2012,11266.609,2194654.0,6.704926490783691,67.0273861674891,47.884,-2.34444206494153
NAM,2013,11593.575,2252508.0,5.626229763031006,66.9670951831369,49.961,4.08437554196524
NAM,2014,11982.696,2312139.0,5.342707633972168,66.8472385988561,49.56,0.428951200749357
NAM,2015,12166.565,2374300.0,3.414412021636963,66.7829222941766,48.031,0.428951200749357
NAM,2016,11846.788,2439213.0,6.684966564178467,66.9127141567747,46.336,0.428951200749357
NAM,2017,11408.726,2506853.0,6.147,67.2764239848555,46.692,0.428951200749357
NAM,2018,11214.386,2577327.0,4.28,67.7544912713027,47.175,0.428951200749357
NAM,2019,10813.305,2650494.0,3.7209999561309814,68.1991512920047,47.18,0.428951200749357
NAM,2020,9652.248,2728762.0,2.2093823693346897,68.6758501750883,44.224,0.428951200749357
NAM,2021,9709.1,2810548.0,3.61690530108811,69.2049280206522,44.66,0.428951200749357
NAM,2022,9953.098,2889662.0,6.08128114112414,69.4803500031965,47.353,0.428951200749357
NAM,2023,10137.673,2963095.0,5.88,69.1003275178326,47.617,0.428951200749357
NAM,2024,10281.336,3030131.0,4.23903922877038,68.4996560642518,47.593,0.428951200749357
NER,1990,1411.8489,8286059.0,-2.0260000228881836,95.9533300477606,77.6625,1.4092615587573851
NER,1991,1362.7455,8546900.0,1.5,95.8191083859086,77.63,1.4092615587573851
NER,1992,1347.3323,8817633.0,-5.910999774932861,95.7190176529565,77.635,1.4092615587573851
NER,1993,1309.6112,9100789.0,-0.3269999921321869,95.6401607979707,77.65,1.4092615587573851
NER,1994,1291.6816,9398258.0,35.534000396728516,95.5892281117979,77.675,1.4092615587573851
NER,1995,1280.3354,9714529.0,10.859000205993652,95.585433805969,77.678,1.4092615587573851
NER,1996,1239.4767,10044852.0,5.339000225067139,95.7627316835882,77.684,1.4092615587573851
NER,1997,1217.3125,10383969.0,2.927999973297119,96.2081490491038,77.705,1.4092615587573851
NER,1998,1294.1619,10741413.0,4.546000003814697,96.7954591299157,77.835,1.4092615587573851
NER,1999,1247.6471,11117411.0,-2.2820000648498535,97.4996264930728,77.872,1.4092615587573851
NER,2000,1190.5668,11509630.0,2.9159998893737793,98.3020935757532,77.885,1.4092615587573851
NER,2001,1233.0651,11920647.0,3.9030001163482666,99.1648395565348,77.901,1.4092615587573851
NER,2002,1248.8231,12349144.0,2.6689999103546143,100.09783599039,77.687,1.4092615587573851
NER,2003,1231.2781,12796984.0,-1.8910000324249268,101.088806817637,77.475,1.4092615587573851
NER,2004,1192.0824,13265836.0,0.5669999718666077,102.126021479622,77.051,1.4092615587573851
NER,2005,1233.8755,13756192.0,7.822999954223633,103.161797729245,76.829,2.03461304635928
NER,2006,1260.1205,14268581.0,0.05400000140070915,104.162685909184,77.335,3.19269998553228
NER,2007,1252.7483,14803610.0,0.05700000002980232,105.116178985624,77.785,-2.13477736036939
NER,2008,1300.5542,15361915.0,11.293999671936035,105.99092009742,78.176,-4.67174281777422
NER,2009,1277.6923,15943675.0,4.297999858856201,106.753966582566,78.511,0.755772673577094
NER,2010,1336.5641,16548835.0,-2.7860000133514404,107.358330771975,78.928,1.58327097165246
NER,2011,1318.1013,17176283.0,2.944000005722046,107.748947211758,79.265,1.23525214586231
NER,2012,1403.1897,17836769.0,0.4650000035762787,107.77930818857,75.959,-0.255604358333003
NER,2013,1423.2617,18519898.0,2.2920000553131104,107.587243447039,74.606,5.67763443695933
NER,2014,1462.8213,19215909.0,-0.9369999766349792,107.29012934659,73.18,5.76740721438735
NER,2015,1471.6614,19939498.0,1.00600004196167,106.76550873684,72.935,5.76740721438735
NER,2016,1500.0085,20685753.0,0.1770000010728836,106.063782914591,72.716,5.76740721438735
NER,2017,1520.0016,21435446.0,0.195,105.292342759729,72.487,5.76740721438735
NER,2018,1574.3384,22188069.0,3.01,104.411348645466,72.277,5.76740721438735
NER,2019,1612.6373,22947757.0,-2.5199999809265137,103.388518016932,72.053,5.76740721438735
NER,2020,1615.6927,23717613.0,2.762,102.206558256442,73.707,5.76740721438735
NER,2021,1585.5992,24502140.0,3.83786802840503,100.876178117822,75.899,5.76740721438735
NER,2022,1717.5189,25311973.0,4.22621791916396,99.5107362854154,79.291,5.76740721438735
NER,2023,1689.5642,26159867.0,3.701,98.164041724651,79.236,5.76740721438735
NER,2024,1803.4369,27032412.0,9.07151997725011,96.8325672256489,79.262,5.76740721438735
NGA,1990,5423.807,97120925.0,7.8305134773254395,94.0547521701476,78.9995,17.4662444414874
NGA,1991,5301.3633,99720162.0,12.260296821594238,93.4621238269268,79.235,0.990847345407159
NGA,1992,5403.1533,102372770.0,43.48921585083008,92.775318527314,79.872,-14.987167988653
NGA,1993,5154.758,105122069.0,58.09914779663086,91.9754648058757,80.061,-7.05247465644158
NGA,1994,4929.268,107935714.0,56.857173919677734,91.1719085372769,80.548,-15.9202329748902
NGA,1995,4797.5117,110819428.0,72.87322235107422,90.4546627570498,80.604,-31.452565499326
NGA,1996,4869.8213,113754779.0,29.38953399658203,89.835314313018,80.5,-5.26078413692007
NGA,1997,4884.0474,116754792.0,10.720194816589355,89.2308944527818,80.479,12.12661188827
NGA,1998,4880.88,119846254.0,7.86781120300293,88.6082412306977,80.388,11.4846690572742
NGA,1999,4781.6733,123047320.0,6.598715782165527,88.1093885201792,80.271,6.04724834411309
NGA,2000,4889.0034,126382494.0,6.8893961906433105,87.8803537652729,80.075,-1.1408886399525
NGA,2001,5039.549,129862595.0,18.83709716796875,87.8660990232171,79.938,12.1387024938542
NGA,2002,5654.897,133471989.0,12.88807201385498,87.9887566173429,79.898,3.0235422788932
NGA,2003,5905.315,137202644.0,14.010679244995117,88.2016466613452,79.665,9.93571338064823
NGA,2004,6275.299,141057045.0,15.056035995483398,88.4323064270027,79.476,-2.60484705691994
NGA,2005,6496.932,145017253.0,17.823871612548828,88.7013602682499,79.109,-1.59368048219881
NGA,2006,6702.9453,149077334.0,8.280763626098633,89.0370331032741,78.89,-5.62796804844818
NGA,2007,6949.4263,153267261.0,5.420365810394287,89.3717479065226,78.694,9.18717123000012
NGA,2008,7215.7695,157595014.0,11.572331428527832,89.7010850655611,78.514,6.68490863394994
NGA,2009,7581.406,162049464.0,12.565106391906738,90.01512867819,78.45,18.1800016718669
NGA,2010,7962.6396,166642886.0,13.736150741577148,90.2349884259357,78.239,1.06773606467312
NGA,2011,8153.5317,171379598.0,10.813124656677246,90.3493899125583,78.061,5.68557985915527
NGA,2012,8265.905,176200625.0,12.198853492736816,90.3779963318547,78.007,6.22480861375514
NGA,2013,8581.208,181049443.0,8.482390403747559,90.2972750019224,77.844,11.2016222248975
NGA,2014,8884.774,185896915.0,8.041389465332031,90.092940117399,77.615,11.3562130249595
NGA,2015,8892.058,190671878.0,9.011946678161621,89.7206263682148,77.453,11.3562130249595
NGA,2016,8534.692,195443700.0,15.687117576599121,89.0622854601106,77.206,11.3562130249595
NGA,2017,8396.784,200254579.0,16.502,88.1255756898501,76.982,11.3562130249595
NGA,2018,8362.623,204938755.0,12.1,87.0562828519935,76.851,11.3562130249595
NGA,2019,8361.787,209485641.0,11.397000312805176,85.8794318634782,76.785,11.3562130249595
NGA,2020,7664.211,213996181.0,13.247,84.5258373117038,74.782,11.3562130249595
NGA,2021,7588.479,218529286.0,16.952790783419484,83.1000083234404,75.812,11.3562130249595
NGA,2022,7752.262,223150896.0,18.53078867434467,81.687287853566,78.158,11.3562130249595
NGA,2023,7843.8345,227882945.0,24.66,80.2464063402127,80.021,11.3562130249595
NGA,2024,7994.216,232679478.0,33.2420966545405,78.7709744526654,80.053,11.3562130249595
NIC,1990,4217.609,4162559.0,3004.10009765625,95.6059422010843,58.802,-97.693477115506
NIC,1991,4113.6875,4259637.0,116.5999984741211,94.2620307954433,53.317,-97.520076969941
NIC,1992,4037.2754,4357026.0,21.899999618530273,92.7689723886751,53.314,-6.35239913758369
NIC,1993,3934.0928,4453732.0,13.5,91.1481985537271,53.216,-3.18962071978906
NIC,1994,3979.9854,4549316.0,3.700000047683716,89.4053609359947,53.349,-50.158770114526
NIC,1995,4130.286,4642931.0,11.118000030517578,87.5609238817577,53.616,2.54403570562554
NIC,1996,4311.493,4729974.0,11.651000022888184,85.6579431812919,54.289,6.70255849793022
NIC,1997,4408.329,4809573.0,9.189000129699707,83.723867161581,54.78,6.76106022185088
NIC,1998,4502.598,4883655.0,13.045999526977539,81.7739025051142,55.196,3.21969269518934
NIC,1999,4750.9487,4954018.0,11.211999893188477,79.8669555758554,55.536,7.64279225174915
NIC,2000,4878.2476,5022633.0,11.54699993133545,78.045426702172,55.861,8.82136626301531
NIC,2001,4958.3276,5087825.0,7.35699987411499,76.2627403429759,56.161,10.547728097578
NIC,2002,4935.4854,5149909.0,3.75,74.4910277838672,56.305,14.5734071916722
NIC,2003,5000.612,5210963.0,5.302000045776367,72.7501380751168,56.575,9.70097533554037
NIC,2004,5204.382,5272912.0,8.470000267028809,71.0839597269489,57.628,4.07198285540005
NIC,2005,5356.9585,5342105.0,9.598999977111816,69.4687250377982,58.595,2.03360826290627
NIC,2006,5500.406,5418855.0,9.140000343322754,67.9597654389063,58.958,3.43742788367198
NIC,2007,5697.211,5497243.0,11.126999855041504,66.5780733917154,59.546,3.07051270266798
NIC,2008,5809.0996,5576593.0,19.826000213623047,65.2625486607333,59.046,-2.60742160628677
NIC,2009,5538.3657,5656601.0,3.687000036239624,64.0300059503856,58.125,7.55248088275307
NIC,2010,5701.128,5737450.0,5.454999923706055,62.8894902643049,58.646,6.76654373857286
NIC,2011,5976.253,5819051.0,8.083196640014648,61.8063368356308,59.736,0.293070763391071
NIC,2012,6275.7876,5901287.0,7.193706512451172,60.7923863166663,60.953,5.41299610035698
NIC,2013,6494.1494,5983845.0,7.135583877563477,59.8943184475099,61.224,10.1921703599583
NIC,2014,6712.2173,6066492.0,6.0404462814331055,59.1180966549615,62.034,4.74681215156456
NIC,2015,6939.0327,6149417.0,3.9904587268829346,58.4227991763294,62.036,4.74681215156456
NIC,2016,7158.758,6232666.0,3.5203635692596436,57.7782531320644,62.67,4.74681215156456
NIC,2017,7391.197,6316231.0,3.851,57.1888758345376,63.177,4.74681215156456
NIC,2018,7049.0273,6400080.0,4.94,56.6166527426414,61.767,4.74681215156456
NIC,2019,6756.5938,6483657.0,5.375999927520752,56.0113131029246,61.449,4.74681215156456
NIC,2020,6523.3696,6565267.0,3.681813416255158,55.2388559468015,60.386,4.74681215156456
NIC,2021,7119.1694,6644741.0,4.92841396948961,54.3648388491391,61.293,4.74681215156456
NIC,2022,7277.8228,6730654.0,10.4674244465991,53.5775290251537,62.379,4.74681215156456
NIC,2023,7496.5293,6823613.0,8.443,52.8658369386387,62.795,4.74681215156456
NIC,2024,7661.602,6916140.0,4.62473841057143,52.1895509332864,62.745,4.74681215156456
NLD,1990,43128.312,14951510.0,2.454083204269409,45.1820967673494,63.7675,1.03239437643411
NLD,1991,43833.484,15069798.0,3.1582038402557373,45.4275168201686,61.704,1.03239437643411
NLD,1992,44245.527,15184166.0,3.1835854053497314,45.6926157372403,63.029,1.03239437643411
NLD,1993,44490.758,15290368.0,2.584183692932129,45.9411627880563,62.602,1.03239437643411
NLD,1994,45532.805,15382838.0,2.8015167713165283,46.2126735776954,62.037,1.03239437643411
NLD,1995,46720.29,15459006.0,1.9232257604599,46.4793379314632,62.033,1.03239437643411
NLD,1996,48095.965,15530498.0,2.113787889480591,46.678356484411,62.646,1.03239437643411
NLD,1997,49881.875,15610650.0,2.109250783920288,46.9014218637429,63.409,1.03239437643411
NLD,1998,51879.38,15707209.0,1.959134817123413,47.1611679571244,64.335,1.03239437643411
NLD,1999,54134.363,15812088.0,2.157177686691284,47.3984900222728,65.091,2.13082362335442
NLD,2000,56016.87,15925513.0,2.3605246543884277,47.5997257745678,65.956,1.47335236212653
NLD,2001,56887.434,16046180.0,4.155837059020996,47.7234584540489,66.509,0.598810256774822
NLD,2002,56664.414,16148929.0,3.2875306606292725,47.778007873293,66.138,0.0776295352313075
NLD,2003,56452.867,16225302.0,2.092003583908081,47.8837208072943,65.239,0.697957459038261
NLD,2004,57391.363,16281779.0,1.2636443376541138,48.0486896030983,64.29,1.53417924963315
NLD,2005,58422.01,16319868.0,1.6881275177001953,48.1687259592709,63.258,0.775883880764693
NLD,2006,60391.543,16346101.0,1.1015071868896484,48.2136628287853,63.802,0.94080454967972
NLD,2007,62601.62,16381696.0,1.613861083984375,48.2541352334204,64.378,2.50343308994358
NLD,2008,63678.402,16445593.0,2.486495018005371,48.3834903176158,64.696,2.14027147572424
NLD,2009,61029.73,16530388.0,1.1897834539413452,48.6378733180059,63.91,1.53893748369302
NLD,2010,61518.555,16615394.0,1.2752996683120728,48.9390840593512,63.182,1.03239437643411
NLD,2011,62318.14,16693074.0,2.3410685062408447,49.6322091919466,63.081,1.75309018612449
NLD,2012,61480.812,16754962.0,2.4555554389953613,50.6460351411108,62.892,0.29198946071416
NLD,2013,61281.29,16804432.0,2.5068917274475098,51.4289591698403,61.903,0.351053253772373
NLD,2014,62045.855,16865008.0,0.9760401844978333,52.0149611855016,61.25,0.351053253772373
NLD,2015,63081.395,16939923.0,0.6002458930015564,52.4272622166642,61.897,0.351053253772373
NLD,2016,64267.74,17030314.0,0.3166656494140625,52.6972672445206,62.299,0.351053253772373
NLD,2017,65666.0,17131296.0,1.299,52.9840892509348,62.928,0.351053253772373
NLD,2018,66758.266,17231624.0,1.7,53.2595764421941,63.838,0.351053253772373
NLD,2019,67847.85,17344874.0,2.6730000972747803,53.5125012921873,64.453,0.351053253772373
NLD,2020,64862.19,17441500.0,1.2724603778915136,53.8223735345247,64.002,0.351053253772373
NLD,2021,68573.56,17533044.0,2.67572,54.1991252368432,63.733,0.351053253772373
NLD,2022,71324.04,17700982.0,10.00121,54.4455963721084,64.858,0.351053253772373
NLD,2023,70198.93,17877117.0,4.118,54.6264908553262,65.327,0.351053253772373
NLD,2024,70498.88,17993485.0,3.34751660553187,55.0909942337838,64.966,0.351053253772373
NOR,1990,57106.883,4241473.0,4.131033420562744,54.4470022925958,63.768,2.84758751326675
NOR,1991,58588.47,4261732.0,3.4381978511810303,54.5478809435049,58.552,2.84758751326675
NOR,1992,60333.45,4286401.0,2.3280835151672363,54.6927870679401,58.638,2.84758751326675
NOR,1993,61681.805,4311991.0,2.2882707118988037,54.7703797876354,59.054,2.84758751326675
NOR,1994,64432.074,4336613.0,1.3756804466247559,54.798595729719,59.968,2.84758751326675
NOR,1995,66762.16,4359184.0,2.4603590965270996,54.8412385210465,59.914,2.84758751326675
NOR,1996,69764.38,4381336.0,1.262541651725769,54.8878006841267,61.373,2.84758751326675
NOR,1997,73053.97,4405157.0,2.566923141479492,54.8767200635376,62.284,2.84758751326675
NOR,1998,74558.3,4431464.0,2.252408742904663,54.7290587762079,63.489,2.84758751326675
NOR,1999,75583.836,4461913.0,2.3659658432006836,54.5029199266599,64.237,2.84758751326675
NOR,2000,77587.21,4490967.0,3.085503339767456,54.2490224128071,64.475,2.84758751326675
NOR,2001,78791.305,4513751.0,3.004201889038086,53.9426008662733,64.589,2.84758751326675
NOR,2002,79447.09,4538159.0,1.2867252826690674,53.5644614689625,64.594,2.84758751326675
NOR,2003,79728.78,4564855.0,2.4878287315368652,53.1550102414156,64.544,2.84758751326675
NOR,2004,82440.95,4591910.0,0.4544915556907654,52.7570832006829,64.756,2.84758751326675
NOR,2005,84080.0,4623291.0,1.5321362018585205,52.3220986245749,64.932,2.84758751326675
NOR,2006,85458.55,4660677.0,2.3293466567993164,51.7958323440353,65.855,2.84758751326675
NOR,2007,87043.5,4709153.0,0.7125963568687439,51.2684421687637,66.714,2.84758751326675
NOR,2008,86379.664,4768212.0,3.753922939300537,50.9217590461968,66.7,2.84758751326675
NOR,2009,83642.07,4828726.0,2.197387218475342,50.8957069938457,65.914,2.84758751326675
NOR,2010,83256.79,4889252.0,2.418909788131714,51.0382769236853,64.957,2.84758751326675
NOR,2011,83092.44,4953088.0,1.2849526405334473,51.2230746496865,64.996,2.84758751326675
NOR,2012,84237.15,5018573.0,0.6968657374382019,51.4440615689539,64.976,2.84758751326675
NOR,2013,84070.46,5079623.0,2.1204800605773926,51.6716018336905,64.652,1.75202764781328
NOR,2014,84830.26,5137232.0,2.04170560836792,51.8888567930458,64.236,3.94314737872022
NOR,2015,85550.3,5188607.0,2.1711366176605225,52.1044566844697,63.703,3.94314737872022
NOR,2016,85787.62,5234519.0,3.5500030517578125,52.4161859607572,63.102,3.94314737872022
NOR,2017,87194.11,5276968.0,1.875,52.8187217825194,62.925,3.94314737872022
NOR,2018,87338.47,5311916.0,2.76,53.1960276841597,63.403,3.94314737872022
NOR,2019,87725.73,5347896.0,2.1679999828338623,53.4506846449634,63.505,3.94314737872022
NOR,2020,86096.055,5379475.0,1.2865849070805493,53.7024036773317,62.772,3.94314737872022
NOR,2021,88984.14,5408320.0,3.483881,53.9942602946959,62.817,3.94314737872022
NOR,2022,91051.086,5457127.0,5.764123,54.121894369811,63.833,3.94314737872022
NOR,2023,90085.44,5519601.0,5.518,53.9423382909882,63.587,3.94314737872022
NOR,2024,91105.25,5572279.0,3.1453021535478536,53.7846035980815,63.201,3.94314737872022
NPL,1990,1808.2649,19524573.0,8.925999641418457,82.4138121433919,36.692,
NPL,1991,1874.2751,20036500.0,7.942999839782715,82.3146467000289,37.197,
NPL,1992,1896.9717,20609707.0,21.06100082397461,81.9837250719137,37.205,
NPL,1993,1916.9435,21180159.0,8.871000289916992,81.8258370514492,37.197,
NPL,1994,2023.1152,21717479.0,8.951000213623047,81.9369587333842,37.19,
NPL,1995,2043.6052,22245439.0,7.677000045776367,82.1310872499135,37.154,
NPL,1996,2105.5083,22741862.0,7.178999900817871,82.3282875131383,37.129,
NPL,1997,2166.3127,23219463.0,8.10099983215332,82.2646727822246,37.074,
NPL,1998,2188.222,23680357.0,8.326000213623047,81.9808345109139,37.047,
NPL,1999,2242.6501,24125199.0,11.378999710083008,81.5529364487184,37.019,
NPL,2000,2340.8157,24546509.0,3.3929998874664307,81.0445699996489,37.008,
NPL,2001,2413.8142,24946748.0,2.434999942779541,80.4071397893568,37.005,
NPL,2002,2380.2441,25328981.0,2.8959999084472656,79.5878346721543,36.95,
NPL,2003,2439.4949,25688758.0,4.743000030517578,78.6140023049205,36.91,
NPL,2004,2521.541,26016656.0,3.9630000591278076,77.5292988288111,36.889,
NPL,2005,2580.231,26309458.0,4.539000034332275,76.3566959043179,36.877,
NPL,2006,2641.348,26565425.0,7.9629998207092285,75.0965421342507,36.804,
NPL,2007,2708.7144,26788492.0,6.203000068664551,73.7412792890358,36.717,
NPL,2008,2852.6099,26990037.0,6.677000045776367,72.2103147648034,36.667,
NPL,2009,2961.839,27173035.0,12.62399959564209,70.5131590457199,36.619,
NPL,2010,3085.314,27341952.0,9.5649995803833,68.7230673269311,36.587,
NPL,2011,3176.6504,27464494.0,9.565999984741211,67.1104103276562,36.496,
NPL,2012,3316.5007,27534915.0,8.305000305175781,65.8847037805744,36.37,
NPL,2013,3426.5579,27589996.0,9.873000144958496,64.8884391194323,36.191,
NPL,2014,3621.7317,27672370.0,9.038999557495117,63.8731073448067,36.055,
NPL,2015,3745.2617,27823629.0,7.211999893188477,62.6773848232675,35.943,
NPL,2016,3743.7446,27955462.0,9.932000160217285,61.6232358975145,35.8,
NPL,2017,4071.7043,28011258.0,4.454,60.8935676824888,35.66,
NPL,2018,4371.3857,28079689.0,4.15,60.1789003710396,35.533,
NPL,2019,4607.5244,28414064.0,4.638999938964844,58.7001840122581,35.599,
NPL,2020,4412.542,28966574.0,5.052366552892133,56.652683071554,34.253,
NPL,2021,4546.2295,29475010.0,3.599,54.9709890210653,34.677,
NPL,2022,4763.3877,29715436.0,7.593104050705884,54.1657821006166,35.224,
NPL,2023,4861.2305,29694614.0,7.73,54.0220133747515,35.269,
NPL,2024,5046.816,29651054.0,5.423,53.6868554776039,35.185,
NRU,1990,30123.365,9622.0,3.436500095367432,77.8887040118321,,
NRU,1991,23836.965,9850.0,3.436500095367432,78.9932763946938,,
NRU,1992,19620.383,10021.0,3.436500095367432,79.2986222937914,,
NRU,1993,16326.138,10102.0,3.436500095367432,78.9865343727853,,
NRU,1994,15640.759,10137.0,3.436500095367432,78.0920590302179,,
NRU,1995,14361.795,10165.0,3.436500095367432,76.8441196938065,,
NRU,1996,12636.182,10183.0,3.436500095367432,75.249569707401,,
NRU,1997,11488.991,10197.0,3.436500095367432,73.430855587685,,
NRU,1998,10133.678,10198.0,3.436500095367432,71.5102589976455,,
NRU,1999,9478.301,10187.0,3.436500095367432,69.6419650291424,,
NRU,2000,8844.947,10168.0,3.436500095367432,68.1216931216931,,
NRU,2001,8277.868,10130.0,3.436500095367432,66.8863261943987,,
NRU,2002,7487.931,10082.0,3.436500095367432,65.7405885253986,,
NRU,2003,7526.416,10059.0,3.436500095367432,64.4059486844256,,
NRU,2004,7200.948,10060.0,3.436500095367432,62.8724093264249,,
NRU,2005,7208.8306,10049.0,8.661999702453613,61.4136546184739,,
NRU,2006,7829.715,10034.0,19.302000045776367,60.1851851851852,,
NRU,2007,6109.601,10020.0,5.60099983215332,59.2751549833095,,
NRU,2008,7339.5786,10009.0,1.034999966621399,58.8823622797269,,
NRU,2009,6926.98,10016.0,22.422000885009766,59.2463030688504,,
NRU,2010,6908.357,10043.0,-1.968000054359436,60.380070265091,,
NRU,2011,7881.1313,10098.0,-3.369999885559082,62.2168674698795,,
NRU,2012,9639.566,10267.0,0.2619999945163727,63.8946528332003,,
NRU,2013,9798.482,10517.0,-1.1050000190734863,64.8072704481354,,
NRU,2014,11112.968,10742.0,0.2750000059604645,65.4142285186326,,
NRU,2015,11270.468,10954.0,9.784000396728516,65.9445538554764,,
NRU,2016,11529.886,11150.0,8.149999618530273,66.1549925484352,,
NRU,2017,10631.914,11324.0,5.082,65.9680492452,,
NRU,2018,10401.28,11477.0,0.463,65.4223119054483,,
NRU,2019,11183.096,11587.0,4.300000190734863,65.6562768086932,,
NRU,2020,11304.572,11643.0,0.891,66.9582676036139,,
NRU,2021,12112.235,11709.0,1.2,68.0637290081814,,
NRU,2022,12363.6455,11801.0,2.573,68.8027463882134,,
NRU,2023,12372.5205,11875.0,4.782,69.0872846361954,,
NRU,2024,12468.762,11947.0,11.574,68.4336669956295,,
NZL,1990,30695.467,3329800.0,6.0984416007995605,52.2165060145131,63.5475,4.82755856658049
NZL,1991,28924.744,3495100.0,2.6024012565612793,52.3123800492615,56.693,4.82755856658049
NZL,1992,28938.098,3531700.0,1.0145552158355713,52.37793628577,56.228,4.82755856658049
NZL,1993,30438.627,3572200.0,1.2882106304168701,52.6104451985299,56.703,4.82755856658049
NZL,1994,31574.357,3620000.0,1.7453709840774536,52.7771904435731,58.36,4.82755856658049
NZL,1995,32584.654,3673400.0,3.754946231842041,52.831992610945,60.157,4.82755856658049
NZL,1996,33231.45,3732000.0,2.2857139110565186,52.7893263636509,61.056,4.82755856658049
NZL,1997,33480.145,3781300.0,1.1871442794799805,52.7498651779348,60.547,4.82755856658049
NZL,1998,33469.254,3815000.0,1.2652479410171509,52.7780169453447,59.592,7.85870211640595
NZL,1999,35084.293,3835100.0,-0.1142650917172432,52.7802897451444,60.116,6.42972451271358
NZL,2000,35879.793,3857700.0,2.6152331829071045,52.7172966382163,60.795,4.79144543130933
NZL,2001,36885.645,3880500.0,2.625814914703369,52.4848880657864,61.79,3.5948864320687
NZL,2002,37959.066,3948500.0,2.677096366882324,51.9651555848397,62.556,6.85698540742286
NZL,2003,38976.914,4027200.0,1.75357186794281,51.3493361554743,62.707,4.82755856658049
NZL,2004,39971.77,4087500.0,2.2902474403381348,50.847736601215,63.769,4.22652471005878
NZL,2005,40848.297,4133900.0,3.037020444869995,50.5037483038793,64.636,5.64896991951072
NZL,2006,41475.12,4184600.0,3.3654096126556396,50.3686450148658,65.129,5.33789397917863
NZL,2007,42346.09,4223800.0,2.3761398792266846,50.4429979608737,65.52,3.13610198531721
NZL,2008,41561.184,4259800.0,3.9589474201202393,50.6047098354443,65.136,6.03114691203804
NZL,2009,41132.336,4302600.0,2.115649700164795,50.8301336353722,63.6,3.91813906212928
NZL,2010,41270.93,4350700.0,2.302030563354492,51.1623907332559,63.112,3.00090695832905
NZL,2011,41814.887,4384000.0,4.027902603149414,51.638047175897,63.495,3.54838795075054
NZL,2012,42570.332,4408100.0,1.0599150657653809,52.2425741120968,62.953,6.01352181074188
NZL,2013,43338.438,4442100.0,1.1344190835952759,52.7030093022296,63.47,1.2955107017154
NZL,2014,44255.504,4516500.0,1.227515459060669,52.7543470643702,64.601,5.33267299821282
NZL,2015,44963.832,4609400.0,0.29270148277282715,52.5174780979885,64.695,5.33267299821282
NZL,2016,45626.684,4714100.0,0.646240234375,52.307552633679,65.966,5.33267299821282
NZL,2017,46193.29,4813600.0,1.854,52.257834938067,67.142,5.33267299821282
NZL,2018,46947.938,4900600.0,1.6,52.3710857473679,67.45,5.33267299821282
NZL,2019,47362.32,4970300.0,1.6200000047683716,52.5965951829053,67.291,5.33267299821282
NZL,2020,46266.395,5072400.0,1.7145617000722786,52.9981292985865,66.653,5.33267299821282
NZL,2021,48248.72,5084600.0,3.941,53.6270312994757,67.738,5.33267299821282
NZL,2022,49964.176,5081700.0,7.172225,54.0514723670098,68.589,5.33267299821282
NZL,2023,49508.27,5200000.0,5.733,54.2574461849167,68.833,5.33267299821282
NZL,2024,49316.4,5287500.0,2.92279782301955,54.5939916672758,67.22,5.33267299821282
OMN,1990,35201.55,1763954.0,10.01099967956543,84.7114802644668,56.338,-22.7494903143367
OMN,1991,35574.676,1851473.0,4.599999904632568,81.5194522277757,54.897,19.7502362037949
OMN,1992,36841.402,1938238.0,0.9559999704360962,78.3253642662555,55.608,7.9868744202827
OMN,1993,37455.34,2021675.0,1.1360000371932983,75.1895375448551,56.421,15.0903159927385
OMN,1994,37782.723,2081834.0,-0.6549999713897705,73.4428059651754,56.456,8.87466688076219
OMN,1995,38946.773,2120528.0,-1.13100004196167,72.7095618178856,55.818,7.39301977695996
OMN,1996,39455.83,2156926.0,0.4959999918937683,71.5309322950465,55.278,1.75767606599361
OMN,1997,41191.03,2190720.0,-0.36000001430511475,69.9666074953139,54.74,11.6752375099938
OMN,1998,40574.676,2222489.0,0.42899999022483826,68.1584488632881,54.383,23.3028987699578
OMN,1999,40145.93,2252909.0,0.5120000243186951,66.2432813749827,54.099,-0.259593716406252
OMN,2000,42086.043,2282131.0,-1.1970000267028809,64.2577157828065,53.685,-6.29838736320732
OMN,2001,43492.285,2310217.0,-0.8410000205039978,62.2100767230744,53.483,14.9262280305334
OMN,2002,42654.15,2337140.0,-0.2767179012298584,60.1302890531434,53.497,3.94643678356486
OMN,2003,41247.586,2363796.0,0.2171574831008911,58.0410313668988,53.511,-1.13581444513435
OMN,2004,41351.77,2404821.0,0.6139444708824158,55.6231374794941,53.6,-4.05057515580795
OMN,2005,41551.14,2459802.0,1.938260555267334,52.9309144264007,53.775,-11.8701672014977
OMN,2006,42540.44,2514795.0,3.509392499923706,50.3918280645057,54.161,-6.34679636297475
OMN,2007,43696.97,2570174.0,5.805641174316406,48.1710758509604,54.662,-0.638442720555033
OMN,2008,46586.395,2626529.0,12.410247802734375,46.3687424803325,55.375,-19.4658625339234
OMN,2009,48304.117,2684659.0,3.470301628112793,45.0385630222864,56.255,43.1781374880598
OMN,2010,48191.613,2757446.0,3.2617759704589844,43.920261133618,57.31,-6.32458296829763
OMN,2011,44440.31,3076763.0,4.042109966278076,39.102486722755,60.28,-8.07973379393509
OMN,2012,41964.082,3547106.0,2.941685199737549,34.0090633813326,63.629,2.21469423925791
OMN,2013,40854.484,3833913.0,1.0497329235076904,32.4945734382025,65.391,7.91158154746331
OMN,2014,39639.99,4002439.0,1.030592918395996,32.812648804734,66.278,3.40789682865649
OMN,2015,39813.79,4184895.0,0.06528380513191223,33.02053908217,67.081,3.40789682865649
OMN,2016,39860.99,4390877.0,1.1091156005859375,32.769904557786,67.993,3.40789682865649
OMN,2017,38691.11,4537396.0,1.6,33.0322459964072,68.924,3.40789682865649
OMN,2018,38673.605,4597877.0,0.88,34.1666301915092,69.248,3.40789682865649
OMN,2019,38292.387,4591241.0,0.1340000033378601,36.2325820015673,68.351,3.40789682865649
OMN,2020,37560.6,4522497.0,-0.9038748722784842,39.2044242565832,64.018,3.40789682865649
OMN,2021,38719.457,4500424.0,1.5466370558375635,41.4961719450782,64.533,3.40789682865649
OMN,2022,39780.21,4730226.0,2.81184097477153,40.6042782083888,65.999,3.40789682865649
OMN,2023,37793.617,5049269.0,0.952,38.6735887164327,66.16,3.40789682865649
OMN,2024,36721.082,5281538.0,0.591,37.6631602323536,66.102,3.40789682865649
OWID_EU27,1990,33420.543,,,,50.716764,
OWID_EU27,1991,33581.098,,,,51.36103,
OWID_EU27,1992,33679.79,,,,50.60525,
OWID_EU27,1993,33378.28,,,,49.424664,
OWID_EU27,1994,34195.84,,,,48.907173,
OWID_EU27,1995,35111.285,,,,48.914562,
OWID_EU27,1996,35771.523,,,,48.909084,
OWID_EU27,1997,36635.46,,,,49.007954,
OWID_EU27,1998,37659.105,,,,49.316887,
OWID_EU27,1999,38685.863,,,,49.652676,
OWID_EU27,2000,40159.266,,,,49.904907,
OWID_EU27,2001,41007.742,,,,50.133305,
OWID_EU27,2002,41422.387,,,,50.09722,
OWID_EU27,2003,41728.848,,,,50.219463,
OWID_EU27,2004,42725.73,,,,50.201515,
OWID_EU27,2005,43476.48,,,,50.597603,
OWID_EU27,2006,44946.523,,,,51.329506,
OWID_EU27,2007,46274.406,,,,52.08344,
OWID_EU27,2008,46520.37,,,,52.444874,
OWID_EU27,2009,44429.824,,,,51.12153,
OWID_EU27,2010,45250.39,,,,50.885788,
OWID_EU27,2011,46205.207,,,,50.828278,
OWID_EU27,2012,45787.934,,,,50.524197,
OWID_EU27,2013,45723.977,,,,50.2625,
OWID_EU27,2014,46454.75,,,,50.56454,
OWID_EU27,2015,47490.676,,,,51.035862,
OWID_EU27,2016,48336.277,,,,51.631737,
OWID_EU27,2017,49704.03,,,,52.364586,
OWID_EU27,2018,50706.367,,,,52.943043,
OWID_EU27,2019,51662.36,,,,53.35069,
OWID_EU27,2020,48770.375,,,,52.469574,
OWID_EU27,2021,51969.965,,,,52.968643,
OWID_EU27,2022,53777.477,,,,53.92789,
OWID_EU27,2023,53869.324,,,,54.236835,
OWID_EU27,2024,54337.918,,,,54.166653,
OWID_HIC,1990,34929.43,,,,56.101423499999996,
OWID_HIC,1991,34820.582,,,,57.09661,
OWID_HIC,1992,34720.812,,,,56.589752,
OWID_HIC,1993,34667.574,,,,55.844288,
OWID_HIC,1994,35197.805,,,,55.49871,
OWID_HIC,1995,35892.344,,,,55.50771,
OWID_HIC,1996,36633.758,,,,55.464718,
OWID_HIC,1997,37650.688,,,,55.42245,
OWID_HIC,1998,38308.953,,,,55.205517,
OWID_HIC,1999,39471.53,,,,55.657288,
OWID_HIC,2000,41052.55,,,,56.0751,
OWID_HIC,2001,41571.387,,,,55.90468,
OWID_HIC,2002,42108.766,,,,55.720917,
OWID_HIC,2003,42964.38,,,,55.579044,
OWID_HIC,2004,44356.785,,,,55.759903,
OWID_HIC,2005,45533.9,,,,56.127747,
OWID_HIC,2006,46910.86,,,,56.61205,
OWID_HIC,2007,48145.7,,,,57.094692,
OWID_HIC,2008,48338.777,,,,57.098804,
OWID_HIC,2009,46327.402,,,,55.56652,
OWID_HIC,2010,47586.2,,,,55.411057,
OWID_HIC,2011,48491.062,,,,55.596066,
OWID_HIC,2012,48959.668,,,,55.78211,
OWID_HIC,2013,49441.21,,,,55.836002,
OWID_HIC,2014,50214.062,,,,56.232853,
OWID_HIC,2015,50977.375,,,,56.551968,
OWID_HIC,2016,51585.492,,,,56.9813,
OWID_HIC,2017,52651.33,,,,57.408863,
OWID_HIC,2018,53756.51,,,,57.878456,
OWID_HIC,2019,54610.215,,,,58.196884,
OWID_HIC,2020,52316.61,,,,56.402702,
OWID_HIC,2021,55480.527,,,,57.21933,
OWID_HIC,2022,56904.445,,,,58.268837,
OWID_HIC,2023,57537.246,,,,58.65298,
OWID_HIC,2024,58334.816,,,,58.570263,
OWID_KOS,2008,7098.403,,,,,
OWID_KOS,2009,7481.459,,,,,
OWID_KOS,2010,7877.102,,,,,
OWID_KOS,2011,8359.937,,,,,
OWID_KOS,2012,8431.662,,,,,
OWID_KOS,2013,8828.276,,,,,
OWID_KOS,2014,9150.75,,,,,
OWID_KOS,2015,9824.991,,,,,
OWID_KOS,2016,10434.889,,,,,
OWID_KOS,2017,10856.29,,,,,
OWID_KOS,2018,11188.225,,,,,
OWID_KOS,2019,11774.118,,,,,
OWID_KOS,2020,11137.503,,,,,
OWID_KOS,2021,12362.421,,,,,
OWID_KOS,2022,13022.463,,,,,
OWID_KOS,2023,14240.203,,,,,
OWID_KOS,2024,15716.293,,,,,
OWID_LIC,1990,2091.577,,,,62.5485745,
OWID_LIC,1991,2086.3845,,,,65.21868,
OWID_LIC,1992,2042.2125,,,,65.160614,
OWID_LIC,1993,1978.6189,,,,64.99482,
OWID_LIC,1994,1942.905,,,,64.8961,
OWID_LIC,1995,1981.9554,,,,64.985,
OWID_LIC,1996,2036.1765,,,,64.95703,
OWID_LIC,1997,2109.07,,,,64.88851,
OWID_LIC,1998,2148.3252,,,,64.77366,
OWID_LIC,1999,2115.6118,,,,64.66241,
OWID_LIC,2000,2100.0354,,,,64.49625,
OWID_LIC,2001,2115.2341,,,,64.29157,
OWID_LIC,2002,2172.3687,,,,64.107155,
OWID_LIC,2003,2247.3982,,,,63.94281,
OWID_LIC,2004,2317.1028,,,,63.847504,
OWID_LIC,2005,2392.5898,,,,63.71158,
OWID_LIC,2006,2455.3108,,,,63.27466,
OWID_LIC,2007,2534.7456,,,,62.790863,
OWID_LIC,2008,2592.9873,,,,62.306286,
OWID_LIC,2009,2614.398,,,,62.084023,
OWID_LIC,2010,2703.7039,,,,61.648643,
OWID_LIC,2011,2705.9165,,,,61.791576,
OWID_LIC,2012,2496.4563,,,,60.39783,
OWID_LIC,2013,2414.5007,,,,61.18683,
OWID_LIC,2014,2419.5178,,,,60.472816,
OWID_LIC,2015,2431.4712,,,,59.761852,
OWID_LIC,2016,2422.1921,,,,59.307827,
OWID_LIC,2017,2425.2117,,,,58.809383,
OWID_LIC,2018,2432.9915,,,,58.726868,
OWID_LIC,2019,2434.319,,,,58.500465,
OWID_LIC,2020,2347.0789,,,,57.612495,
OWID_LIC,2021,2301.291,,,,57.41527,
OWID_LIC,2022,2312.3845,,,,58.027824,
OWID_LIC,2023,2245.1287,,,,60.228554,
OWID_LIC,2024,2252.951,,,,60.02309,
OWID_LMC,1990,3015.438,,,,56.3204595,
OWID_LMC,1991,3003.4285,,,,56.66971,
OWID_LMC,1992,3050.2703,,,,56.709854,
OWID_LMC,1993,3055.9973,,,,56.686565,
OWID_LMC,1994,3115.1677,,,,56.800343,
OWID_LMC,1995,3212.7397,,,,56.888992,
OWID_LMC,1996,3347.0972,,,,57.11756,
OWID_LMC,1997,3411.546,,,,57.249584,
OWID_LMC,1998,3500.263,,,,57.391098,
OWID_LMC,1999,3626.8872,,,,57.544865,
OWID_LMC,2000,3707.9395,,,,57.584885,
OWID_LMC,2001,3796.1543,,,,57.48231,
OWID_LMC,2002,3892.3313,,,,57.300175,
OWID_LMC,2003,4053.374,,,,57.224144,
OWID_LMC,2004,4263.3096,,,,57.2155,
OWID_LMC,2005,4473.2188,,,,57.151356,
OWID_LMC,2006,4707.42,,,,56.75603,
OWID_LMC,2007,4946.4395,,,,56.395092,
OWID_LMC,2008,5080.3003,,,,55.908707,
OWID_LMC,2009,5301.5405,,,,55.525993,
OWID_LMC,2010,5575.538,,,,55.26957,
OWID_LMC,2011,5746.0674,,,,54.863827,
OWID_LMC,2012,5944.4634,,,,54.388836,
OWID_LMC,2013,6183.676,,,,54.31272,
OWID_LMC,2014,6464.03,,,,54.211407,
OWID_LMC,2015,6755.226,,,,54.03493,
OWID_LMC,2016,7049.0415,,,,53.94885,
OWID_LMC,2017,7334.511,,,,53.697613,
OWID_LMC,2018,7635.979,,,,53.56438,
OWID_LMC,2019,7843.6367,,,,53.732174,
OWID_LMC,2020,7439.8076,,,,52.304283,
OWID_LMC,2021,7837.433,,,,53.42133,
OWID_LMC,2022,8238.695,,,,54.955727,
OWID_LMC,2023,8649.748,,,,55.876183,
OWID_LMC,2024,8995.874,,,,56.245827,
OWID_UMC,1990,5959.997,,,,62.9280465,
OWID_UMC,1991,5984.3267,,,,68.538345,
OWID_UMC,1992,6093.581,,,,68.25068,
OWID_UMC,1993,6281.1333,,,,67.71087,
OWID_UMC,1994,6434.979,,,,67.32538,
OWID_UMC,1995,6596.9785,,,,66.76132,
OWID_UMC,1996,6887.3223,,,,66.22041,
OWID_UMC,1997,7184.325,,,,65.94498,
OWID_UMC,1998,7250.5654,,,,65.4704,
OWID_UMC,1999,7382.556,,,,64.95834,
OWID_UMC,2000,7738.539,,,,64.62718,
OWID_UMC,2001,7918.8364,,,,64.196976,
OWID_UMC,2002,8217.251,,,,63.691208,
OWID_UMC,2003,8605.562,,,,63.410595,
OWID_UMC,2004,9197.692,,,,63.330597,
OWID_UMC,2005,9763.25,,,,63.100403,
OWID_UMC,2006,10470.8545,,,,63.04428,
OWID_UMC,2007,11315.484,,,,63.04455,
OWID_UMC,2008,11880.056,,,,62.811813,
OWID_UMC,2009,12087.708,,,,62.43721,
OWID_UMC,2010,12967.51,,,,62.32571,
OWID_UMC,2011,13710.941,,,,62.365646,
OWID_UMC,2012,14318.651,,,,62.28446,
OWID_UMC,2013,14943.774,,,,61.907692,
OWID_UMC,2014,15484.943,,,,61.651035,
OWID_UMC,2015,15974.421,,,,61.406487,
OWID_UMC,2016,16542.852,,,,61.0394,
OWID_UMC,2017,17244.504,,,,60.841522,
OWID_UMC,2018,17907.459,,,,60.703693,
OWID_UMC,2019,18493.598,,,,60.455685,
OWID_UMC,2020,18242.543,,,,58.009487,
OWID_UMC,2021,19507.21,,,,59.310966,
OWID_UMC,2022,20094.838,,,,59.41206,
OWID_UMC,2023,20950.184,,,,59.81853,
OWID_UMC,2024,21737.637,,,,59.43441,
OWID_WRL,1990,11257.437,,,,59.5707585,
OWID_WRL,1991,11166.51,,,,62.049473,
OWID_WRL,1992,11132.38,,,,61.819675,
OWID_WRL,1993,11125.656,,,,61.404133,
OWID_WRL,1994,11251.216,,,,61.191166,
OWID_WRL,1995,11429.359,,,,61.000298,
OWID_WRL,1996,11679.153,,,,60.84247,
OWID_WRL,1997,11964.178,,,,60.769447,
OWID_WRL,1998,12088.102,,,,60.571724,
OWID_WRL,1999,12351.548,,,,60.514652,
OWID_WRL,2000,12769.831,,,,60.49762,
OWID_WRL,2001,12904.862,,,,60.257385,
OWID_WRL,2002,13093.065,,,,59.947407,
OWID_WRL,2003,13402.992,,,,59.77713,
OWID_WRL,2004,13914.812,,,,59.797287,
OWID_WRL,2005,14370.885,,,,59.784916,
OWID_WRL,2006,14927.549,,,,59.737446,
OWID_WRL,2007,15510.866,,,,59.706917,
OWID_WRL,2008,15747.7295,,,,59.4346,
OWID_WRL,2009,15452.501,,,,58.81201,
OWID_WRL,2010,16047.989,,,,58.62531,
OWID_WRL,2011,16479.488,,,,58.5515,
OWID_WRL,2012,16784.95,,,,58.32912,
OWID_WRL,2013,17122.045,,,,58.198112,
OWID_WRL,2014,17500.176,,,,58.090103,
OWID_WRL,2015,17868.092,,,,57.943,
OWID_WRL,2016,18232.727,,,,57.813416,
OWID_WRL,2017,18714.94,,,,57.682903,
OWID_WRL,2018,19189.02,,,,57.640923,
OWID_WRL,2019,19552.084,,,,57.618633,
OWID_WRL,2020,18811.494,,,,55.715626,
OWID_WRL,2021,19866.768,,,,56.733776,
OWID_WRL,2022,20409.441,,,,57.557167,
OWID_WRL,2023,20918.305,,,,58.23077,
OWID_WRL,2024,21405.117,,,,58.194542,
PAK,1990,3199.7297,116155576.0,9.068418502807617,90.3524722641165,49.7775,3.12315587247781
PAK,1991,3252.351,120060406.0,11.720938682556152,90.6055379024562,49.384,3.12315587247781
PAK,1992,3404.1213,123546848.0,9.926827430725098,91.3237120318044,49.388,3.12315587247781
PAK,1993,3369.238,127020117.0,9.970385551452637,91.9353108787057,48.907,3.12315587247781
PAK,1994,3395.5044,130748083.0,12.376797676086426,92.1153641235323,48.855,3.12315587247781
PAK,1995,3462.4734,134582253.0,12.334843635559082,92.0050933998263,48.065,3.12315587247781
PAK,1996,3526.1416,138557092.0,10.358126640319824,91.5013917796717,48.944,3.12315587247781
PAK,1997,3462.5815,142531804.0,11.364882469177246,90.7652198383735,49.814,3.12315587247781
PAK,1998,3454.1768,146522356.0,6.2211384773254395,89.8748985312392,49.64,3.12315587247781
PAK,1999,3484.4568,150565377.0,4.164360046386719,88.9480257631773,49.866,3.12315587247781
PAK,2000,3531.713,154879127.0,4.3504509925842285,87.8265663645158,50.101,3.12315587247781
PAK,2001,3559.7278,159270907.0,3.58433198928833,86.5773622162083,50.122,3.12315587247781
PAK,2002,3563.6785,163222549.0,3.69596529006958,85.5449528888916,50.14,3.12315587247781
PAK,2003,3668.7793,167110248.0,2.872182607650757,84.4400864362812,50.28,3.12315587247781
PAK,2004,3859.646,171286000.0,7.436154365539551,83.0037628777389,50.427,0.0057407354215582
PAK,2005,4042.1545,175453212.0,9.057860374450684,81.4989219399268,50.087,3.33053751114992
PAK,2006,4185.8667,179682690.0,7.917809009552002,80.100024981889,49.741,4.70752170437756
PAK,2007,4257.926,184493231.0,7.595496654510498,78.616390172067,49.846,1.30244855391589
PAK,2008,4233.348,189499113.0,19.74954605102539,77.3059146807243,49.872,1.81694696282903
PAK,2009,4270.439,194376534.0,12.163209915161133,76.3243708555709,50.265,1.92469935448866
PAK,2010,4228.7817,199239047.0,12.932867050170898,75.5364234270318,50.664,3.12315587247781
PAK,2011,4246.067,203746065.0,11.917497634887695,75.0100380395422,50.37,-1.7109984014482
PAK,2012,4292.021,207667125.0,9.684948921203613,74.7398435909083,49.238,3.27593378279305
PAK,2013,4407.147,211073978.0,7.689731597900391,74.6202486526627,49.931,4.2862667098525
PAK,2014,4520.235,214264647.0,7.196913242340088,74.4256172449709,50.066,4.2162526354002
PAK,2015,4645.286,217290883.0,2.548750638961792,74.161810917677,50.17,4.2162526354002
PAK,2016,4886.6123,220138869.0,3.754735231399536,73.9138783908976,50.501,4.2162526354002
PAK,2017,5031.5605,223273967.0,4.148,73.5768238017572,49.693,4.2162526354002
PAK,2018,5255.0635,226928892.0,5.07,73.1024168008764,48.911,4.2162526354002
PAK,2019,5295.953,230800899.0,6.73799991607666,72.6314584931864,49.105,4.2162526354002
PAK,2020,5135.0146,235001746.0,9.739993138981164,72.0651682830605,48.495,4.2162526354002
PAK,2021,5367.2734,239477801.0,9.49621056124979,71.3439501303533,49.388,4.2162526354002
PAK,2022,5526.2793,243700667.0,19.8738599646653,70.7109794452284,49.633,4.2162526354002
PAK,2023,5418.7695,247504495.0,29.181,70.1673862519405,49.63,4.2162526354002
PAK,2024,5500.3237,251269164.0,12.6325318530451,69.3926431439163,49.435,4.2162526354002
PAN,1990,10263.688,2455583.0,0.7454079985618591,67.6882408455763,60.238,6.36928369634704
PAN,1991,10994.55,2508265.0,1.2663666009902954,66.7417856105342,54.096,6.36928369634704
PAN,1992,11649.796,2561336.0,1.798508882522583,65.8482400125357,55.277,6.36928369634704
PAN,1993,12032.808,2615099.0,0.46928831934928894,65.01743818075,56.31,6.36928369634704
PAN,1994,12123.35,2669546.0,1.2364336252212524,64.2224528426081,56.608,6.36928369634704
PAN,1995,12086.644,2724557.0,1.0449174642562866,63.439321181873,57.315,6.36928369634704
PAN,1996,12327.852,2780227.0,1.2221355438232422,62.6593331628865,57.339,20.2447821432624
PAN,1997,13013.891,2836695.0,1.2471797466278076,61.8743954736491,57.566,9.31056435850642
PAN,1998,13826.532,2893914.0,0.6290096044540405,61.0790501953712,58.828,10.0043518962123
PAN,1999,14261.741,2951822.0,1.276212215423584,60.2913330455299,58.801,9.7578466264372
PAN,2000,14572.976,3010369.0,1.491578459739685,59.5451982251845,59.1,12.1872245950495
PAN,2001,14427.83,3069537.0,0.3294065594673157,58.8544709788102,59.339,9.40721418862471
PAN,2002,14507.144,3129344.0,1.2249035835266113,58.2235606348269,59.631,8.50456309837867
PAN,2003,14957.554,3189807.0,1.4346230030059814,57.6552429718081,59.777,8.71240491611992
PAN,2004,15875.112,3251155.0,0.18447916209697723,57.1455777301836,60.463,6.05179220550872
PAN,2005,16867.96,3313026.0,2.87258243560791,56.667292448204,60.689,6.87406420290149
PAN,2006,18190.273,3375024.0,2.4343631267547607,56.228327813305,60.022,6.36928369634704
PAN,2007,20208.822,3437490.0,4.182202339172363,55.8490841487759,60.454,5.77067067532015
PAN,2008,21867.818,3500648.0,8.721904754638672,55.5206266587647,61.954,0.399492813317981
PAN,2009,21822.988,3564381.0,2.416943073272705,55.234464280737,59.8,1.21622906318255
PAN,2010,22739.111,3628535.0,3.5348477363586426,54.9787704410051,61.085,4.64173274817565
PAN,2011,24999.46,3693505.0,5.838995456695557,54.7645056657503,60.467,1.92499233050184
PAN,2012,26926.885,3759256.0,5.690977096557617,54.5835697778655,62.56,1.32232361257744
PAN,2013,28135.328,3825329.0,4.049253940582275,54.4075216838135,63.328,1.17315484462442
PAN,2014,28931.805,3892101.0,2.625,54.2499473891337,62.813,2.14040740503636
PAN,2015,29933.156,3960035.0,0.1299208700656891,54.1048939156735,62.805,2.14040740503636
PAN,2016,30765.236,4029086.0,0.7623059153556824,53.9493724089181,63.064,2.14040740503636
PAN,2017,31979.812,4098707.0,0.876,53.7889222787002,62.355,2.14040740503636
PAN,2018,32681.447,4167860.0,0.77,53.624280829378,64.083,2.14040740503636
PAN,2019,33163.727,4234700.0,-0.35499998927116394,53.4020908356858,64.224,2.14040740503636
PAN,2020,26881.799,4293261.0,-1.5502754080376007,53.1002058685187,56.664,2.14040740503636
PAN,2021,30932.764,4345405.0,1.63070337301891,52.7929130402984,56.409,2.14040740503636
PAN,2022,33915.152,4400773.0,2.85748282185325,52.5235087553911,60.953,2.14040740503636
PAN,2023,35872.95,4458759.0,1.486,52.2832629253976,60.881,2.14040740503636
PAN,2024,36394.918,4515577.0,0.693225551004512,52.086689450372,60.715,2.14040740503636
PER,1990,6317.079,22014771.0,7356.81640625,75.4157192605356,69.074,-31.4596767054871
PER,1991,6322.5747,22483775.0,424.5907287597656,74.3176180487689,56.21,61.1859416487963
PER,1992,6161.6357,22946340.0,74.06639099121094,73.2367592598115,55.915,46.6039379812489
PER,1993,6355.262,23413783.0,48.52888870239258,72.1226891613753,56.974,32.6903399531435
PER,1994,6997.706,23881493.0,23.747848510742188,71.0046208460218,58.051,22.6218775205124
PER,1995,7372.0425,24348919.0,11.03420352935791,69.8855109203906,59.958,19.8771271969869
PER,1996,7437.1924,24811171.0,11.489827156066895,68.7533140333823,61.147,19.9161647249909
PER,1997,7773.827,25274147.0,8.53629207611084,67.572845929944,62.562,22.0244648803872
PER,1998,7603.809,25738095.0,7.253507614135742,66.3373279866207,63.441,25.866275291243
PER,1999,7585.328,26186504.0,3.4711787700653076,65.1180385872912,64.744,31.2063565505912
PER,2000,7669.095,26598331.0,3.762031316757202,64.0029073497459,62.518,25.5698477470948
PER,2001,7611.6665,26964601.0,1.9776020050048828,62.9840392352179,65.303,24.411950042159
PER,2002,7931.5796,27288217.0,0.19502073526382446,62.0588640528885,66.523,20.6338458601459
PER,2003,8174.3794,27580490.0,2.260247230529785,61.2360977253486,68.053,18.8715495126426
PER,2004,8495.986,27852190.0,3.659604072570801,60.519573375419,68.674,17.308705204716
PER,2005,8949.954,28101180.0,1.6128453016281128,59.9218464564285,69.553,21.284368194887
PER,2006,9547.913,28324491.0,1.998810052871704,59.4213281709725,72.965,15.1194989096292
PER,2007,10286.3545,28530699.0,1.7789677381515503,58.9908779480438,75.036,21.0511674102817
PER,2008,11151.53,28719041.0,5.7891764640808105,58.4861812206581,75.07,22.323874594588
PER,2009,11204.377,28896811.0,2.9349963665008545,57.915054074934,75.466,18.5944908019559
PER,2010,12059.018,29086019.0,1.5316928625106812,57.4065110598485,76.389,12.5494733748355
PER,2011,12726.6,29304086.0,3.3705685138702393,56.9732555404503,75.917,11.1780878633624
PER,2012,13395.399,29550366.0,3.6567482948303223,56.6078305489283,75.919,17.8200224863401
PER,2013,14052.138,29817919.0,2.8072683811187744,56.2690728263129,75.079,16.903308069059
PER,2014,14244.566,30115826.0,3.248305559158325,55.9260526415525,74.592,12.994785090205
PER,2015,14542.793,30457600.0,3.5475518703460693,55.5249961792269,73.42,12.994785090205
PER,2016,14917.449,30866494.0,3.5921132564544678,55.0315226387303,72.557,12.994785090205
PER,2017,15069.522,31324637.0,2.804,54.4342798477223,74.154,12.994785090205
PER,2018,15386.26,31897584.0,1.32,53.5702959648924,74.484,12.994785090205
PER,2019,15463.543,32449303.0,2.135999917984009,52.7058864277693,74.748,12.994785090205
PER,2020,13609.6,32838579.0,1.8260526977758027,52.0259679366878,63.976,12.994785090205
PER,2021,15280.551,33155882.0,4.27166381536796,51.2732345713394,68.264,12.994785090205
PER,2022,15559.821,33475438.0,8.33370630096232,50.5475609612953,71.277,12.994785090205
PER,2023,15327.582,33845617.0,6.269,50.0391504388028,69.125,12.994785090205
PER,2024,15661.75,34217848.0,2.00770739412714,49.6973010705299,69.023,12.994785090205
PHL,1990,4504.4624,62854666.0,12.169556617736816,80.6376867539352,59.094,9.88098210027373
PHL,1991,4378.3955,64382249.0,19.253910064697266,80.4295485629981,59.131,5.73775233027661
PHL,1992,4293.7183,65926125.0,8.648594856262207,80.0698044356479,59.095,10.7499250686686
PHL,1993,4283.1597,67530621.0,6.7193145751953125,79.4132075654664,59.087,7.37117861387287
PHL,1994,4374.0674,69019291.0,10.363173484802246,78.8922732700555,59.109,4.5398803903546
PHL,1995,4477.323,70546246.0,6.825284957885742,78.3513792566435,59.116,6.54005215382213
PHL,1996,4631.772,72190242.0,7.467879772186279,77.6409765550621,59.093,6.64022027676353
PHL,1997,4758.7085,73908810.0,5.578338623046875,76.7544156910898,59.048,9.42589084402762
PHL,1998,4616.673,75791024.0,9.240586280822754,75.5384346968209,59.044,5.77121291360418
PHL,1999,4650.7593,77753257.0,5.953670024871826,74.1825986663884,58.996,5.11743894892767
PHL,2000,4740.439,79625397.0,3.980393886566162,72.936876606391,58.947,4.8104932596846
PHL,2001,4778.401,81401488.0,6.778631210327148,71.8430200888632,58.975,6.42188422219399
PHL,2002,4856.4995,83068889.0,3.0049495697021484,70.8905082045512,58.993,4.70819992469216
PHL,2003,5003.3833,84731835.0,3.476935625076294,69.8842742816374,58.987,6.08528504670798
PHL,2004,5229.4507,86394504.0,5.976781368255615,68.8601701921728,59.337,3.95524739260692
PHL,2005,5386.8164,88015962.0,7.69062614440918,67.8557797530439,59.252,4.03548972128812
PHL,2006,5578.5723,89508986.0,6.520029067993164,67.0134961718752,58.93,4.4401194500866
PHL,2007,5840.068,91075184.0,2.958557605743408,66.2081132680944,59.155,5.35759701816081
PHL,2008,5987.0376,92699095.0,8.167211532592773,65.4578959893668,58.794,1.46657832194707
PHL,2009,5965.307,94384250.0,4.2132487297058105,64.7322063281476,59.065,5.67257824063165
PHL,2010,6273.039,96337125.0,3.79150652885437,63.7943677675165,59.22,3.16350898272397
PHL,2011,6388.313,98248614.0,4.718330383300781,62.9060289047957,59.995,2.64095050382798
PHL,2012,6697.556,100175512.0,3.16509747505188,62.0255491999165,59.57,3.61326895733707
PHL,2013,7016.5386,102076336.0,2.9460842609405518,61.1835246269493,59.297,3.63093412149458
PHL,2014,7340.362,103767130.0,4.167816162109375,60.4579386236435,59.933,2.39960024337773
PHL,2015,7691.763,105312992.0,1.4034087657928467,59.5211985547012,59.521,2.39960024337773
PHL,2016,8131.825,106735719.0,1.808121919631958,58.4031241305213,59.93,2.39960024337773
PHL,2017,8584.136,108119693.0,2.853,57.3664779049531,57.632,2.39960024337773
PHL,2018,9016.286,109465287.0,5.26,56.4951142171875,57.602,2.39960024337773
PHL,2019,9452.294,110804683.0,2.4800000190734863,55.745826525598,58.115,2.39960024337773
PHL,2020,8455.185,112081264.0,2.635228848821109,54.8178657691752,53.365,2.39960024337773
PHL,2021,8857.79,113100950.0,3.927180221003267,53.59656857012,54.552,2.39960024337773
PHL,2022,9457.104,113964338.0,5.82115811213952,52.3747406896807,59.843,2.39960024337773
PHL,2023,9898.533,114891199.0,5.978,51.2166581870048,60.069,2.39960024337773
PHL,2024,10375.94,115843670.0,3.21260487006343,50.0600272907847,60.05,2.39960024337773
PLW,1990,17851.184,15259.0,1.4479999542236328,56.3422131147541,,
PLW,1991,18301.05,15614.0,1.4479999542236328,54.5076694705591,,
PLW,1992,16728.021,15989.0,1.4479999542236328,53.0340735068913,,
PLW,1993,14327.272,16372.0,1.4479999542236328,51.9443155452436,,
PLW,1994,15008.319,16770.0,1.4479999542236328,51.2173128944995,,
PLW,1995,16232.837,17195.0,1.4479999542236328,50.5955508845682,,
PLW,1996,17455.115,17654.0,1.4479999542236328,49.2349311015301,,
PLW,1997,17408.885,18108.0,1.4479999542236328,47.2075441021055,,
PLW,1998,17358.283,18524.0,1.4479999542236328,45.0814536340852,,
PLW,1999,16093.402,18901.0,1.4479999542236328,42.9079086647512,,
PLW,2000,15447.952,19178.0,1.4479999542236328,41.5141676505313,,
PLW,2001,16433.64,19352.0,-0.7120000123977661,41.327685678814,,
PLW,2002,17075.248,19503.0,0.08900000154972076,41.6515360592636,,
PLW,2003,16579.314,19659.0,0.49900001287460327,42.0273101654505,,
PLW,2004,17015.68,19820.0,0.9520000219345093,42.2930576495082,,
PLW,2005,17507.436,19819.0,4.084000110626221,41.8276799771003,,
PLW,2006,17749.773,19593.0,4.081999778747559,40.5422853453841,,
PLW,2007,18255.67,19302.0,3.2939999103546143,39.3316009816659,,
PLW,2008,17574.074,19009.0,11.89900016784668,38.4385696598937,,
PLW,2009,16688.723,18709.0,1.4240000247955322,37.7180714022819,,
PLW,2010,16524.043,18396.0,1.4479999542236328,37.1812080536913,,
PLW,2011,17670.914,18078.0,4.689000129699707,36.9310005301825,,
PLW,2012,18279.889,17765.0,3.5859999656677246,36.8538633387258,,
PLW,2013,17931.432,17648.0,3.4100000858306885,37.2452947581272,,
PLW,2014,18786.834,17715.0,4.145999908447266,38.0855873411801,,
PLW,2015,20212.018,17770.0,0.9470000267028809,38.6223574381777,,
PLW,2016,20449.13,17797.0,-1.0329999923706055,38.8546461730514,,
PLW,2017,19821.098,17812.0,0.903,39.16712243144,,
PLW,2018,19572.344,17814.0,1.57,39.5456325891109,,
PLW,2019,19519.018,17798.0,0.609000027179718,39.9512501965718,,
PLW,2020,18183.736,17792.0,0.22,40.3739940034717,,
PLW,2021,15780.55,17783.0,0.45,40.8252158073968,,
PLW,2022,16040.908,17759.0,12.3526638378123,41.2358835692699,,
PLW,2023,16425.973,17727.0,12.417,41.6233921866262,,
PNG,1990,3164.149,3896481.0,6.953000068664551,79.4887964633648,47.4615,10.9286809529848
PNG,1991,3358.1887,4021837.0,6.966000080108643,79.1234353900257,47.124,6.70450784720402
PNG,1992,3690.345,4166699.0,4.309999942779541,78.5408554725847,47.019,11.3322713756758
PNG,1993,4206.429,4320872.0,4.9770002365112305,77.9170127180845,46.852,14.1361118943595
PNG,1994,4297.891,4480208.0,2.8489999771118164,77.298110161124,46.789,1.77795487715972
PNG,1995,4008.722,4644278.0,17.2810001373291,76.6746756403692,46.847,-2.33963428965613
PNG,1996,4167.036,4813361.0,11.631999969482422,76.0752754056323,46.706,11.2869494404942
PNG,1997,3864.2302,4987883.0,3.943000078201294,75.517018477224,46.804,1.86560265896151
PNG,1998,3590.1,5166390.0,13.59000015258789,74.9612919743328,46.954,2.75904166076235
PNG,1999,3531.6594,5349333.0,14.932000160217285,74.4163821857913,46.95,7.04692270586388
PNG,2000,3326.7986,5537064.0,15.595999717712402,73.8931516348343,47.082,3.92571797873366
PNG,2001,3211.7593,5728435.0,9.29800033569336,73.327844631617,47.211,8.69258793903992
PNG,2002,3100.7952,5924003.0,11.798999786376953,72.7073792134938,47.304,1.42375015063624
PNG,2003,3064.444,6123997.0,14.708999633789062,72.0371751055006,47.39,7.40623929990042
PNG,2004,3046.333,6328041.0,2.1589999198913574,71.3086839526359,47.452,15.5530804394784
PNG,2005,3136.5857,6535905.0,1.781000018119812,70.5944059046986,47.461,-0.635761691143574
PNG,2006,3202.4873,6747720.0,2.368000030517578,69.9319740225988,47.468,-31.1172422998082
PNG,2007,3345.8503,6963345.0,0.9110000133514404,69.2716381875149,47.434,6.79238387592348
PNG,2008,3233.9182,7183002.0,10.767000198364258,68.5909294678462,47.504,-2.21086723553132
PNG,2009,3349.6436,7406438.0,6.913000106811523,67.9026023134093,47.471,15.7415559435154
PNG,2010,3579.1714,7633523.0,5.1020002365112305,67.2323873619272,47.375,0.48097331163777
PNG,2011,3514.8328,7859346.0,4.440999984741211,66.5940389141745,47.462,1.81485583975582
PNG,2012,3577.4517,8081390.0,4.5370001792907715,65.9603271074004,47.767,11.4555568045047
PNG,2013,3615.2832,8302698.0,4.960000038146973,65.3208940914198,48.061,6.31649598133552
PNG,2014,3998.6182,8523441.0,5.2220001220703125,64.6770936798606,48.271,3.7353358045613
PNG,2015,4154.5234,8743246.0,5.995999813079834,64.0395867812166,48.55,3.7353358045613
PNG,2016,4275.7485,8961718.0,6.694915294647217,63.4039488403005,48.847,3.7353358045613
PNG,2017,4322.2227,9178714.0,5.428205,62.747368992176,49.117,3.7353358045613
PNG,2018,4211.1455,9394513.0,4.73,62.0835728625426,49.486,3.7353358045613
PNG,2019,4301.6113,9609010.0,3.681999921798706,61.4277597667137,49.783,3.7353358045613
PNG,2020,4077.6313,9815746.0,3.374000072479248,60.7966355025057,49.523,3.7353358045613
PNG,2021,3976.9038,10012896.0,4.485,60.2004502555026,50.106,3.7353358045613
PNG,2022,4125.493,10203169.0,5.262323664606126,59.6478729772873,50.591,3.7353358045613
PNG,2023,4205.8477,10389635.0,2.299,59.1154128064381,50.585,3.7353358045613
PNG,2024,4288.5283,10576502.0,0.602403921107925,58.5895021011812,50.596,3.7353358045613
POL,1990,12821.464,38110782.0,567.8788452148438,54.0315528240809,50.969,
POL,1991,11879.754,38246193.0,76.76950073242188,53.6751792573387,52.986,
POL,1992,12141.235,38363667.0,46.09857177734375,53.1887384775525,52.715,
POL,1993,12563.1045,38461408.0,36.96415710449219,52.6595648829808,51.727,
POL,1994,13200.161,38542652.0,32.99127960205078,52.0799767263411,50.891,
POL,1995,14227.566,38594998.0,27.95138931274414,51.4084299288673,50.653,
POL,1996,15083.098,38624370.0,19.794965744018555,50.6519973757847,50.725,
POL,1997,16031.721,38649660.0,14.913159370422363,49.7461925000558,50.942,
POL,1998,16766.648,38663481.0,11.59785270690918,48.5986708188556,51.105,
POL,1999,17556.002,38660271.0,7.154071807861328,47.4582116617726,49.229,
POL,2000,18566.355,38258629.0,9.900171279907227,46.3835221191094,47.203,
POL,2001,18800.602,38248076.0,5.408337593078613,45.35587779018,45.869,
POL,2002,19166.914,38230364.0,1.9052879810333252,44.4836130007559,44.185,
POL,2003,19855.63,38204570.0,0.6827031970024109,43.6609246648372,44.014,
POL,2004,20878.654,38182222.0,3.3826465606689453,42.9286318913617,44.318,
POL,2005,21568.947,38165445.0,2.18379545211792,42.282987328555,45.156,
POL,2006,22921.197,38141267.0,1.284690499305725,41.6701569210444,46.718,
POL,2007,24484.066,38120560.0,2.4587502479553223,41.1182419857251,48.851,
POL,2008,25553.906,38125759.0,4.164969444274902,40.7089419389074,50.724,
POL,2009,26204.41,38151603.0,3.7953879833221436,40.2461435125724,50.76,
POL,2010,27112.133,38042794.0,2.5806992053985596,40.1427258410617,50.782,
POL,2011,28521.662,38063255.0,4.239399433135986,40.6038867481198,50.996,
POL,2012,28952.916,38063164.0,3.560366630554199,41.1812976961914,51.071,
POL,2013,29168.625,38040196.0,0.9919866919517517,41.9187994358197,50.89,
POL,2014,30334.879,38011735.0,0.05382246524095535,42.8060356896606,51.954,
POL,2015,31700.37,37986412.0,-0.8741275668144226,43.8362521585049,52.81,
POL,2016,32675.305,37970087.0,-0.664764404296875,45.0280416831877,53.788,
POL,2017,34354.598,37974826.0,1.975,46.3552256954314,54.761,
POL,2018,36500.41,37974750.0,1.81,47.7612534407976,55.327,
POL,2019,38181.62,37965475.0,2.308000087738037,49.2108489415536,55.593,
POL,2020,37852.8,37515748.0,3.374469726185441,50.5227064080951,55.586,
POL,2021,41059.586,36981559.0,5.1,51.5090347483071,56.78,
POL,2022,43405.023,36821749.0,14.3,52.306617945756,57.289,
POL,2023,43672.766,36687353.0,11.472,53.040171083641,57.605,
POL,2024,45153.043,36559233.0,3.784255331949566,53.7259735061021,57.009,
PRI,1990,26738.814,3537000.0,4.368000030517578,57.6564328905997,39.488,
PRI,1991,27162.15,3562110.0,2.23799991607666,57.2212509605339,38.255,
PRI,1992,28219.115,3585176.0,1.4859999418258667,56.800568215614,37.855,
PRI,1993,29282.111,3615497.0,0.9670000076293945,56.3849039889754,39.152,
PRI,1994,30225.781,3649237.0,1.437999963760376,55.9446344897728,39.805,
PRI,1995,31310.18,3683103.0,1.9149999618530273,55.5050543006944,39.678,
PRI,1996,31677.23,3724655.0,3.312000036239624,55.1647773002751,40.486,
PRI,1997,32915.79,3759430.0,1.8860000371932983,54.9063519173598,41.117,
PRI,1998,34537.184,3781101.0,0.05900000035762787,54.7067483236799,41.15,
PRI,1999,36216.84,3800081.0,0.6710000038146973,54.5297394277479,41.74,
PRI,2000,37298.547,3810605.0,3.0769999027252197,54.4369863557776,41.309,
PRI,2001,39568.555,3818774.0,0.5830000042915344,54.4795240826755,40.818,
PRI,2002,39879.73,3823701.0,0.1899999976158142,54.5935114989907,40.684,
PRI,2003,39876.066,3826095.0,1.3880000114440918,54.722311412047,41.208,
PRI,2004,43355.824,3826878.0,2.5360000133514404,54.8311530049206,41.858,
PRI,2005,42555.707,3821362.0,5.611000061035156,54.9320163666705,42.286,
PRI,2006,42133.97,3805214.0,5.184000015258789,55.0610001340662,42.03,
PRI,2007,41888.625,3782995.0,4.228000164031982,55.2275607041916,41.088,
PRI,2008,41358.07,3760866.0,5.210000038146973,55.3968338574703,39.657,
PRI,2009,40772.35,3740410.0,0.27799999713897705,55.5577089110657,36.72,
PRI,2010,40777.688,3724465.0,2.4739999771118164,55.2535122555344,35.154,
PRI,2011,40972.535,3693464.0,2.8989999294281006,54.399541499749,34.142,
PRI,2012,41347.453,3661045.0,1.3459999561309814,53.5909036370517,34.112,
PRI,2013,41556.785,3631427.0,1.0609999895095825,53.0622119883651,33.678,
PRI,2014,41593.68,3585017.0,0.5659999847412109,52.830179831457,32.97,
PRI,2015,41737.605,3535167.0,-0.7509999871253967,52.8564868623137,33.459,
PRI,2016,41858.26,3480432.0,-0.2939999997615814,53.0953758178919,33.653,
PRI,2017,41479.996,3410837.0,1.752,54.357888467815,34.107,
PRI,2018,41119.31,3290690.0,1.27,55.496940093307,35.032,
PRI,2019,41656.33,3302691.0,0.10499999672174454,55.5573505958644,35.388,
PRI,2020,40171.387,3281590.0,-1.301,55.8409672655089,35.76,
PRI,2021,40559.477,3262711.0,2.41,56.3280871183446,38.029,
PRI,2022,42310.957,3220137.0,4.318,56.6985030090185,39.319,
PRI,2023,42837.9,3203792.0,3.478,56.8593197817144,39.722,
PRI,2024,44205.75,3203295.0,1.593,57.102662014672,40.212,
PRT,1990,27190.572,9983218.0,13.63057804107666,51.49836395052,55.0175,
PRT,1991,28443.795,9960235.0,11.849481582641602,50.5349229002801,58.589,
PRT,1992,28776.047,9952494.0,9.5592622756958,49.7881968786243,56.606,
PRT,1993,28153.615,9964675.0,6.7837815284729,49.3315230137625,55.45,
PRT,1994,28348.865,9991525.0,5.42043924331665,48.9785715329449,54.581,
PRT,1995,29460.814,10026176.0,4.222808361053467,48.6487816825691,54.145,
PRT,1996,30378.756,10063945.0,3.068981885910034,48.3981421229632,54.23,
PRT,1997,31574.402,10108977.0,2.3368639945983887,48.2512501440866,55.258,
PRT,1998,32925.664,10160196.0,2.572751045227051,48.1872210239773,57.758,
PRT,1999,34018.965,10217828.0,2.3400990962982178,48.1636201837127,57.868,
PRT,2000,35069.83,10289898.0,2.853031873703003,48.187116261373,58.484,
PRT,2001,35500.227,10362722.0,4.369902610778809,48.3793384190982,59.097,
PRT,2002,35578.52,10419631.0,3.600341558456421,48.7003669975105,59.227,
PRT,2003,35115.38,10458821.0,3.2189927101135254,49.0173222956897,58.182,
PRT,2004,35658.13,10483861.0,2.3653643131256104,49.373496396338,57.618,
PRT,2005,35870.31,10503330.0,2.2771568298339844,49.6803556531447,57.154,
PRT,2006,36387.535,10522288.0,3.107668399810791,49.8485818819196,57.301,
PRT,2007,37226.47,10542964.0,2.453965663909912,49.9501563011353,57.226,
PRT,2008,37291.504,10558177.0,2.5885086059570312,50.1334939963251,57.319,
PRT,2009,36092.812,10568247.0,-0.8355274796485901,50.4568268189575,55.522,
PRT,2010,36703.113,10573100.0,1.4025702476501465,50.8405935299935,54.609,
PRT,2011,36127.297,10557560.0,3.653007745742798,51.3181626645034,52.784,
PRT,2012,34804.633,10514844.0,2.7733371257781982,51.847563868264,50.803,
PRT,2013,34651.773,10457295.0,0.2744220495223999,52.4520220427443,49.638,
PRT,2014,35097.41,10401062.0,-0.2781588137149811,53.0684518514169,50.619,
PRT,2015,35803.36,10358076.0,0.4879421293735504,53.5461746188761,51.291,
PRT,2016,36636.297,10325452.0,0.6073989868164062,54.1064166804349,51.955,
PRT,2017,37943.113,10300300.0,1.556,54.7787059554707,53.654,
PRT,2018,39123.613,10283822.0,0.99,55.4000956836287,54.846,
PRT,2019,40188.285,10286263.0,0.30000001192092896,56.0597690902446,55.189,
PRT,2020,36852.23,10297081.0,-0.012438329957616758,56.7408062962516,53.643,
PRT,2021,38657.668,10361831.0,1.265657,57.3226204831259,53.016,
PRT,2022,41070.86,10434332.0,7.832691,57.9534940611134,54.238,
PRT,2023,41768.254,10578174.0,5.264,58.7431554582857,54.75,
PRT,2024,42197.203,10694681.0,2.416101680515201,59.5712560251323,54.644,
PRY,1990,9962.48,4035747.0,38.16254425048828,82.7567936942236,65.85249999999999,21.8927380208542
PRY,1991,10040.3125,4144364.0,23.95567512512207,82.8781271111986,65.67,21.8927380208542
PRY,1992,9948.421,4253600.0,15.268220901489258,82.9290582224109,65.663,21.8927380208542
PRY,1993,10178.455,4362696.0,18.43675422668457,82.8274044751613,65.83,21.8927380208542
PRY,1994,10459.09,4471417.0,20.352645874023438,82.4989949410331,66.546,25.2418126932055
PRY,1995,10908.272,4579806.0,13.562164306640625,81.8875244099029,67.662,25.3447323430857
PRY,1996,10825.287,4687543.0,9.620343208312988,80.963298856361,64.264,22.8190778420894
PRY,1997,11033.016,4794412.0,6.993948936462402,79.7754612209207,66.398,27.7546785687275
PRY,1998,10802.56,4900025.0,11.59648323059082,78.4083002399761,66.855,16.3214523776525
PRY,1999,10435.398,5003135.0,6.702338218688965,76.920193570859,65.875,21.8927380208542
PRY,2000,9998.593,5100868.0,9.026123046875,75.3709927233408,63.893,14.2035386384804
PRY,2001,9749.259,5187689.0,7.262164115905762,73.8518323898482,64.621,16.4268997545601
PRY,2002,9610.748,5261328.0,10.494245529174805,72.4154451799927,62.291,22.6570046799308
PRY,2003,9903.45,5326436.0,14.21568489074707,70.7961250474172,62.992,37.0207819032744
PRY,2004,10187.194,5388175.0,4.291845798492432,68.9951357452936,66.724,24.0813135946872
PRY,2005,10290.101,5448097.0,6.858716011047363,67.2726814974197,66.888,19.134850825752
PRY,2006,10672.993,5505148.0,9.515401840209961,65.6362593147206,63.508,23.8660041047369
PRY,2007,11141.87,5559386.0,8.190475463867188,64.0858464459094,65.573,14.4583502460761
PRY,2008,11751.14,5613574.0,10.170636177062988,62.6578348407997,66.243,15.6831246484358
PRY,2009,11601.285,5671236.0,2.5937390327453613,61.3466407240638,65.821,27.9872353879995
PRY,2010,12738.576,5737971.0,4.672896862030029,60.0854500313449,64.643,24.301762401239
PRY,2011,13109.467,5814626.0,8.241758346557617,58.8837421038049,64.745,11.7058473871612
PRY,2012,12834.802,5897008.0,3.6801950931549072,57.8075986249322,68.365,11.7942698365486
PRY,2013,13700.703,5982445.0,2.672379970550537,56.8858508247695,66.803,14.3120851574043
PRY,2014,14219.3545,6069811.0,4.997018814086914,56.1352116443968,64.534,17.8199443895401
PRY,2015,14427.601,6159103.0,3.1318070888519287,55.5597734558191,64.831,17.8199443895401
PRY,2016,14826.664,6249126.0,4.0825629234313965,55.1509755644003,66.289,17.8199443895401
PRY,2017,15320.337,6338660.0,3.603,54.889974325347,66.679,17.8199443895401
PRY,2018,15592.984,6427382.0,3.96,54.73685224195,67.4,17.8199443895401
PRY,2019,15321.324,6515058.0,2.756999969482422,54.6312782944239,67.617,17.8199443895401
PRY,2020,14991.66,6603739.0,1.767515923567255,54.5220192083825,64.824,17.8199443895401
PRY,2021,15406.167,6684182.0,4.78798310123612,54.3435648184816,66.661,17.8199443895401
PRY,2022,15259.1455,6760464.0,9.76556667164399,54.219471606521,65.812,17.8199443895401
PRY,2023,15826.088,6844146.0,4.632,54.2026658651783,66.652,17.8199443895401
PRY,2024,16296.283,6929153.0,3.83540271728534,54.1439537929832,66.275,17.8199443895401
PSE,1994,3966.6887,2366298.0,2.798199,104.029198540418,35.964,2.63940419367075
PSE,1995,4062.963,2474666.0,2.798199,103.540352900245,35.976,2.63940419367075
PSE,1996,3932.227,2587997.0,2.798199,102.913792116618,35.997,2.63940419367075
PSE,1997,4311.5386,2706518.0,7.087006,102.10595015674,36.026,2.63940419367075
PSE,1998,4805.1914,2776568.0,5.579645,101.1508750374,35.976,2.63940419367075
PSE,1999,5071.8213,2848431.0,5.544392,100.082676150424,35.964,2.63940419367075
PSE,2000,4520.89,2922153.0,2.798199,98.9265882484286,35.977,2.63940419367075
PSE,2001,3996.5088,2997784.0,1.222785,97.685306998021,28.754,2.63940419367075
PSE,2002,3409.1729,3075373.0,5.709516,96.2675398821517,26.045,2.63940419367075
PSE,2003,3788.9265,3154969.0,4.403032,94.6180636947076,29.843,2.63940419367075
PSE,2004,4503.0806,3236626.0,3.004175,92.7882776900855,29.349,12.756366559712
PSE,2005,4885.0728,3320396.0,4.107251,90.8092101558127,30.907,7.27469046188473
PSE,2006,4714.3735,3406334.0,3.842341,88.7273345792031,31.285,2.21492338698343
PSE,2007,4769.5234,3494496.0,1.859744,86.607797966723,32.621,3.06123766662527
PSE,2008,4984.8057,3591977.0,9.889997,84.5417587368882,30.354,-8.39329411334679
PSE,2009,5270.663,3689099.0,2.753935,82.6809354359812,31.445,4.25610648353702
PSE,2010,5432.2437,3786161.0,3.749157,81.1510015511531,31.431,-6.06253496194225
PSE,2011,5805.3213,3882986.0,2.877244,79.9072985267286,34.083,1.29651407870956
PSE,2012,6009.1094,3979998.0,2.779088,78.8657836325142,33.675,3.98603685527007
PSE,2013,6142.202,4076708.0,1.724399,77.9372989223921,33.485,1.68103260351344
PSE,2014,5990.427,4173398.0,1.730911,77.1079372691143,33.473,2.63940419367075
PSE,2015,6072.6504,4270092.0,1.433679,76.4598535621394,33.852,2.63940419367075
PSE,2016,6464.1333,4367088.0,-0.2191066,75.9242787531905,33.291,2.63940419367075
PSE,2017,6426.7954,4454805.0,0.2123957,75.6896464008083,32.705,2.63940419367075
PSE,2018,6342.9375,4569087.0,-0.195,75.6773580843112,32.043,2.63940419367075
PSE,2019,6269.891,4685306.0,1.58,75.5232104451405,33.052,2.63940419367075
PSE,2020,5423.6826,4803269.0,-0.7354,75.0766806037347,30.336,2.63940419367075
PSE,2021,5663.1216,4922749.0,1.24,74.3888286268739,31.922,2.63940419367075
PSE,2022,5753.084,5043612.0,3.7069911346888604,73.58927215619,34.004,2.63940419367075
PSE,2023,5361.131,5165775.0,4.63202285403356,72.928715183441,34.004,2.63940419367075
PSE,2024,3845.503,5289152.0,4.63202285403356,72.0721491548406,34.004,2.63940419367075
QAT,1990,71584.375,440175.0,3.01200008392334,38.9875624011291,85.3555,-0.184816347670907
QAT,1991,68122.87,454853.0,4.377999782562256,38.6606266423602,83.115,15.1404307047691
QAT,1992,73450.95,469657.0,3.0910000801086426,38.3415171536212,82.792,8.36965853952531
QAT,1993,70250.695,484545.0,-0.8569999933242798,38.0584150827276,82.956,13.0154977913789
QAT,1994,69119.88,499459.0,1.5119999647140503,37.8057427911609,83.041,7.14528325737822
QAT,1995,68732.47,514325.0,2.9790000915527344,37.5633553812289,83.107,2.25230566648883
QAT,1996,69746.15,529019.0,7.025000095367432,37.2823737320002,83.109,2.25230566648883
QAT,1997,87140.04,550500.0,2.703000068664551,36.5307969891246,82.191,2.25230566648883
QAT,1998,91901.07,580540.0,2.819999933242798,35.2744210756877,81.887,2.25230566648883
QAT,1999,90837.375,612500.0,2.194000005722046,33.9802299866348,81.945,2.25230566648883
QAT,2000,93186.97,644989.0,1.6100000143051147,32.8367830295541,81.916,2.25230566648883
QAT,2001,92115.734,677925.0,1.5850000381469727,31.8920233463035,82.12,2.25230566648883
QAT,2002,94111.59,711205.0,0.17299999296665192,31.1259755560185,82.222,2.25230566648883
QAT,2003,93224.36,744682.0,2.249000072479248,30.4649162302839,82.493,2.25230566648883
QAT,2004,107023.58,773332.0,6.76800012588501,30.4796485142167,81.658,-6.11969021542947
QAT,2005,107784.414,825408.0,8.875,31.0339900844394,81.844,-18.3013168722464
QAT,2006,115383.63,972831.0,11.789999961853027,27.0842232733857,83.018,-1.09043553056942
QAT,2007,109579.68,1208595.0,13.67199993133545,21.1224568538297,84.884,-3.19143165809332
QAT,2008,109206.3,1426938.0,15.119999885559082,18.435488034342,85.827,-13.0638363628401
QAT,2009,108435.75,1608903.0,-4.875999927520752,17.5524670701733,86.224,41.2529481378795
QAT,2010,129044.71,1616832.0,-2.433337450027466,17.3027574453637,86.169,1.48559796210682
QAT,2011,145590.77,1624761.0,1.9133319854736328,17.7762458572907,85.971,-11.8741237559613
QAT,2012,143830.56,1722438.0,1.862538456916809,18.3782591274813,85.856,-0.892305470429071
QAT,2013,136453.94,1916426.0,3.0992984771728516,18.6697215040946,86.054,4.31210615933431
QAT,2014,128013.945,2151745.0,3.3236660957336426,18.2924831391245,86.574,6.54371044408067
QAT,2015,123070.82,2344557.0,1.860844612121582,17.6464950526448,87.125,6.54371044408067
QAT,2016,120054.24,2477113.0,2.6812829971313477,17.3550598474027,87.344,6.54371044408067
QAT,2017,115064.836,2545820.0,0.395,17.4530719656234,87.375,6.54371044408067
QAT,2018,114909.79,2580734.0,0.22,17.784456417313,87.407,6.54371044408067
QAT,2019,113160.836,2638657.0,-0.5519999861717224,18.6630569940031,87.345,6.54371044408067
QAT,2020,103061.9,2794148.0,-2.5403150300474184,19.968510996034,86.983,6.54371044408067
QAT,2021,116832.66,2504910.0,2.30446565742003,20.2600013826796,86.243,6.54371044408067
QAT,2022,114740.164,2657333.0,4.99527553740761,19.960355294568,87.461,6.54371044408067
QAT,2023,116563.99,2656032.0,3.086,20.0951254427778,87.437,6.54371044408067
QAT,2024,110889.79,2857822.0,1.26734310292379,20.1151630671203,87.106,6.54371044408067
ROU,1990,16316.912,23201835.0,127.9000015258789,51.2177047842213,47.3255,6.70883592304102
ROU,1991,14333.03,23001155.0,161.12100219726562,50.5500429373324,46.162,6.70883592304102
ROU,1992,13195.097,22794284.0,209.23736572265625,49.809172157925,46.512,6.70883592304102
ROU,1993,13415.074,22763280.0,256.8252868652344,49.1939574929274,46.573,-43.0507103466055
ROU,1994,13962.832,22730211.0,136.42556762695312,48.6728374369512,46.508,-20.3459037669125
ROU,1995,14863.247,22684270.0,32.1763916015625,48.1985280018648,46.346,4.71272825916806
ROU,1996,15488.622,22619004.0,38.87174987792969,47.7772912629072,46.874,7.72977283272316
ROU,1997,14780.059,22553978.0,154.7575225830078,47.5790604516588,47.794,-26.6906716511495
ROU,1998,14510.054,22507344.0,59.01335144042969,47.6885523271894,47.98,4.84839516944536
ROU,1999,14478.109,22472040.0,45.856895446777344,47.6479847716283,47.844,10.7804562206084
ROU,2000,14853.668,22442971.0,45.62654495239258,47.3028700041796,47.508,7.45156589527913
ROU,2001,15848.37,22131970.0,34.42864227294922,46.8137486101034,47.553,5.39568237207382
ROU,2002,17061.7,21730496.0,22.5058536529541,46.2023543760568,46.602,10.357989375454
ROU,2003,17587.535,21574326.0,15.380770683288574,45.5990821741001,47.196,1.85276834167124
ROU,2004,19532.56,21451748.0,11.862900733947754,45.0713374974319,46.668,8.79629617167316
ROU,2005,20571.012,21319685.0,9.002758026123047,44.7235013938328,46.904,6.77979401796877
ROU,2006,22354.656,21193760.0,6.596811771392822,44.6924990146748,46.9,3.05143448896311
ROU,2007,24328.494,20882982.0,4.839087009429932,44.8659733655323,47.455,-2.13087077084906
ROU,2008,27039.713,20537875.0,7.846322536468506,45.1708039916349,48.018,-0.884850923821751
ROU,2009,25761.738,20367487.0,5.582868576049805,45.6558486393944,43.969,12.6652151658549
ROU,2010,24903.008,20246871.0,6.117902755737305,46.1712166992167,46.762,7.68453304401845
ROU,2011,26150.855,20147528.0,5.787102222442627,46.6849893722241,46.325,7.83299754096995
ROU,2012,26767.566,20058035.0,3.337636947631836,47.0859211857548,46.642,7.24295337975638
ROU,2013,26942.043,19983693.0,3.991640567779541,47.3962302449571,46.527,9.00236757143017
ROU,2014,28156.248,19908979.0,1.0703725814819336,48.0460231839618,47.081,6.63787782811327
ROU,2015,29182.0,19815616.0,-0.6025386452674866,48.9572601796888,47.749,6.63787782811327
ROU,2016,30189.273,19702267.0,-1.552147626876831,49.8906722812143,47.931,6.63787782811327
ROU,2017,32852.773,19588715.0,1.344,50.9128670248701,49.283,6.63787782811327
ROU,2018,34829.04,19473970.0,4.64,51.9746076994291,49.664,6.63787782811327
ROU,2019,36399.625,19371648.0,3.825000047683716,53.0183319640266,49.985,6.63787782811327
ROU,2020,35283.754,19265250.0,2.6310731118474293,54.1194231232454,49.38,6.63787782811327
ROU,2021,37534.156,19122059.0,5.0462755023424695,54.8586318110313,49.534,6.63787782811327
ROU,2022,39256.99,19048502.0,13.795488743252,55.1136103150113,49.682,6.63787782811327
ROU,2023,40116.855,19061062.0,10.397,55.3509300976065,48.847,6.63787782811327
ROU,2024,40504.0,19051804.0,5.72140574354435,55.5131705543589,48.683,6.63787782811327
RUS,1990,29643.596,147969406.0,5.599989891052246,49.0447864912524,58.4855,-1.77762720615591
RUS,1991,28066.922,148394216.0,92.69999694824219,49.4146959612107,63.442,-1.77762720615591
RUS,1992,23965.244,148538197.0,1592.483642578125,49.7222620342946,62.451,-1.77762720615591
RUS,1993,21899.518,148458777.0,874.2457885742188,49.8018237528378,60.084,-1.77762720615591
RUS,1994,19153.363,148407912.0,307.7226257324219,49.6730171908853,56.844,-1.77762720615591
RUS,1995,18363.713,148375787.0,197.41427612304688,49.3617913978232,55.61,-1.77762720615591
RUS,1996,17699.87,148160129.0,47.752010345458984,48.929552191967,54.55,-1.77762720615591
RUS,1997,17977.352,147915361.0,14.761319160461426,48.1911076034732,52.07,14.7604587981811
RUS,1998,17052.756,147670784.0,27.685688018798828,46.8046745891395,50.408,19.6160805566126
RUS,1999,18200.32,147214776.0,85.74649047851562,45.0653585397066,53.268,-18.9515529417949
RUS,2000,20104.75,146596869.0,20.798765182495117,43.5652823296039,54.789,-9.63311144269675
RUS,2001,21219.904,145976482.0,21.47700309753418,42.3668405184076,54.567,1.2265785072243
RUS,2002,22319.678,145306497.0,15.78873348236084,41.5231777036921,55.546,0.0329353853463892
RUS,2003,24057.928,144648618.0,13.66329288482666,41.1118911605145,55.057,-0.60017068040332
RUS,2004,25894.146,144067316.0,10.888606071472168,40.933146045048,55.87,-7.32898586198479
RUS,2005,27656.658,143518814.0,12.68531608581543,40.7583002208105,56.574,-7.20668991062191
RUS,2006,30022.672,143049637.0,9.668648719787598,40.542928781967,56.908,-4.07869184018714
RUS,2007,32630.37,142805114.0,9.007296562194824,40.2034276919991,58.303,-3.34492661176016
RUS,2008,34342.227,142742366.0,14.110767364501953,39.6340464969755,58.668,-4.90496208972303
RUS,2009,31654.004,142785348.0,11.647335052490234,39.060138267231,57.458,13.079965285875
RUS,2010,33063.586,142849468.0,6.849390983581543,38.642521135056,58.007,-2.9550837319085
RUS,2011,34444.645,143018195.0,8.440474510192871,38.8324315097642,58.803,-12.8569352915768
RUS,2012,35740.7,143378447.0,5.0747270584106445,39.7122076623378,59.511,0.176416618842598
RUS,2013,36260.066,143805638.0,6.754668235778809,40.7840417932466,59.4,3.93707019254128
RUS,2014,35853.246,144237223.0,7.820171356201172,42.1236258137655,59.562,3.39714683575477
RUS,2015,35037.152,144640716.0,15.534401893615723,43.6560400391556,59.183,3.39714683575477
RUS,2016,35005.45,145015460.0,7.0424346923828125,45.0865219275749,59.357,3.39714683575477
RUS,2017,35570.39,145293260.0,3.683,46.4109081650047,59.222,3.39714683575477
RUS,2018,36536.695,145398106.0,2.88,47.5290734735912,59.403,3.39714683575477
RUS,2019,37319.32,145453291.0,4.46999979019165,48.5943754955694,58.913,3.39714683575477
RUS,2020,36376.336,145245148.0,3.3816593723791546,49.5678005245706,57.939,3.39714683575477
RUS,2021,38638.43,144746762.0,6.694456,50.271723309629,59.024,3.39714683575477
RUS,2022,38214.496,144236933.0,11.531440913630917,50.9772520257906,59.541,3.39714683575477
RUS,2023,39887.34,143826130.0,5.859,51.7902694468508,60.224,3.39714683575477
RUS,2024,41704.71,143533851.0,8.444,52.5688404175722,60.322,3.39714683575477
RWA,1990,1122.9913,7375307.0,4.202000141143799,105.194644406223,54.074,8.93689763112299
RWA,1991,1072.6971,7526966.0,19.600000381469727,105.117747711388,55.07,8.93689763112299
RWA,1992,1112.5903,7683266.0,9.5,104.213406918138,55.153,8.93689763112299
RWA,1993,984.2175,7981132.0,12.468000411987305,103.027685181793,55.058,8.93689763112299
RWA,1994,575.36755,6792352.0,20.996000289916992,109.354280830309,55.413,8.93689763112299
RWA,1995,931.3678,5674118.0,55.96699905395508,118.450901928596,56.152,8.93689763112299
RWA,1996,888.131,6708764.0,13.192999839782715,113.974193980509,56.197,6.61226466659162
RWA,1997,874.6947,7755238.0,11.755000114440918,109.716570834576,56.234,0.945756224616623
RWA,1998,913.7196,8081681.0,6.461999893188477,104.607444288348,55.823,13.1944668235963
RWA,1999,945.7332,8147912.0,-2.4189999103546143,99.2180096177262,55.271,4.6941833204236
RWA,2000,1016.662,8213931.0,3.9079999923706055,94.4536679586952,54.854,12.7898510202833
RWA,2001,1093.1841,8287094.0,3.3589999675750732,90.5238507314175,54.535,16.8127610440375
RWA,2002,1220.7395,8400180.0,1.9809999465942383,87.757384184102,54.494,22.6248575445037
RWA,2003,1220.4991,8586875.0,7.445000171661377,85.9880720700817,54.209,-3.62974030697583
RWA,2004,1277.1927,8816844.0,11.979999542236328,84.8000186123761,54.088,4.40397445771242
RWA,2005,1360.2959,9054528.0,9.121999740600586,84.0730589597124,53.938,6.18940676674981
RWA,2006,1446.7109,9299246.0,8.831000328063965,83.7018005421421,54.058,13.0821982389837
RWA,2007,1516.2675,9549933.0,9.081000328063965,83.5241260971409,54.042,2.71226575600117
RWA,2008,1641.7777,9804269.0,15.4399995803833,83.3333364498896,54.06,1.57061665663763
RWA,2009,1699.9446,10060432.0,10.347000122070312,82.9429082669906,53.959,8.93689763112299
RWA,2010,1779.1586,10317553.0,2.305999994277954,82.3172684092226,53.899,13.3869922357649
RWA,2011,1874.215,10573733.0,5.668000221252441,81.5730315854728,53.765,8.84027616090931
RWA,2012,1988.0122,10829901.0,6.285999774932861,80.8360311488319,53.752,11.4386055799392
RWA,2013,2032.4048,11093340.0,4.2230000495910645,80.1580788750867,53.631,14.2462823994154
RWA,2014,2106.2146,11364757.0,1.784000039100647,79.5357562621641,53.528,11.9607651018481
RWA,2015,2238.5393,11640022.0,2.506999969482422,78.9223819506378,53.466,11.9607651018481
RWA,2016,2316.6372,11919183.0,5.7230000495910645,78.2448735010216,53.418,11.9607651018481
RWA,2017,2351.597,12202060.0,4.837,77.4819533507808,53.281,11.9607651018481
RWA,2018,2493.44,12487996.0,1.36,76.5839285100698,53.882,11.9607651018481
RWA,2019,2667.4646,12776103.0,2.4260001182556152,75.4998497905928,51.883,11.9607651018481
RWA,2020,2520.3174,13065837.0,9.850399022742756,74.3140418599029,55.248,11.9607651018481
RWA,2021,2733.4355,13355260.0,-0.391346748300792,73.147975044359,49.017,11.9607651018481
RWA,2022,2892.4597,13651030.0,17.6892095588154,72.0525122623854,51.089,11.9607651018481
RWA,2023,3062.999,13954471.0,14.029,71.0958025684348,55.8,11.9607651018481
RWA,2024,3264.6445,14256567.0,1.77029240198633,70.3196484501421,56.323,11.9607651018481
SAU,1990,65196.574,10640691.0,2.070732831954956,81.659956725403,47.456500000000005,
SAU,1991,67268.555,11160744.0,4.940054416656494,80.8955287745728,47.511,
SAU,1992,67183.91,11686676.0,-0.03766235336661339,79.9698075992884,47.649,
SAU,1993,64517.664,12215862.0,1.0297642946243286,78.9060013716869,47.402,
SAU,1994,62403.695,12750040.0,0.5717920660972595,77.68461094439,47.155,
SAU,1995,60058.316,13289245.0,4.8201704025268555,76.3045787533882,46.937,
SAU,1996,59612.812,13831009.0,1.222062110900879,74.7919489346494,46.776,
SAU,1997,58875.547,14374943.0,0.05715561658143997,73.1628344224265,46.58,
SAU,1998,58306.62,14922185.0,-0.3712654709815979,71.4489752023652,46.375,
SAU,1999,55878.17,15472075.0,-1.3337655067443848,69.6530999313474,46.125,
SAU,2000,55962.266,16177722.0,-1.1249953508377075,68.1130198702666,46.756,
SAU,2001,53309.113,17041397.0,-1.120938777923584,66.4398035897849,46.137,
SAU,2002,50371.977,17910910.0,0.2471865564584732,64.0534792635866,45.45,
SAU,2003,52234.65,18786767.0,0.6121941208839417,61.1899443751802,45.227,
SAU,2004,54196.55,19669480.0,0.5155009627342224,58.0839366721672,45.123,
SAU,2005,54931.793,20559890.0,0.4792376458644867,54.94563722827,45.151,
SAU,2006,54373.74,21459144.0,2.2090210914611816,51.9448835829891,45.323,
SAU,2007,53318.418,22368313.0,4.167823314666748,49.2042186155406,45.859,
SAU,2008,54407.707,23287877.0,9.870246887207031,46.7802589341483,46.636,
SAU,2009,51760.766,24217654.0,5.0572190284729,44.6825678374265,46.916,
SAU,2010,54911.547,23978487.0,5.339423656463623,42.9005614534727,48.572,
SAU,2011,58645.445,25091867.0,5.826210021972656,41.4089493877037,50.291,
SAU,2012,59471.7,26168861.0,2.866274356842041,40.1703328400109,52.28,
SAU,2013,57998.465,27624004.0,3.511037826538086,39.1407285565451,53.951,
SAU,2014,58872.266,28309273.0,2.2418572902679443,38.2815919272348,54.976,
SAU,2015,58498.54,29816382.0,1.2226930856704712,37.5454186766442,56.403,
SAU,2016,57308.45,30954198.0,2.0534744262695312,37.2291095685902,57.286,
SAU,2017,57942.547,30977355.0,-0.852,37.8285364491946,55.515,
SAU,2018,61359.465,30196281.0,2.47,38.9722820162999,55.835,
SAU,2019,62647.73,30063799.0,-2.0910000801086426,39.2782204735528,57.753,
SAU,2020,57420.734,31552510.0,3.4454582595669416,38.9149758727624,57.633,
SAU,2021,62690.496,30784383.0,3.06329,38.552207752274,59.306,
SAU,2022,67178.59,32175224.0,2.474074,37.6406020466918,60.235,
SAU,2023,64481.844,33702731.0,2.327,36.8306261402051,62.718,
SAU,2024,62792.773,35300280.0,1.68784921246038,36.5549841438871,62.907,
SDN,1990,2460.1887,22021481.0,-0.8740000128746033,96.0705022788768,41.601,
SDN,1991,2591.8691,22470676.0,123.5780029296875,96.5633070979791,42.426,
SDN,1992,2709.79,22927355.0,117.6240005493164,97.032966825205,42.596,
SDN,1993,2777.275,23445592.0,101.30500030517578,97.320564643219,42.89,
SDN,1994,2736.472,24043948.0,115.47799682617188,97.3393923978864,43.088,
SDN,1995,2824.632,24672143.0,68.375,97.1487668684596,43.365,
SDN,1996,2924.2908,25231528.0,86.76399993896484,96.9570841438229,43.694,
SDN,1997,3380.1868,25799821.0,47.16899871826172,96.6649734050703,43.687,
SDN,1998,3441.1792,26458999.0,24.621999740600586,96.1765697444099,43.477,
SDN,1999,3459.23,27130613.0,17.166000366210938,95.6801393690024,43.237,
SDN,2000,3575.852,27816745.0,7.120999813079834,95.1517633344521,42.91,
SDN,2001,3701.5488,28516770.0,1.934999942779541,94.5892398518607,42.691,
SDN,2002,3814.3132,29228727.0,22.225000381469727,94.0589737929295,42.473,
SDN,2003,3946.9226,29896035.0,6.488999843597412,93.6700179262459,42.235,
SDN,2004,4041.0571,30556637.0,9.657999992370605,93.2628651590167,41.981,
SDN,2005,4152.3228,31262444.0,8.505999565124512,92.7382924648302,41.724,
SDN,2006,4299.974,31992435.0,7.198999881744385,92.1484245869754,41.478,
SDN,2007,4415.785,32764135.0,14.753999710083008,91.4461428178601,41.228,
SDN,2008,4446.4097,33623980.0,14.29699993133545,90.6222785895462,40.919,
SDN,2009,4188.0547,34569113.0,11.256999969482422,89.7634302379454,42.363,
SDN,2010,4219.837,35414399.0,12.977999687194824,89.3924674265098,41.348,
SDN,2011,4467.626,36140806.0,18.097000122070312,89.4248468701466,40.278,
SDN,2012,4145.9316,36923178.0,35.558998107910156,89.1843321717158,39.716,
SDN,2013,4130.486,37785849.0,36.52199935913086,88.6212641998145,39.189,
SDN,2014,4207.5005,38823318.0,36.90700149536133,87.4735853605784,38.67,
SDN,2015,4159.1943,40024431.0,16.90999984741211,85.9877638060761,38.192,
SDN,2016,4174.561,41259892.0,17.75,84.6398651758502,37.572,
SDN,2017,4061.0183,42714306.0,32.352,82.9096453636308,36.896,
SDN,2018,3816.66,44230596.0,63.29,81.3342577442889,36.247,
SDN,2019,3625.5232,45548175.0,50.99399948120117,80.4985049329979,35.65,
SDN,2020,3401.2498,46789231.0,17087.72307496353,79.9333278187227,34.428,
SDN,2021,3248.9756,48066924.0,359.0910059588699,79.3162930043441,34.101,
SDN,2022,3132.0771,49383346.0,138.808460241759,78.6892450691913,34.698,
SDN,2023,2181.079,50042791.0,77.249,78.129580689837,34.698,
SDN,2024,1861.398,50448963.0,176.779,77.8507021774661,34.698,
SEN,1990,2923.3442,7720523.0,0.32499998807907104,98.476334585809,48.856,2.01129228302536
SEN,1991,2917.0142,7943085.0,-1.753999948501587,97.5816100577241,49.606,2.01129228302536
SEN,1992,2874.003,8168395.0,-0.007000000216066837,96.561447515716,49.485,2.01129228302536
SEN,1993,2834.028,8396288.0,-0.7440000176429749,95.4827707032692,49.42,2.01129228302536
SEN,1994,2757.8608,8624078.0,32.104000091552734,94.4120565043252,49.293,2.01129228302536
SEN,1995,2835.0327,8848101.0,8.076000213623047,93.3990215186766,49.257,2.01129228302536
SEN,1996,2822.4683,9067014.0,2.8350000381469727,92.4537937557362,49.182,2.01129228302536
SEN,1997,2840.6082,9283495.0,1.784000039100647,91.5860987287436,49.143,2.01129228302536
SEN,1998,2938.6917,9502952.0,0.9890000224113464,90.7765323829859,49.077,2.01129228302536
SEN,1999,3050.178,9730887.0,0.8180000185966492,90.0185685700444,49.06,2.01129228302536
SEN,2000,3093.2878,9968260.0,0.7540000081062317,89.3044099670112,49.009,2.01129228302536
SEN,2001,3149.331,10212942.0,3.052999973297119,88.6170704144299,48.932,2.01129228302536
SEN,2002,3075.2317,10466214.0,2.3980000019073486,87.8104255095416,48.78,2.01129228302536
SEN,2003,3170.035,10721176.0,-0.04800000041723251,87.1442837620044,48.725,2.01129228302536
SEN,2004,3240.302,10975704.0,0.5149999856948853,86.7778117747401,48.684,2.01129228302536
SEN,2005,3301.8208,11235472.0,1.7070000171661377,86.4483699936111,48.693,2.22332732513481
SEN,2006,3301.0315,11500094.0,2.114000082015991,86.1729960381091,48.622,1.79925724091591
SEN,2007,3316.4204,11770344.0,5.86299991607666,85.9870662969999,48.111,-1.72348998541049
SEN,2008,3359.7056,12048959.0,6.335000038146973,85.8979802483688,47.615,-2.9869518860136
SEN,2009,3371.4617,12337389.0,-2.247999906539917,85.9160488245931,47.13,6.78107363941052
SEN,2010,3403.5671,12635413.0,1.2289999723434448,86.0160131954431,46.648,3.45350890101026
SEN,2011,3362.8794,12958897.0,3.4030001163482666,86.1119512712844,46.133,1.34650524218175
SEN,2012,3405.1086,13310495.0,1.4179999828338623,86.1926954188229,45.155,1.7090973367486
SEN,2013,3385.426,13710849.0,0.7099999785423279,86.0806462338988,44.155,4.05329219626871
SEN,2014,3484.0122,14152102.0,-1.0829999446868896,85.5824022152232,43.295,6.95969224016425
SEN,2015,3593.7947,14593331.0,0.1289999932050705,84.8018050977194,42.412,6.95969224016425
SEN,2016,3710.0554,15034521.0,0.8379999995231628,83.8342155048284,47.883,6.95969224016425
SEN,2017,3871.4514,15475002.0,1.317,82.6634749255329,44.126,6.95969224016425
SEN,2018,3998.2864,15914498.0,0.46,81.285092700946,46.683,6.95969224016425
SEN,2019,4070.6123,16352922.0,1.0199999809265137,79.7592228578564,49.26,6.95969224016425
SEN,2020,4018.0413,16789219.0,2.5474346457052652,78.1214558387831,48.976,6.95969224016425
SEN,2021,4173.6772,17220867.0,2.180322780881455,76.3835914170458,49.906,6.95969224016425
SEN,2022,4228.734,17651103.0,9.69681899081076,74.5922709423436,50.472,6.95969224016425
SEN,2023,4304.7617,18077573.0,5.947,73.0702280774448,50.437,6.95969224016425
SEN,2024,4460.924,18501984.0,0.804503298792415,71.8215628365833,50.404,6.95969224016425
SGP,1990,45567.79,3047132.0,3.4533374309539795,36.984660810193,63.1195,2.54550361450616
SGP,1991,47251.695,3135083.0,3.440220832824707,36.7071413745528,60.316,3.01429378749089
SGP,1992,48897.81,3230698.0,2.243950128555298,36.5663395700654,60.218,4.50231813395858
SGP,1993,53139.844,3313471.0,2.290911912918091,36.4179105706588,60.535,1.86759885390403
SGP,1994,57213.098,3419048.0,3.0953032970428467,36.1419982535519,61.038,2.33474747945626
SGP,1995,59483.637,3524506.0,1.7247233390808105,35.5898525306159,61.581,3.09459539508003
SGP,1996,61381.754,3670704.0,1.3788772821426392,34.8076329822397,61.933,4.68323720072943
SGP,1997,64291.203,3796038.0,2.023301362991333,34.0437770728819,63.119,5.18129117579026
SGP,1998,60782.195,3927213.0,-0.27105918526649475,33.6131560449939,62.954,8.88863167475906
SGP,1999,63746.48,3958723.0,0.02359217405319214,33.5431357077727,62.099,9.72580242623378
SGP,2000,68314.55,4027887.0,1.3480956554412842,33.4053702798412,62.947,1.89658180389967
SGP,2001,65784.4,4138012.0,1.0146950483322144,33.1856643975603,62.999,7.60067410678851
SGP,2002,67744.27,4175950.0,-0.3917049467563629,33.1413664813315,60.971,6.29924790489969
SGP,2003,71877.53,4114826.0,0.4868992865085602,33.040255189436,60.862,7.23589278336476
SGP,2004,78039.02,4166664.0,1.6736291646957397,32.6647872830213,60.799,1.28941695213109
SGP,2005,81841.16,4265762.0,0.4698479175567627,32.0662807862252,61.553,3.33607855433956
SGP,2006,86463.83,4401365.0,0.9570837616920471,31.1695382893287,63.12,3.40551309237873
SGP,2007,90417.805,4588599.0,2.11191725730896,29.8728951478371,62.943,-0.554042740231563
SGP,2008,87329.59,4839396.0,6.623514175415039,28.6303332765411,63.977,6.85627872280123
SGP,2009,84843.516,4987573.0,0.5942254066467285,27.87340474654,62.669,2.35646709404947
SGP,2010,95456.19,5076732.0,2.822561025619507,27.3410335609054,64.595,4.22538213508497
SGP,2011,99296.76,5183688.0,5.244840621948242,26.9496478674041,64.755,4.16049084438408
SGP,2012,101187.83,5312437.0,4.583718776702881,26.8734686937048,65.416,4.86057756338297
SGP,2013,104359.03,5399162.0,2.3612358570098877,27.0192311085442,65.152,5.83621695317835
SGP,2014,107066.86,5469724.0,1.025614619255066,27.3124316272141,65.992,5.63232355514565
SGP,2015,108953.73,5535002.0,-0.5228123068809509,27.6825611982179,66.895,5.63232355514565
SGP,2016,111579.74,5607283.0,-0.5414760112762451,28.1544000884945,66.419,5.63232355514565
SGP,2017,116471.82,5612253.0,0.576,28.8474686470753,66.047,5.63232355514565
SGP,2018,119927.766,5638676.0,0.45,29.5555499902006,66.103,5.63232355514565
SGP,2019,120114.13,5703569.0,0.5649999976158142,30.1882050728381,66.847,5.63232355514565
SGP,2020,115893.04,5685807.0,-0.18191666666732595,31.1638429496119,65.895,5.63232355514565
SGP,2021,132617.36,5453566.0,2.30485959040487,32.3224926548392,67.406,5.63232355514565
SGP,2022,133571.97,5637022.0,6.12106004039414,32.7954085061744,67.23,5.63232355514565
SGP,2023,129555.24,5917648.0,4.834,33.1253772353762,67.004,5.63232355514565
SGP,2024,132569.53,6036860.0,2.36645846996694,33.9448002385635,67.308,5.63232355514565
SLB,1990,2352.3992,331435.0,8.699999809265137,96.3372805952289,82.838,-12.010518865227
SLB,1991,2418.3657,341738.0,15.0,94.9235393767932,81.696,11.387553916713
SLB,1992,2644.5005,352205.0,10.800000190734863,93.7022900763359,81.432,3.00948753754093
SLB,1993,2669.676,362839.0,9.199999809265137,92.6382908687411,81.421,-1.04850549348882
SLB,1994,2802.2324,373675.0,13.293999671936035,91.6773531674788,81.275,-10.502887515238
SLB,1995,2996.2717,384733.0,9.612000465393066,90.779216915265,81.023,4.52915300182624
SLB,1996,2957.819,396009.0,11.77299976348877,89.9105138976808,81.102,2.99205196092644
SLB,1997,2848.3196,407474.0,8.0649995803833,89.0532352204293,81.208,5.70965265437124
SLB,1998,2805.266,419071.0,12.354999542236328,88.185818851318,81.221,2.56162771424951
SLB,1999,2717.527,430500.0,7.953000068664551,87.245554820975,81.385,5.91326893616106
SLB,2000,2276.822,440469.0,6.927999973297119,86.1464342313788,81.928,4.52284187381665
SLB,2001,2055.2744,449125.0,7.627999782562256,84.9819188283071,82.235,0.084614949458769
SLB,2002,1960.4238,457671.0,9.366000175476074,83.9052008534816,82.452,-1.14945530152079
SLB,2003,2050.3086,466154.0,10.07699966430664,82.9532877540288,82.726,-12.6196140312007
SLB,2004,2168.5059,474611.0,6.915999889373779,82.1608551305916,82.836,6.01189733371023
SLB,2005,2287.2737,483080.0,7.5289998054504395,81.5414563752588,82.866,-1.3121828748754
SLB,2006,2340.6516,491594.0,11.223999977111816,81.0959459210551,82.855,-0.161251153003704
SLB,2007,2384.3179,500156.0,7.664000034332275,80.8006246520674,82.84,-1.18373967056518
SLB,2008,2489.783,508790.0,17.322999954223633,80.6221777285507,82.769,1.47556719860378
SLB,2009,2514.891,518141.0,7.111000061035156,80.4797085244748,82.802,5.04791551778151
SLB,2010,2682.2854,532968.0,0.9509999752044678,80.1212596402766,82.972,12.4707955709345
SLB,2011,2777.4785,552945.0,7.438000202178955,79.5345922568412,83.151,8.32323985735787
SLB,2012,2743.4585,573606.0,5.906000137329102,78.9013401865719,83.476,6.33158473720289
SLB,2013,2783.5918,594945.0,5.388999938964844,78.2467882651838,83.688,8.22871384293824
SLB,2014,2716.422,616908.0,5.169000148773193,77.5836955583062,83.751,6.98276892733726
SLB,2015,2664.7249,639415.0,-0.5590000152587891,76.9089027717064,83.806,6.98276892733726
SLB,2016,2715.2336,662379.0,0.503000020980835,76.2096173491104,83.719,6.98276892733726
SLB,2017,2703.6636,685672.0,0.477,75.459072438253,83.707,6.98276892733726
SLB,2018,2686.119,709101.0,2.66,74.6188605833754,83.695,6.98276892733726
SLB,2019,2661.6167,728147.0,1.8279999494552612,73.7821002386635,83.684,6.98276892733726
SLB,2020,2515.1414,744498.0,2.9635499207605895,72.7954880412204,82.794,6.98276892733726
SLB,2021,2449.87,762591.0,-0.108,71.6603938376208,83.169,6.98276892733726
SLB,2022,2330.103,781066.0,5.51812928576933,70.5656141699441,83.042,6.98276892733726
SLB,2023,2339.575,800005.0,5.089,69.461496422262,83.064,6.98276892733726
SLB,2024,2353.248,819198.0,4.23,68.3761263483294,83.059,6.98276892733726
SLE,1990,2703.599,4196828.0,110.94599914550781,88.2147252140095,60.431,-10.6051841051305
SLE,1991,2734.9685,4246267.0,102.69499969482422,88.3773288928895,61.709,-31.6974726618035
SLE,1992,2257.4495,4166366.0,65.5,88.5616580020104,61.579,-10.5427254343523
SLE,1993,2293.5635,4157130.0,22.20199966430664,88.7467871605378,61.588,18.7176112495352
SLE,1994,2240.29,4173105.0,24.198999404907227,88.929116483409,61.578,1.81613032742758
SLE,1995,2058.077,4179179.0,25.98699951171875,89.1067160552372,61.694,-3.56641222377758
SLE,1996,2084.1821,4199210.0,23.136999130249023,89.2788113942012,61.723,1.96172582180798
SLE,1997,1936.5565,4253716.0,14.559000015258789,89.432741542871,61.715,21.1385294542178
SLE,1998,1951.8209,4295785.0,35.986000061035156,89.595011671534,61.818,0.0470287844604128
SLE,1999,1903.3269,4318043.0,34.09199905395508,89.8548271362193,61.821,8.22524515555819
SLE,2000,1981.5061,4423611.0,-0.9179999828338623,90.0438978243554,61.945,22.2391610621372
SLE,2001,1749.3508,4692716.0,2.568000078201294,90.069608650817,61.894,-53.6416318640629
SLE,2002,2089.2615,4971435.0,0.12099999934434891,90.0452307064201,62.113,27.1697353429059
SLE,2003,2196.2812,5177687.0,3.990999937057495,89.939041949425,62.133,6.0092345188854
SLE,2004,2260.8381,5355717.0,12.92199993133545,89.710799774432,63.849,8.20452895821371
SLE,2005,2296.6577,5501712.0,13.70199966430664,89.3721615922689,62.798,6.83232335242084
SLE,2006,2342.7546,5624466.0,10.532999992370605,88.9771015244595,61.845,-1.61593859436763
SLE,2007,2377.8054,5749352.0,16.969999313354492,88.5252545788116,60.9,15.5971121120359
SLE,2008,2404.652,5894722.0,8.204999923706055,88.015316236263,59.962,12.9304090681647
SLE,2009,2376.5825,6055646.0,7.468999862670898,87.4650765460197,59.002,14.8809281715439
SLE,2010,2459.768,6222714.0,7.88700008392334,86.8705890973432,58.075,1.78544856072434
SLE,2011,2590.5283,6387251.0,6.10099983215332,86.1791802899757,57.156,4.90490445164439
SLE,2012,2792.9263,6551080.0,6.5879998207092285,85.3632166963529,56.266,6.03843344025308
SLE,2013,3124.7283,6714051.0,5.51800012588501,84.3471895637314,55.364,13.4613433470703
SLE,2014,2812.5283,6876385.0,4.644999980926514,83.1094211925305,54.284,2.90125082818672
SLE,2015,2628.1707,7037655.0,6.693999767303467,81.7770077231895,53.674,2.90125082818672
SLE,2016,2732.261,7205328.0,10.883000373840332,80.429374818765,53.117,2.90125082818672
SLE,2017,2753.4272,7379299.0,18.22,79.0717330500269,52.676,2.90125082818672
SLE,2018,2767.3801,7554563.0,16.03,77.7298523709784,52.191,2.90125082818672
SLE,2019,2852.6626,7731991.0,14.803000450134277,76.4806176920907,52.086,2.90125082818672
SLE,2020,2752.6262,7912558.0,13.446977303128277,75.2912582751821,51.428,2.90125082818672
SLE,2021,2849.3887,8094602.0,11.874,74.0851904590161,51.708,2.90125082818672
SLE,2022,2934.7332,8276807.0,27.2082883814653,72.8656793787969,51.981,2.90125082818672
SLE,2023,3034.946,8460512.0,47.716,71.6396127509545,51.974,2.90125082818672
SLE,2024,3098.763,8642022.0,28.6337500014114,70.4490063510929,51.922,2.90125082818672
SLV,1990,5976.0176,5399726.0,23.97610855102539,80.3355480107646,56.938,
SLV,1991,5960.059,5495077.0,14.405799865722656,80.249491979092,56.947,
SLV,1992,6275.1875,5585609.0,11.2275972366333,80.1137704778476,56.851,
SLV,1993,6553.0723,5659957.0,18.508819580078125,79.2081787941288,56.346,
SLV,1994,6795.506,5714129.0,10.604671478271484,77.6646299223566,58.528,
SLV,1995,7057.9204,5762131.0,10.036567687988281,76.1878494934027,57.599,
SLV,1996,7062.3003,5805286.0,9.788583755493164,74.8476370528616,56.143,
SLV,1997,7234.9443,5844578.0,4.488452911376953,73.7047068309664,55.681,
SLV,1998,7381.1147,5880781.0,2.5464773178100586,72.8061818784476,58.184,
SLV,1999,7498.4673,5913900.0,0.5104109644889832,72.1555644245019,57.594,
SLV,2000,7545.4478,5943366.0,2.2698590755462646,71.7087215898503,57.255,
SLV,2001,7580.323,5968060.0,3.742617130279541,71.3670085645315,56.705,
SLV,2002,7675.671,5986631.0,1.8655813932418823,71.002188288813,56.608,
SLV,2003,7780.272,5998599.0,2.11989688873291,70.5706323079928,57.504,
SLV,2004,7841.532,6004671.0,4.44603967666626,70.1186249131299,56.146,
SLV,2005,8050.5347,6005578.0,4.686036109924316,69.6710957720224,56.224,
SLV,2006,8404.247,6002319.0,4.033945560455322,69.2440953096605,56.919,
SLV,2007,8548.835,6009824.0,4.5868000984191895,68.2795280419026,57.454,
SLV,2008,8704.806,6029297.0,7.257535457611084,66.6695784260743,57.342,
SLV,2009,8494.498,6048279.0,0.5433971285820007,64.9368275717632,55.992,
SLV,2010,8648.93,6068249.0,1.181836485862732,63.1923118813812,56.959,
SLV,2011,8943.062,6090127.0,5.124673843383789,61.4982214351668,57.019,
SLV,2012,9165.42,6113975.0,1.7281968593597412,59.8614006151838,57.883,
SLV,2013,9327.564,6138839.0,0.7553791999816895,58.2846485906134,58.289,
SLV,2014,9451.744,6162955.0,1.1437017917633057,56.8238054281832,56.929,
SLV,2015,9646.154,6183676.0,-0.7314053177833557,55.5409330027161,56.342,
SLV,2016,9863.761,6200800.0,0.609549343585968,54.4248715450653,56.643,
SLV,2017,10064.794,6213533.0,1.014,53.4928042678851,56.418,
SLV,2018,10297.203,6219807.0,1.09,52.7722014739782,56.376,
SLV,2019,10543.938,6222318.0,0.07400000095367432,52.2097784509694,57.39,
SLV,2020,9692.449,6234673.0,-0.3715902123242742,51.6140634244598,53.689,
SLV,2021,10809.714,6255782.0,3.46692585313078,50.9622853822343,56.612,
SLV,2022,11085.618,6280319.0,7.19861615609868,50.3277720476879,58.279,
SLV,2023,11424.6455,6309624.0,4.047,49.7246065816785,59.718,
SLV,2024,11669.082,6338193.0,0.853782292567271,49.152974332256,59.899,
SMR,1997,66923.03,25800.0,1.687000036239624,42.9861996342072,,4.973361761843665
SMR,1998,71024.56,26125.0,1.687000036239624,43.2739237729641,,4.973361761843665
SMR,1999,76474.13,26459.0,1.687000036239624,43.494766527469,,4.973361761843665
SMR,2000,77149.414,26799.0,1.687000036239624,43.7791727023982,,4.973361761843665
SMR,2001,80420.77,27143.0,1.687000036239624,44.2089044734885,,5.25446817333611
SMR,2002,79649.53,27491.0,1.687000036239624,44.6590191538623,,5.43354491416219
SMR,2003,81688.375,27843.0,1.3389999866485596,45.1592721964444,,4.91516080000574
SMR,2004,80724.81,29457.0,1.4290000200271606,45.5888894380468,,5.02555920300189
SMR,2005,81632.17,29836.0,1.687000036239624,45.9758305200842,,5.41677960057061
SMR,2006,83781.55,30184.0,2.0950000286102295,46.4034534607363,,4.60461275476661
SMR,2007,86785.016,31211.0,2.5369999408721924,46.8683826643452,,9.74713782696176
SMR,2008,85120.29,31662.0,4.0960001945495605,47.3610723261659,,4.92116432068544
SMR,2009,73093.83,33066.0,2.4179999828338623,47.7897465695258,,4.69619007577433
SMR,2010,68669.25,33270.0,2.5950000286102295,48.2224004276931,,3.89641170579727
SMR,2011,64214.117,32620.0,1.9989999532699585,48.5495696525343,,5.75850760708114
SMR,2012,58176.38,33469.0,2.8269999027252197,48.9232001423868,,3.255870775973
SMR,2013,58467.977,33041.0,1.600000023841858,49.4594472339078,,4.5314181007046
SMR,2014,58743.586,32655.0,1.1100000143051147,49.9196547449612,,5.69907157808861
SMR,2015,59647.66,32897.0,0.15000000596046448,50.1734684561307,,5.69907157808861
SMR,2016,60669.82,33101.0,0.5699999928474426,50.179211469534,,5.69907157808861
SMR,2017,59524.56,33825.0,1.0,50.0332667997339,,5.69907157808861
SMR,2018,59194.043,34522.0,1.7252047809035067,49.9913103927702,,5.69907157808861
SMR,2019,60171.047,34663.0,0.9509999752044678,49.9913457377759,,5.69907157808861
SMR,2020,55998.07,34770.0,0.215,50.0323624595469,,5.69907157808861
SMR,2021,64745.133,34252.0,0.759,50.6178268325931,,5.69907157808861
SMR,2022,70887.57,33755.0,7.12,51.6646448308397,,5.69907157808861
SMR,2023,70951.79,33860.0,5.93,52.3897389738974,,5.69907157808861
SOM,1991,837.267,6813760.0,,99.7398658641223,27.526,
SOM,1992,803.78705,6495107.0,,97.3811189427473,27.301,
SOM,1993,812.5573,6681399.0,,96.5793817284183,27.288,
SOM,1994,634.7277,7026797.0,,97.2262624164634,27.111,
SOM,1995,636.66205,7285007.0,,97.8020775578893,27.277,
SOM,1996,663.35114,7554474.0,,98.2970725849318,27.35,
SOM,1997,648.01715,7824525.0,,98.7168586147031,27.57,
SOM,1998,662.67487,8155417.0,,99.1012945440483,27.622,
SOM,1999,682.9791,8492059.0,,99.477514422204,27.639,
SOM,2000,702.8501,8838713.0,,99.832943368729,27.72,
SOM,2001,723.37976,9198493.0,,100.187445320287,27.747,
SOM,2002,749.9136,9550063.0,,100.582862649323,27.773,
SOM,2003,777.8846,9909157.0,,101.05239899656,27.803,
SOM,2004,803.05975,10280998.0,,101.736848446365,27.84,
SOM,2005,830.80725,10644228.0,,102.889222455719,27.898,
SOM,2006,857.99365,10975502.0,,104.449702457792,27.971,
SOM,2007,887.3693,11322582.0,,105.596730086905,28.041,
SOM,2008,919.1321,11663084.0,,105.681770285997,28.041,
SOM,2009,956.22034,11961201.0,,105.21015029448,28.018,
SOM,2010,995.2256,12261756.0,,104.573720079122,27.984,
SOM,2011,1054.3622,12348830.0,,102.788082814341,27.894,
SOM,2012,1114.8042,12461160.0,,101.042597706327,27.807,
SOM,2013,1197.7217,12869594.0,,100.550307457839,27.82,
SOM,2014,1259.2743,13339491.0,,100.2653241472,27.823,
SOM,2015,1343.9252,13806963.0,,100.055871482839,27.84,
SOM,2016,1384.1552,14348740.0,,99.8839178350572,27.782,
SOM,2017,1527.6603,14916629.0,,99.5044564281167,27.809,
SOM,2018,1504.9791,15452487.0,,99.0066337746835,27.693,
SOM,2019,1491.2949,16030971.0,,98.6327632765507,27.623,
SOM,2020,1396.0554,16651191.0,,98.2939485015647,27.163,
SOM,2021,1392.3179,17271431.0,,97.9709487089111,27.1,
SOM,2022,1387.5475,17801897.0,,97.4850737162065,27.438,
SOM,2023,1401.6473,18358615.0,,97.0182430549318,27.48,
SOM,2024,1409.335,19009151.0,,96.7915743356176,27.477,
SRB,1995,9444.791,7628264.0,7.7001237869262695,46.425371329415,49.843,-5.543723498775565
SRB,1996,10035.056,7622185.0,7.7001237869262695,46.8995069484556,49.318,-5.543723498775565
SRB,1997,10965.528,7598538.0,7.7001237869262695,47.329954821108,48.25,0.976010781880038
SRB,1998,11598.379,7567745.0,30.0,47.680664148257,47.886,-6.76416486044669
SRB,1999,10438.504,7540401.0,41.099998474121094,47.9311822978536,48.518,-19.8048588217355
SRB,2000,11105.995,7516346.0,70.0,48.0799058920134,48.722,-0.289231056562629
SRB,2001,11879.226,7503433.0,80.74400329589844,48.1518125880113,48.204,-24.6006317373923
SRB,2002,12661.992,7500031.0,8.868000030517578,48.2192030424731,47.287,-13.284827262201
SRB,2003,13273.745,7480591.0,2.9010000228881836,48.2837315864194,46.232,-8.8342114842979
SRB,2004,14194.424,7463157.0,10.60200023651123,48.2786292134742,44.075,-4.32328213710444
SRB,2005,15077.621,7440769.0,16.253000259399414,48.196334272477,42.504,-9.11898776085567
SRB,2006,15727.469,7411569.0,10.732000350952148,48.0190814295974,42.276,-7.66309734779764
SRB,2007,17028.158,7381579.0,6.001999855041504,47.7509427617515,43.839,-4.0781819072808
SRB,2008,17983.355,7350222.0,12.386540412902832,47.4020422688159,45.575,-3.16572572269858
SRB,2009,17488.195,7320807.0,8.132009506225586,47.0426888973918,42.748,-1.44446465861948
SRB,2010,17841.506,7291436.0,6.136114120483398,46.707163814053,40.117,-0.182390992803134
SRB,2011,17986.658,7236519.0,11.13807487487793,46.5325545822968,38.327,-0.182390992803134
SRB,2012,17993.889,7201497.0,7.3253278732299805,46.8453076064932,38.117,-0.182390992803134
SRB,2013,18163.28,7166553.0,7.7001237869262695,47.6152988175827,39.821,-0.182390992803134
SRB,2014,17922.51,7131787.0,2.1014413833618164,48.6099080245693,41.682,-0.182390992803134
SRB,2015,18247.885,7095383.0,1.392163872718811,49.7570563003371,42.176,-0.182390992803134
SRB,2016,18889.46,7058322.0,1.122162103652954,50.8721349656193,44.89,-0.182390992803134
SRB,2017,19439.072,7020858.0,3.131,51.9843219838154,46.337,-0.182390992803134
SRB,2018,20454.31,6982604.0,1.95,53.2665314122019,47.091,-0.182390992803134
SRB,2019,21541.215,6945235.0,1.850000023841858,54.6017908714794,48.443,-0.182390992803134
SRB,2020,21479.168,6899126.0,1.5755329008340682,55.8406068162926,48.564,-0.182390992803134
SRB,2021,23406.404,6834326.0,4.08510285335103,56.7307892970407,50.648,-0.182390992803134
SRB,2022,24651.95,6664449.0,11.9815117344703,57.3125583332035,52.25,-0.182390992803134
SRB,2023,25735.24,6623183.0,12.372,57.94954577942,53.292,-0.182390992803134
SRB,2024,26900.854,6586476.0,4.6705297488997,58.7227716497179,54.879,-0.182390992803134
STP,1990,3883.2043,122980.0,42.24800109863281,97.1449182430266,21.0035,15.3493844684327
STP,1991,3844.8965,125697.0,46.47999954223633,97.3265306122449,21.111,15.3493844684327
STP,1992,3798.8835,128110.0,33.696998596191406,97.6045410374666,21.083,15.3493844684327
STP,1993,3771.2861,130467.0,25.5,97.6114022598528,21.126,15.3493844684327
STP,1994,3788.4836,132732.0,51.15999984741211,97.300591610429,21.121,15.3493844684327
STP,1995,3802.2913,134895.0,36.79999923706055,96.6671526461583,21.106,15.3493844684327
STP,1996,3801.0815,136962.0,42.047000885009766,95.724309415951,21.062,15.3493844684327
STP,1997,3784.7903,138922.0,69.04900360107422,94.4433558211796,20.979,15.3493844684327
STP,1998,3828.9983,140751.0,42.10499954223633,92.7831803862485,20.902,15.3493844684327
STP,1999,3878.131,142442.0,11.01099967956543,90.841249212878,20.817,15.3493844684327
STP,2000,3852.8904,144018.0,11.01099967956543,88.7894081405257,20.703,15.3493844684327
STP,2001,3907.0193,146375.0,9.218999862670898,87.4703825612521,20.321,27.8170207148015
STP,2002,3942.7605,149922.0,10.130000114440918,86.8326603858232,19.841,23.2272770603297
STP,2003,4161.638,153814.0,9.793000221252441,86.2234705860988,20.123,13.8354095180784
STP,2004,4202.562,157705.0,13.28499984741211,85.7516401455813,20.163,13.0013443500073
STP,2005,4371.497,161639.0,17.152000427246094,85.3615742758194,20.067,10.1645326949413
STP,2006,4644.1807,165638.0,23.075000762939453,85.0589352550137,20.017,14.0966258420469
STP,2007,4698.084,169700.0,18.549999237060547,84.9017749158304,20.171,20.800073962812
STP,2008,4873.181,173793.0,31.990999221801758,84.8173552400702,20.323,2.77246065203271
STP,2009,4919.1953,177853.0,16.957000732421875,84.6653030287298,20.396,15.0543926204021
STP,2010,4882.048,181802.0,13.33899974822998,84.3254149303971,20.513,20.4829446153416
STP,2011,4876.473,185649.0,14.321000099182129,83.8218111967048,20.594,13.6722774884172
STP,2012,4919.5527,189439.0,10.637999534606934,83.6717083575722,20.748,20.3697629173355
STP,2013,5072.112,193148.0,8.105999946594238,83.8271264192784,21.028,15.6443763164633
STP,2014,5223.0957,196767.0,6.98799991607666,83.7810322604749,21.278,17.7325784601536
STP,2015,5210.2036,200291.0,5.25600004196167,83.4586672773071,21.458,17.7325784601536
STP,2016,5388.5093,203689.0,5.433000087738037,82.8209846070996,21.631,17.7325784601536
STP,2017,5521.2026,206970.0,5.693,81.9116677653263,21.777,17.7325784601536
STP,2018,5674.7236,210187.0,7.87,80.8091322001239,21.721,17.7325784601536
STP,2019,5702.0835,213392.0,8.355999946594238,79.51862975208,21.6,17.7325784601536
STP,2020,5742.9473,217435.0,7.867000102996826,77.8559392739706,20.885,17.7325784601536
STP,2021,5732.6943,221961.0,8.138,76.007866273353,21.079,17.7325784601536
STP,2022,5632.1387,226305.0,18.0056351122841,74.3221383454013,21.402,17.7325784601536
STP,2023,5541.302,230871.0,21.184,72.8534635081309,21.328,17.7325784601536
STP,2024,5491.2983,235536.0,14.416,71.6102003642987,21.272,17.7325784601536
SUR,1990,17137.65,412493.0,21.766000747680664,68.2038379670029,46.7845,-27.4890678406029
SUR,1991,17493.496,415013.0,10.48799991607666,67.8522461162634,39.938,-3.06009338473105
SUR,1992,17455.125,417589.0,21.31100082397461,67.5489700442155,39.887,-19.2543587507556
SUR,1993,16217.166,419352.0,79.26300048828125,67.3264995870225,40.447,-57.5263453677236
SUR,1994,16648.535,422375.0,142.84100341796875,67.1554194171376,41.942,-78.5653399113303
SUR,1995,16368.312,429606.0,24.16200065612793,66.5113719167145,43.954,-62.754195686381
SUR,1996,16184.5,438830.0,2.8399999141693115,65.2995573971184,42.454,21.489007488808
SUR,1997,16754.352,448067.0,6.080999851226807,63.9147914967094,42.3,31.190409162037
SUR,1998,16789.756,457406.0,11.248000144958496,62.4357226057558,41.961,8.41501492777421
SUR,1999,16217.518,466916.0,60.5260009765625,61.034392373805,40.271,-26.7846945999693
SUR,2000,16220.179,476643.0,29.55699920654297,59.8666447538328,41.097,-19.7475825715864
SUR,2001,16556.943,486560.0,34.36600112915039,58.9808854762294,41.979,-9.89407700981861
SUR,2002,16678.072,496551.0,15.515999794006348,58.362701042567,42.887,-11.1091919583685
SUR,2003,17383.502,506414.0,23.000999450683594,57.9833348411631,43.801,-0.227758122513367
SUR,2004,18585.518,513923.0,9.12600040435791,57.7430117527172,44.722,6.73863741041776
SUR,2005,19220.283,519313.0,13.980999946594238,57.5504297411845,45.324,1.60999747937889
SUR,2006,20113.67,524997.0,11.281000137329102,57.4221057460787,45.914,-16.8261723542529
SUR,2007,20902.139,531016.0,6.426000118255615,57.328284758578,46.487,6.89823963534924
SUR,2008,21515.812,537245.0,14.666999816894531,57.1847790469057,47.082,-2.87492239735718
SUR,2009,21906.41,543568.0,-0.30000001192092896,56.9543460873231,47.662,4.85180307175705
SUR,2010,22772.475,549923.0,6.947999954223633,56.6089695395621,49.002,4.09900197173047
SUR,2011,23829.533,556269.0,17.68400001525879,56.1253673199606,49.313,-1.82998633360082
SUR,2012,24193.842,562633.0,5.008999824523926,55.5258858749285,49.528,0.908894422312221
SUR,2013,24624.021,569020.0,1.9160000085830688,54.8395874717679,50.856,11.5552221319596
SUR,2014,24414.355,575373.0,3.384000062942505,54.1140452613281,51.189,10.532838957218
SUR,2015,23327.525,581627.0,6.895999908447266,53.4028748516418,51.55,10.532838957218
SUR,2016,21950.412,587757.0,55.500999450683594,52.7446939555142,51.672,10.532838957218
SUR,2017,22070.514,593713.0,22.024,52.1853252162768,51.7,10.532838957218
SUR,2018,22938.535,599513.0,6.94,51.7426585604147,51.901,10.532838957218
SUR,2019,22966.74,605768.0,4.392000198364258,51.3678297634159,51.941,10.532838957218
SUR,2020,19091.361,612317.0,49.76900100708008,51.0956145805573,47.928,10.532838957218
SUR,2021,18458.234,617896.0,59.1117096483868,50.8451694489066,48.609,10.532838957218
SUR,2022,18742.588,623164.0,52.4460272762409,50.6267614825701,49.152,10.532838957218
SUR,2023,19020.867,628886.0,51.583,50.5295811461931,49.458,10.532838957218
SUR,2024,19179.102,634431.0,16.2296159130279,50.4628213246437,49.732,10.532838957218
SVK,1990,17528.242,5299187.0,10.399999618530273,55.0559355008797,52.3735,
SVK,1991,14962.115,5303294.0,60.5,54.2702386649077,58.097,
SVK,1992,13951.908,5305016.0,9.893495559692383,53.4482509266164,56.356,
SVK,1993,14163.014,5325305.0,23.287033081054688,52.5462740164265,54.576,
SVK,1994,14982.747,5346331.0,13.41551399230957,51.5375030682602,51.71,
SVK,1995,15811.925,5361999.0,9.841099739074707,50.466341918971,51.984,
SVK,1996,16744.068,5373361.0,5.775837421417236,49.4405602768456,53.335,
SVK,1997,17630.04,5383291.0,6.141981601715088,48.4218725013923,52.578,
SVK,1998,18280.05,5390516.0,6.665648460388184,47.330968246246,51.744,
SVK,1999,18174.98,5396020.0,10.570448875427246,46.1695907700042,49.722,
SVK,2000,18343.236,5388720.0,12.035771369934082,44.9704945905628,48.597,
SVK,2001,18914.39,5378867.0,7.3296356201171875,43.7473693099929,48.672,
SVK,2002,19757.068,5376912.0,3.12713360786438,42.6108368504795,48.815,
SVK,2003,20730.25,5373374.0,8.55413818359375,41.6006959112054,49.721,
SVK,2004,21851.955,5372280.0,7.548501968383789,40.750523791546,49.135,
SVK,2005,23266.758,5372807.0,2.709082841873169,40.0609481106868,49.785,
SVK,2006,25342.31,5373054.0,4.483333587646484,39.4503846591065,51.151,
SVK,2007,28075.807,5374622.0,2.7567265033721924,38.9500326393961,52.169,
SVK,2008,29556.262,5379233.0,4.598174095153809,38.6006960396032,53.545,
SVK,2009,27891.896,5386406.0,1.6151096820831299,38.5436675449526,51.644,
SVK,2010,29758.174,5391428.0,0.9570165872573853,38.7142612720511,50.37,
SVK,2011,30481.377,5398384.0,3.9192869663238525,38.9901403319512,50.784,
SVK,2012,30907.04,5407579.0,3.60610294342041,39.4612066242009,50.917,
SVK,2013,31090.988,5413393.0,1.4004757404327393,40.1143714089078,50.82,
SVK,2014,31901.943,5418649.0,-0.07617027312517166,40.8909492177303,52.89,
SVK,2015,33521.594,5423801.0,-0.3252175748348236,41.8080986794682,52.773,
SVK,2016,34130.504,5430798.0,-0.5200119018554688,42.9974711861622,54.2,
SVK,2017,35057.223,5439232.0,1.393,44.3936163689056,55.017,
SVK,2018,36430.793,5446771.0,2.51,45.8020130464426,55.819,
SVK,2019,37209.535,5454147.0,2.7669999599456787,47.1743766979644,56.125,
SVK,2020,36216.4,5458827.0,1.9369412669419692,48.4093813779099,54.948,
SVK,2021,38346.094,5447247.0,3.149606,49.4568271263227,56.051,
SVK,2022,38664.906,5431752.0,12.77415,50.4641276809572,57.4,
SVK,2023,39518.223,5426740.0,10.963,51.4188207516504,57.597,
SVK,2024,40319.055,5422069.0,2.757607733213066,52.2037685532826,57.576,
SVN,1990,25345.049,1998161.0,552.0835571289062,45.8920602563054,54.665499999999994,
SVN,1991,23074.668,1999429.0,114.83293151855469,45.4498302115735,54.222,
SVN,1992,21845.963,1996498.0,209.9337615966797,45.0071468622079,53.661,
SVN,1993,22520.738,1991746.0,31.762123107910156,44.6468047280555,53.115,
SVN,1994,23747.986,1989443.0,20.9918155670166,44.229006991628,53.131,
SVN,1995,24718.023,1989872.0,13.463727951049805,43.9872414756241,53.613,
SVN,1996,25454.125,1988628.0,9.864458084106445,43.7657329664657,53.65,
SVN,1997,26806.463,1985956.0,8.359678268432617,43.4011651416424,54.623,
SVN,1998,27688.094,1981629.0,7.891165256500244,43.1950469228618,55.058,
SVN,1999,29125.89,1983045.0,6.1555891036987305,42.8866335938091,53.974,
SVN,2000,30055.572,1988925.0,8.911745071411133,42.5645686629814,53.576,
SVN,2001,30857.111,1992060.0,8.379660606384277,42.424459078888,54.506,
SVN,2002,31830.555,1994530.0,7.480778694152832,42.2556869323588,54.919,
SVN,2003,32827.75,1995733.0,5.544162273406982,42.0162458149059,53.038,
SVN,2004,34298.13,1997012.0,3.59298038482666,41.9313915084785,55.539,
SVN,2005,35558.38,2000474.0,2.451498031616211,42.0451213026428,55.481,
SVN,2006,37539.46,2006868.0,2.457925796508789,42.2209182675545,55.928,
SVN,2007,39995.207,2018122.0,3.6574933528900146,42.4652205925435,57.097,
SVN,2008,41278.61,2021316.0,5.647425174713135,43.0052297347777,57.17,
SVN,2009,37802.09,2039669.0,0.8392631411552429,43.571395387797,56.149,
SVN,2010,38056.18,2048583.0,1.8011683225631714,43.8963622404648,55.066,
SVN,2011,38226.125,2052843.0,1.802852988243103,44.4503082732056,53.408,
SVN,2012,37033.766,2057159.0,2.597414970397949,45.3740424569636,52.717,
SVN,2013,36678.875,2059953.0,1.7692054510116577,46.4464612484058,51.806,
SVN,2014,37655.2,2061980.0,0.19934077560901642,47.6055386258521,52.259,
SVN,2015,38527.42,2063531.0,-0.5255545377731323,48.9026039344045,52.43,
SVN,2016,39667.457,2065042.0,-0.05499984696507454,50.2163362216959,52.296,
SVN,2017,41692.836,2066388.0,1.432,51.5486078260965,54.708,
SVN,2018,43361.094,2073894.0,1.74,52.7824926183278,55.935,
SVN,2019,44569.586,2088385.0,1.628000020980835,53.749455202959,55.787,
SVN,2020,42463.562,2102419.0,-0.05485681576051721,54.463108894626,54.937,
SVN,2021,45914.06,2108079.0,1.917065,55.2631346363753,55.61,
SVN,2022,47050.066,2112076.0,8.833699,56.1949556465181,56.684,
SVN,2023,47977.426,2120461.0,7.447,56.8926761847261,55.936,
SVN,2024,48648.906,2127400.0,1.9655726439318795,57.4487296195149,55.809,
SWE,1990,40549.31,8558835.0,10.366547584533691,55.5560987835711,58.825,4.32759698750999
SWE,1991,39812.316,8617375.0,9.444631576538086,55.9416861019786,64.137,4.32759698750999
SWE,1992,39120.926,8668067.0,2.3743669986724854,56.3587348172387,61.168,14.0420837617749
SWE,1993,38090.945,8718561.0,4.728177070617676,56.7288490338822,57.518,9.67371996007432
SWE,1994,39340.0,8780745.0,2.1581337451934814,56.9701152828011,56.697,7.94876836500994
SWE,1995,40736.426,8826939.0,2.4551453590393066,57.0179793657014,57.597,7.16933089808381
SWE,1996,41364.984,8840998.0,0.5331348180770874,56.9020872898277,56.989,7.59519809210064
SWE,1997,42608.414,8846062.0,0.6584119200706482,56.6883925805387,56.213,5.47933390116403
SWE,1998,44392.844,8850974.0,-0.26713529229164124,56.384788632554,56.526,5.539955247114
SWE,1999,46221.81,8857874.0,0.4621792137622833,55.981027732018,57.835,4.32759698750999
SWE,2000,48284.8,8872109.0,0.8991393446922302,55.5104209281643,58.605,4.13542710004244
SWE,2001,48810.645,8895960.0,2.4059572219848633,55.0111554168069,59.723,3.06097434931146
SWE,2002,49760.215,8924958.0,2.1584830284118652,54.5213243917717,59.541,4.10242132523834
SWE,2003,50507.934,8958229.0,1.925656795501709,54.0506658678293,59.16,3.11216223245068
SWE,2004,52412.41,8993531.0,0.37365850806236267,53.6233711040416,58.233,3.75233788796579
SWE,2005,53661.316,9029572.0,0.4531732499599457,53.1107024197386,58.297,2.7465308895004
SWE,2006,55855.496,9080505.0,1.3602155447006226,52.5660416287233,58.86,1.89888281128576
SWE,2007,57230.79,9148092.0,2.2121689319610596,52.2802354294016,59.777,1.89888281128576
SWE,2008,56262.47,9219637.0,3.4370510578155518,52.3737693928873,59.883,1.89888281128576
SWE,2009,53411.2,9298515.0,-0.4944594204425812,52.8220133028977,58.068,1.89888281128576
SWE,2010,56003.27,9378126.0,1.1579819917678833,53.5668026337551,57.755,1.89888281128576
SWE,2011,57340.504,9449213.0,2.9611527919769287,54.5597028804313,58.573,1.89888281128576
SWE,2012,56682.02,9519374.0,0.8883762359619141,55.6781619872381,58.46,1.89888281128576
SWE,2013,56843.164,9600379.0,-0.044290561228990555,56.8428650266998,58.712,1.89888281128576
SWE,2014,57574.05,9696110.0,-0.1796385645866394,57.9349102431268,58.816,1.89888281128576
SWE,2015,59468.355,9799186.0,-0.04678443819284439,58.8360981487734,59.171,1.89888281128576
SWE,2016,59977.387,9923085.0,0.9842681884765625,59.4873080659899,59.599,1.89888281128576
SWE,2017,60288.8,10057698.0,1.867,59.9437746878275,60.065,1.89888281128576
SWE,2018,60647.45,10175214.0,1.95,60.3159015203771,60.395,1.89888281128576
SWE,2019,61601.63,10278887.0,1.6390000581741333,60.5841239468728,60.17,1.89888281128576
SWE,2020,59975.363,10353442.0,0.4973673188542962,60.7610678252936,58.834,1.89888281128576
SWE,2021,62731.7,10415811.0,2.163197,60.893031225029,58.526,1.89888281128576
SWE,2022,63088.42,10486941.0,8.369291,60.8510659836657,59.77,1.89888281128576
SWE,2023,62662.766,10536632.0,5.909,60.7360556550349,59.989,1.89888281128576
SWE,2024,62978.938,10569709.0,2.835833522849419,60.5975578774891,59.298,1.89888281128576
SWZ,1990,5447.739,872428.0,13.092000007629395,100.585366750893,38.717,-12.1830875205443
SWZ,1991,5325.3525,908189.0,8.934000015258789,98.2928096697845,43.123,6.65477686496429
SWZ,1992,5291.8965,943416.0,7.558000087738037,96.1325047972075,42.777,4.25636954205463
SWZ,1993,5299.532,971318.0,12.02299976348877,95.0093156229421,42.279,-2.59300837904342
SWZ,1994,5427.35,971212.0,13.769000053405762,97.6277635903019,42.445,2.95535835179903
SWZ,1995,5693.822,970433.0,12.288999557495117,99.4112799985205,42.583,0.347010478228045
SWZ,1996,5796.6523,989841.0,6.425000190734863,97.1182262085886,42.227,10.2006505748613
SWZ,1997,5876.803,1006635.0,7.125,94.3466458670394,41.837,7.3242356187184
SWZ,1998,5952.854,1019653.0,8.109999656677246,91.1338092060374,41.259,11.2608266743839
SWZ,1999,6062.348,1030782.0,6.089000225067139,87.9490260503941,40.711,11.4326667782877
SWZ,2000,6106.0747,1041414.0,12.208999633789062,85.1389501230213,40.168,-6.85597496205764
SWZ,2001,6135.453,1051064.0,5.941999912261963,82.8226728056092,39.646,4.54928315622834
SWZ,2002,6335.8135,1059441.0,12.020000457763672,80.9567079898747,39.235,5.63469239607446
SWZ,2003,6578.302,1066700.0,7.289999961853027,79.5155256297847,38.872,8.27160299374849
SWZ,2004,6775.2217,1073159.0,3.444999933242798,78.4074397943882,38.544,7.10871400720548
SWZ,2005,7142.1924,1079022.0,4.8979997634887695,77.5516147981893,38.206,4.20066562206563
SWZ,2006,7584.72,1084436.0,5.199999809265137,76.8701325178389,37.897,7.35710117439768
SWZ,2007,7866.731,1090705.0,8.076000213623047,75.891507996278,37.532,7.58214123508388
SWZ,2008,7926.3794,1098091.0,12.656999588012695,74.4402647205533,37.605,4.10805404758412
SWZ,2009,7988.5977,1105153.0,7.447999954223633,72.9558045635231,37.698,1.10032841252271
SWZ,2010,8245.642,1111650.0,4.508999824523926,71.6908221513826,37.919,6.61543065324206
SWZ,2011,8350.892,1117833.0,6.10699987411499,70.6572053201754,38.212,3.34055508625505
SWZ,2012,8645.845,1123863.0,8.9399995803833,69.8229787619846,38.583,-0.409171349306797
SWZ,2013,8951.058,1129990.0,5.620999813079834,69.0473127223441,38.851,2.1580910700119
SWZ,2014,9084.494,1136299.0,5.679999828338623,68.1569900715811,39.084,2.73086149979964
SWZ,2015,9186.653,1142813.0,4.952000141143799,67.1629718043683,39.245,2.73086149979964
SWZ,2016,9402.509,1149507.0,7.8470001220703125,66.2545161075709,39.518,2.73086149979964
SWZ,2017,9660.552,1158195.0,6.221,65.4408298646128,38.361,2.73086149979964
SWZ,2018,9578.101,1168929.0,4.81,64.5911509558562,37.157,2.73086149979964
SWZ,2019,10099.586,1179874.0,2.5840001106262207,63.7013214049848,36.051,2.73086149979964
SWZ,2020,9695.825,1192729.0,4.114999771118164,62.7630147884624,33.171,2.73086149979964
SWZ,2021,9990.435,1206593.0,3.719,61.8328842416431,32.716,2.73086149979964
SWZ,2022,9927.605,1218917.0,4.802,61.200849569132,32.04,2.73086149979964
SWZ,2023,10181.504,1230506.0,4.949,60.8127499411903,33.494,2.73086149979964
SWZ,2024,10380.396,1242822.0,4.034,60.2929796322665,33.464,2.73086149979964
SXM,2009,50980.94,33491.0,,38.0047799571452,,
SXM,2010,52140.6,33794.0,,37.8896686796148,,
SXM,2011,53786.246,34267.0,,37.6697468862997,,
SXM,2012,53357.004,35023.0,,37.3975128476717,,
SXM,2013,52801.402,35854.0,,37.2808025116778,,
SXM,2014,52439.473,36672.0,,37.3483146067416,,
SXM,2015,51375.6,37471.0,,37.5853712271425,,
SXM,2016,50817.68,38249.0,,38.073063316728,,
SXM,2017,46088.36,38996.0,,38.6672356162435,,
SXM,2018,42154.1,39712.0,,39.2586618038996,,
SXM,2019,45996.793,40385.0,,39.8663157165616,,
SXM,2020,39265.76,41008.0,,40.3806654799398,,
SXM,2021,40507.066,41571.0,,40.7325908121467,,
SXM,2022,45515.652,42139.0,,40.8765712757422,,
SXM,2023,46571.09,42749.0,,40.8626598128377,,
SXM,2024,47303.195,43350.0,,40.9985363473736,,
SYC,1990,15478.848,69507.0,3.9519999027252197,64.8687113071942,,8.72173266383524
SYC,1991,15695.671,70439.0,2.0320000648498535,63.5453912235895,,17.9864820292498
SYC,1992,16744.508,70763.0,2.0199999809265137,62.384689522236,,10.4091522748275
SYC,1993,17596.898,72253.0,-0.335999995470047,61.3006206188329,,12.3121696499378
SYC,1994,16716.521,74205.0,2.2290000915527344,60.4050928427833,,12.7227135283464
SYC,1995,16552.455,75304.0,0.5049999952316284,59.6438414246343,,18.2112706798134
SYC,1996,17942.174,76417.0,-2.059000015258789,58.8182725081054,,23.7395271618991
SYC,1997,19895.143,77319.0,1.8040000200271606,57.8873210675706,,13.8847341194648
SYC,1998,19991.229,78846.0,2.700000047683716,56.7016455998092,,3.52387631137703
SYC,1999,19969.352,80410.0,6.300000190734863,55.3156146179402,,8.93040200539809
SYC,2000,20633.674,81131.0,6.300000190734863,53.9272975639372,,9.36777543838295
SYC,2001,20147.418,81202.0,6.0,52.5951817190965,,4.20941635223287
SYC,2002,19777.752,83723.0,0.20000000298023224,51.3412870571222,,6.73116415705108
SYC,2003,18825.22,82781.0,3.299999952316284,50.1296722827763,,4.40696526702378
SYC,2004,18356.47,82475.0,3.9000000953674316,48.9480052735186,,-11.77667823764
SYC,2005,19917.12,82858.0,0.6480000019073486,47.7865372953305,,9.26788153726261
SYC,2006,21341.86,84600.0,-1.8580000400543213,46.6153686180722,,8.48523589021172
SYC,2007,23117.855,85033.0,5.323999881744385,45.4766303975912,,-0.167198865482365
SYC,2008,21990.37,86956.0,36.96500015258789,44.3372894016101,,-15.2498348420001
SYC,2009,21361.13,87298.0,31.753999710083008,43.2201860449855,,-10.0128845071919
SYC,2010,21708.756,89770.0,-2.4049999713897705,42.2594805318289,,15.1433555494509
SYC,2011,24406.412,87441.0,2.559000015258789,41.4948703841548,,10.018913655974
SYC,2012,24919.955,88303.0,7.110000133514404,40.8880592252218,,1.58814290435949
SYC,2013,24770.652,89949.0,4.339000225067139,40.4487539816376,,6.29173455144144
SYC,2014,25379.418,91359.0,1.3860000371932983,40.0932329443516,,4.89712416656968
SYC,2015,27032.209,93419.0,4.041999816894531,39.7253922433779,,4.89712416656968
SYC,2016,29905.135,94677.0,-1.0140000581741333,39.4016137581719,,4.89712416656968
SYC,2017,31595.668,95843.0,2.859,39.1919367956315,,4.89712416656968
SYC,2018,32841.426,96762.0,3.7,39.0878121002171,,4.89712416656968
SYC,2019,34346.07,97625.0,1.8070000410079956,39.0862076334573,,4.89712416656968
SYC,2020,30056.2,98462.0,3.8980000019073486,39.2121931908155,,4.89712416656968
SYC,2021,29979.828,99258.0,9.77,39.5484197503093,,4.89712416656968
SYC,2022,27978.178,119878.0,2.6260363285127752,39.7782260415331,,4.89712416656968
SYC,2023,28635.355,119773.0,-0.882,39.8025048731806,,4.89712416656968
SYC,2024,29241.775,121354.0,0.311726050919631,39.8409771836829,,4.89712416656968
SYR,1990,5828.4053,12579208.0,11.111000061035156,98.0612239756694,41.295500000000004,
SYR,1991,6081.089,12980821.0,9.0,96.6152505330466,47.518,
SYR,1992,6662.243,13385571.0,11.100000381469727,94.989742535679,47.299,
SYR,1993,6861.795,13795686.0,13.199999809265137,93.2850548694904,47.041,
SYR,1994,7142.9536,14208583.0,15.32800006866455,91.6468189257483,46.247,
SYR,1995,7431.354,14616801.0,7.7220001220703125,90.1140387683428,45.651,
SYR,1996,7943.4404,15018104.0,8.871999740600586,88.6549540111197,45.803,
SYR,1997,8126.3657,15417542.0,1.8890000581741333,87.19485076237,45.923,
SYR,1998,8456.783,15820413.0,-0.953000009059906,85.6569102706671,46.053,
SYR,1999,7951.39,16228061.0,-3.700000047683716,84.0374637537264,46.482,
SYR,2000,7807.93,16637888.0,-3.9000000953674316,82.3779981231534,46.011,
SYR,2001,7698.397,17051338.0,3.4010000228881836,80.6814451431658,44.146,
SYR,2002,7811.816,17468332.0,-0.5180000066757202,78.9725217648601,43.66,
SYR,2003,8177.545,17889296.0,5.796999931335449,77.2933484925607,43.146,
SYR,2004,8528.656,18336875.0,4.433000087738037,75.5789443245206,42.826,
SYR,2005,8828.946,18814091.0,7.239999771118164,73.8691559143367,42.466,
SYR,2006,8885.806,19637022.0,10.390000343322754,70.868267735144,42.067,
SYR,2007,8829.309,20884125.0,4.677000045776367,66.9388746305668,40.524,
SYR,2008,8903.772,21636564.0,15.152999877929688,65.6405173888153,38.825,
SYR,2009,9284.102,21976969.0,2.803999900817871,65.8946920115445,39.445,
SYR,2010,9546.561,22482421.0,4.3979997634887695,65.4955827080745,39.024,
SYR,2011,9648.824,22878098.0,4.753159999847412,65.4332716281491,39.656,
SYR,2012,7144.3726,22759763.0,36.702301025390625,66.9195396903742,33.79,
SYR,2013,5530.9746,21666917.0,90.0,71.6990633976703,32.302,
SYR,2014,5301.6255,20273659.0,29.0,77.7771171894011,32.152,
SYR,2015,5302.074,19424618.0,26.0,80.9126541140768,32.334,
SYR,2016,5022.113,19193834.0,25.0,80.1246656652147,32.512,
SYR,2017,4977.792,19224668.0,25.0,77.6378005722762,32.608,
SYR,2018,4956.093,19577845.0,25.0,73.6166493104807,32.68,
SYR,2019,4825.4062,20353534.0,25.0,68.3491350011588,32.777,
SYR,2020,4633.3496,21049429.0,25.0,64.3008702952672,30.46,
SYR,2021,4592.8384,21628839.0,25.0,61.2276125344165,30.925,
SYR,2022,4454.8535,22462173.0,25.0,57.7320812518306,32.383,
TCA,2007,21878.82,26270.0,3.7,42.1052631578947,,
TCA,2008,22689.316,27427.0,3.9,42.0425708218965,,
TCA,2009,17512.197,28588.0,4.1,41.8125899102138,,
TCA,2010,17000.223,29739.0,3.2,41.3920981315076,,
TCA,2011,17147.424,30846.0,5.2,40.6245726008662,,
TCA,2012,16024.691,32127.0,3.1,39.5370048644892,,
TCA,2013,15461.873,33653.0,2.5,38.5125123477116,,
TCA,2014,16138.849,35050.0,2.3,37.7441540577717,,
TCA,2015,17201.771,36605.0,2.2,37.1398598778615,,
TCA,2016,17625.72,38315.0,2.0,36.7269742711344,,
TCA,2017,29540.354,39913.0,2.1,36.5328042690018,,
TCA,2018,30286.12,41559.0,2.1,36.4457139105026,,
TCA,2019,30611.213,43166.0,2.2,36.4371957772299,,
TCA,2020,19702.537,44386.0,2.3,36.5260988588478,,
TCA,2021,25056.488,45243.0,2.3,36.7105819786064,,
TCA,2022,28209.625,45847.0,2.3,36.9395740613519,,
TCA,2023,31839.371,46198.0,2.3,37.2081972081972,,
TCA,2024,33390.527,46535.0,2.3,37.5960969840331,,
TCD,1990,1711.3699,5982833.0,0.5,102.270339166419,64.842,
TCD,1991,1790.7379,6205676.0,4.199999809265137,101.88400205343,71.684,
TCD,1992,1853.6766,6474656.0,-3.799999952316284,100.924269713968,71.644,
TCD,1993,1526.0543,6629146.0,-10.87399959564209,103.301482758399,71.794,
TCD,1994,1642.5165,6783450.0,41.27199935913086,105.645960748268,71.344,
TCD,1995,1591.1416,7089064.0,5.363999843597412,104.367439531386,70.863,
TCD,1996,1555.914,7410108.0,11.331000328063965,103.701625685937,70.45,
TCD,1997,1588.0986,7670366.0,5.572000026702881,105.03232780512,69.97,
TCD,1998,1641.0571,7938840.0,4.258999824523926,105.872529168672,69.515,
TCD,1999,1573.5853,8222705.0,-8.446999549865723,106.116641675102,69.031,
TCD,2000,1506.7158,8512093.0,3.822999954223633,106.577097521903,68.532,
TCD,2001,1626.5668,8804124.0,12.430999755859375,107.33914662915,68.063,
TCD,2002,1704.273,9116192.0,5.191999912261963,107.647489593358,67.603,
TCD,2003,1878.5858,9487833.0,-1.753000020980835,106.774670267271,67.152,
TCD,2004,2400.97,9920036.0,-4.802999973297119,105.158221499759,66.703,
TCD,2005,2705.8164,10328092.0,3.3269999027252197,104.389061641316,66.221,
TCD,2006,2596.0325,10706424.0,8.069000244140625,104.392684154219,65.694,
TCD,2007,2613.4739,11081660.0,-7.440000057220459,104.486401753743,65.118,
TCD,2008,2601.3613,11476296.0,8.310999870300293,104.236571604908,64.566,
TCD,2009,2474.7075,11893754.0,10.121999740600586,103.97192695548,64.051,
TCD,2010,2717.4055,12312575.0,-2.1089999675750732,104.049189600275,63.568,
TCD,2011,2741.0708,12754997.0,1.8580000400543213,103.803919970792,63.055,
TCD,2012,2886.2747,13210998.0,7.697999954223633,103.419922191978,62.565,
TCD,2013,2864.113,13691079.0,0.22599999606609344,102.900131941391,62.009,
TCD,2014,2820.678,14188678.0,1.6749999523162842,102.351171749544,61.474,
TCD,2015,2822.5793,14647621.0,6.757999897003174,102.372075248765,60.926,
TCD,2016,2622.598,15114655.0,-1.121999979019165,102.2828708469,60.369,
TCD,2017,2496.2622,15622759.0,-0.897,101.801281508928,59.82,
TCD,2018,2552.3704,16156531.0,4.27,101.186169914043,59.293,
TCD,2019,2604.5315,16685223.0,-0.972000002861023,100.684531380519,59.299,
TCD,2020,2513.0293,17224679.0,2.796999931335449,100.054552902552,58.368,
TCD,2021,2435.0728,17828273.0,-0.7728443703591402,98.923632922988,58.432,
TCD,2022,2449.4824,18455316.0,5.78802687843616,97.8599966421734,59.14,
TCD,2023,2433.0989,19319064.0,4.11,95.3580792822124,59.07,
TCD,2024,2412.866,20299123.0,8.89950732263754,92.9204543197374,58.968,
TGO,1990,2237.5999,3998761.0,1.1299999952316284,92.6837013286766,56.427,2.97603450790231
TGO,1991,2158.8792,4115560.0,0.23800000548362732,91.8645578578242,56.724,2.97603450790231
TGO,1992,2015.1356,4233617.0,1.621999979019165,91.0093825966278,56.574,2.97603450790231
TGO,1993,1721.5737,4207453.0,-0.08900000154972076,90.116927170057,56.336,2.97603450790231
TGO,1994,1972.2474,4222940.0,35.25899887084961,89.1767669889691,56.451,2.97603450790231
TGO,1995,2036.3816,4410832.0,15.79699993133545,88.2761084641698,56.512,2.97603450790231
TGO,1996,2135.4558,4577860.0,4.5960001945495605,87.3490122541787,56.672,2.97603450790231
TGO,1997,2366.4028,4725030.0,5.307000160217285,86.2738867690372,56.585,2.97603450790231
TGO,1998,2247.3489,4860913.0,0.9750000238418579,85.1117030695733,56.403,2.97603450790231
TGO,1999,2238.935,5000269.0,-0.05299999937415123,84.0677671609111,56.26,2.97603450790231
TGO,2000,2160.9893,5140037.0,1.8630000352859497,83.2127073113092,56.036,2.97603450790231
TGO,2001,2122.0806,5277382.0,3.9200000762939453,82.565824636685,56.018,2.97603450790231
TGO,2002,2147.9744,5413274.0,3.059999942779541,82.0675408470875,55.993,2.97603450790231
TGO,2003,2234.9773,5552167.0,-0.9300000071525574,81.6066339378965,56.033,2.97603450790231
TGO,2004,2157.0276,5696508.0,0.3930000066757202,81.114921095177,55.974,2.97603450790231
TGO,2005,2004.2585,5844631.0,6.7829999923706055,80.696832117533,55.85,2.71985272969826
TGO,2006,2000.5417,6010668.0,2.2290000915527344,80.204312790326,55.763,5.27225318540164
TGO,2007,1920.2693,6188344.0,0.9459999799728394,79.7799473995672,55.966,-0.202055170376248
TGO,2008,1941.1549,6368812.0,8.694999694824219,79.5419332577068,56.262,-3.74980031782193
TGO,2009,1989.83,6551865.0,3.7139999866485596,79.4616258596642,56.507,1.804021576419
TGO,2010,2049.7805,6732590.0,1.4459999799728394,79.6012785464137,56.789,5.21151497265106
TGO,2011,2111.4749,6916474.0,3.563999891281128,79.7650790498887,57.031,2.36951484385564
TGO,2012,2186.3096,7100736.0,2.5769999027252197,79.8622752397873,57.006,3.23221628610636
TGO,2013,2254.9883,7285442.0,1.8250000476837158,79.8491086960976,56.967,3.54454457364396
TGO,2014,2322.404,7472450.0,0.19099999964237213,79.7250507009625,56.917,4.83525153938626
TGO,2015,2388.426,7663195.0,1.784999966621399,79.5447229064934,56.857,4.83525153938626
TGO,2016,2427.3003,7858289.0,0.8569999933242798,79.3296721728603,56.384,4.83525153938626
TGO,2017,2462.2773,8057140.0,-0.215,79.0530863064437,55.9,4.83525153938626
TGO,2018,2517.3489,8258778.0,0.94,78.7144893095191,56.35,4.83525153938626
TGO,2019,2577.516,8463068.0,0.6869999766349792,78.3350096225957,56.806,4.83525153938626
TGO,2020,2570.4832,8669720.0,1.827540385199976,77.8578289317394,56.154,4.83525153938626
TGO,2021,2638.811,8878379.0,4.551528967848401,77.2351069393817,56.36,4.83525153938626
TGO,2022,2739.6882,9089738.0,7.96757361617946,76.4675916371753,56.797,4.83525153938626
TGO,2023,2842.2307,9304337.0,5.3,75.5812237552942,56.796,4.83525153938626
TGO,2024,2960.7754,9515236.0,3.3,74.6397124343511,56.758,4.83525153938626
THA,1990,8701.954,54738329.0,5.790473937988281,51.2977536711141,71.7385,8.17171642898053
THA,1991,9294.031,55637434.0,5.722997665405273,49.8954078377684,73.146,9.12494255783144
THA,1992,9886.899,56528834.0,4.142492294311523,48.7588328530172,74.047,7.34632900127856
THA,1993,10538.816,57408198.0,3.3013269901275635,47.859628001212,73.888,4.39100680690757
THA,1994,11215.037,58260854.0,5.087008476257324,47.1281429207993,73.948,5.94526176247366
THA,1995,11953.92,59098232.0,5.776124000549316,46.4677380280416,74.427,7.10208727359962
THA,1996,12456.329,59920064.0,5.855355262756348,45.8485006159732,74.686,8.93166038026805
THA,1997,11952.85,60724584.0,5.561845779418945,45.2831507258956,74.763,8.83409476385564
THA,1998,10897.153,61522630.0,8.159587860107422,44.8016090932276,71.957,5.87889882998788
THA,1999,11253.388,62299043.0,0.4317442774772644,44.3675535728877,71.119,11.8617924582346
THA,2000,11622.525,63007815.0,1.5148396492004395,43.8829877665989,71.727,6.41687160709718
THA,2001,11901.318,63651141.0,1.3771734237670898,43.3792360174805,71.641,5.25258115113859
THA,2002,12512.184,64266437.0,0.6997039318084717,42.9588444120937,71.937,5.25258115113859
THA,2003,13287.305,64868166.0,1.8021938800811768,42.6269343596548,71.89,5.25258115113859
THA,2004,13997.001,65452047.0,2.767857551574707,42.3578746279834,71.915,0.949922531687858
THA,2005,14458.255,66017420.0,4.546968936920166,42.0963439239568,72.052,-0.354173197273536
THA,2006,15051.061,66567687.0,4.653032302856445,41.773454802002,71.598,1.11279460175694
THA,2007,15742.655,67102394.0,2.241356134414673,41.3866114142164,72.013,3.48698568702785
THA,2008,15891.782,67619830.0,5.44082498550415,40.9922627538581,72.017,0.654506894891978
THA,2009,15665.903,68121080.0,-0.8408627510070801,40.6382297866718,71.75,4.57231980497401
THA,2010,16730.37,68579447.0,3.27233624458313,40.2890456323974,71.211,0.243128638611464
THA,2011,16766.348,69007208.0,3.8031091690063477,39.9223743100647,72.743,1.2766820317925
THA,2012,17869.637,69436098.0,3.0100347995758057,39.6234784277851,72.403,3.21675712469183
THA,2013,18242.426,69845114.0,2.1859774589538574,39.4940129315302,69.796,3.22433498210821
THA,2014,18324.615,70216367.0,1.8943169116973877,39.5565144682596,69.392,3.45784317114814
THA,2015,18811.998,70540795.0,-0.8994065523147583,39.72661984392,68.856,3.45784317114814
THA,2016,19370.61,70859841.0,0.187514066696167,39.8914360247636,67.845,3.45784317114814
THA,2017,20094.678,71160187.0,0.665,40.0618541912691,66.965,3.45784317114814
THA,2018,20879.902,71376079.0,1.07,40.3013405116213,67.28,3.45784317114814
THA,2019,21277.84,71522271.0,0.7059999704360962,40.607794056073,66.46,3.45784317114814
THA,2020,19957.258,71641484.0,-0.8459371473565979,40.974368915158,66.285,3.45784317114814
THA,2021,20242.77,71727332.0,1.23039541318382,41.4084358543198,66.139,3.45784317114814
THA,2022,20762.795,71735329.0,6.07741228434321,41.9038541372374,66.549,3.45784317114814
THA,2023,21191.453,71702435.0,1.229,42.4662473757894,67.317,3.45784317114814
THA,2024,21740.541,71668011.0,0.398,43.0865648827834,66.604,3.45784317114814
TJK,1990,4173.046,5398768.0,8.755523470897565,89.4998415209496,43.8375,8.06297203407717
TJK,1991,3777.1074,5541205.0,8.755523470897565,90.4215752274854,54.005,8.06297203407717
TJK,1992,2630.3865,5649400.0,8.755523470897565,91.5701536589716,53.991,8.06297203407717
TJK,1993,2169.9675,5724993.0,2600.715087890625,93.069878903726,53.55,8.06297203407717
TJK,1994,1678.3385,5825368.0,350.3580017089844,94.0557079587795,53.275,8.06297203407717
TJK,1995,1439.5028,5948584.0,612.4810180664062,94.3929280326475,53.11,8.06297203407717
TJK,1996,1175.7941,6066523.0,418.47198486328125,93.8707792959,52.78,8.06297203407717
TJK,1997,1181.2811,6139829.0,87.95600128173828,92.3026087479438,52.725,8.06297203407717
TJK,1998,1236.6755,6176397.0,43.17499923706055,90.1370893660617,52.45,8.06297203407717
TJK,1999,1275.8225,6208370.0,27.45199966430664,87.5243339703586,52.56,8.06297203407717
TJK,2000,1365.2333,6284735.0,32.85100173950195,84.8141091599029,52.725,8.06297203407717
TJK,2001,1467.3988,6407377.0,38.55126953125,82.1958494099529,52.945,8.06297203407717
TJK,2002,1594.939,6531669.0,12.226142883300781,79.6141838620057,52.835,-3.87887629740887
TJK,2003,1736.6404,6658575.0,16.257076263427734,77.2114992826189,52.89,-8.15046296202619
TJK,2004,1878.287,6790547.0,7.131804943084717,75.0763673677751,51.1,2.45507802874919
TJK,2005,1965.3002,6924720.0,7.085783958435059,73.0961466114903,49.08,12.5741937374914
TJK,2006,2063.2886,7057566.0,9.98636245727539,71.2602403323497,46.96,2.55451745444762
TJK,2007,2181.898,7194477.0,13.142584800720215,69.7592546755616,45.308,-3.36220546540617
TJK,2008,2308.0942,7338403.0,20.51270294189453,68.5822066610905,42.367,-3.56503833011034
TJK,2009,2349.5002,7490230.0,7.440787315368652,67.5572053751767,39.522,9.35520128155154
TJK,2010,2449.2737,7652141.0,6.899653911590576,66.671879604656,39.143,9.72594138073503
TJK,2011,2572.4807,7824785.0,12.472928047180176,66.1456733097743,38.767,8.06297203407717
TJK,2012,2700.0955,8014084.0,5.826710224151611,65.7413184753698,38.401,8.24612510137313
TJK,2013,2828.3855,8216724.0,5.036922454833984,65.215142797166,38.03,19.9754473269452
TJK,2014,2943.0886,8425552.0,6.03087854385376,64.7981575112711,37.656,18.8653286469212
TJK,2015,3041.4448,8643840.0,5.4722771644592285,64.6546579324183,37.283,18.8653286469212
TJK,2016,3169.9668,8865631.0,6.035711765289307,64.6316867686227,36.912,18.8653286469212
TJK,2017,3312.712,9085946.0,7.31,64.645778430695,36.142,18.8653286469212
TJK,2018,3479.6924,9307333.0,3.83,64.8775137072655,35.311,18.8653286469212
TJK,2019,3649.8838,9529966.0,7.793000221252441,65.3067752248518,34.53,18.8653286469212
TJK,2020,3724.749,9749310.0,8.589,65.849974933617,34.0,18.8653286469212
TJK,2021,3985.9126,9966908.0,8.922046941795129,66.3779272694554,34.222,18.8653286469212
TJK,2022,4213.7563,10182222.0,6.591234920911505,66.8418998393555,35.161,18.8653286469212
TJK,2023,4472.324,10389799.0,3.652,67.1019442904471,35.413,18.8653286469212
TJK,2024,4755.933,10590927.0,3.505,66.9813440301354,35.647,18.8653286469212
TKM,1990,7925.498,3760562.0,8.040499980926514,81.0873827923354,45.7595,
TKM,1991,7373.584,3855894.0,8.040499980926514,81.1081530969594,47.795,
TKM,1992,6128.9155,3944689.0,8.040499980926514,81.1573676700683,50.005,
TKM,1993,6085.5254,4032407.0,3102.39990234375,80.9949769088622,50.098,
TKM,1994,4929.734,4116662.0,1748.300048828125,80.5567409932442,51.355,
TKM,1995,4493.4277,4191203.0,1005.260986328125,79.9615963121468,50.754,
TKM,1996,4712.8335,4263819.0,992.3889770507812,78.8962341256455,48.965,
TKM,1997,4105.369,4336730.0,83.72200012207031,77.2715325561024,50.589,
TKM,1998,4323.302,4410507.0,16.770999908447266,75.186516402282,49.148,
TKM,1999,4945.0854,4492170.0,23.46500015258789,72.8179102134905,47.002,
TKM,2000,5112.5293,4582677.0,8.039999961853027,70.3890407943669,47.079,
TKM,2001,5228.803,4675409.0,11.631999969482422,68.0355363171198,47.224,
TKM,2002,5138.871,4769465.0,8.753000259399414,65.8206662149256,47.857,
TKM,2003,5203.8545,4863865.0,5.586999893188477,63.7820708168489,48.141,
TKM,2004,5360.224,4958093.0,5.885000228881836,61.8357532074403,48.203,
TKM,2005,5945.9526,5052257.0,10.708000183105469,59.9336113140604,47.338,
TKM,2006,6476.828,5147105.0,8.156999588012695,58.0961095389874,46.743,
TKM,2007,7060.1484,5244046.0,6.258999824523926,56.2962342587438,46.181,
TKM,2008,7944.996,5345029.0,14.538999557495117,54.5793253554075,45.332,
TKM,2009,8264.865,5451592.0,-2.671999931335449,53.0188969464663,45.338,
TKM,2010,8842.333,5564356.0,4.447000026702881,51.6877450217362,44.689,
TKM,2011,9929.689,5683417.0,5.2769999504089355,50.66872067968,43.675,
TKM,2012,10794.233,5808546.0,5.314000129699707,49.9899680397498,43.029,
TKM,2013,11633.291,5939341.0,6.814000129699707,49.6527243219463,42.504,
TKM,2014,12544.398,6075283.0,6.008999824523926,49.6360012127956,42.023,
TKM,2015,13057.83,6215770.0,7.40500020980835,49.8828092786115,41.786,
TKM,2016,13552.848,6360041.0,3.6459999084472656,50.362522707908,41.581,
TKM,2017,14107.667,6507061.0,8.041,51.0505542299452,41.375,
TKM,2018,14648.136,6655524.0,13.3,51.9153750883916,41.199,
TKM,2019,15231.306,6803944.0,5.0920000076293945,52.9006878790807,41.03,
TKM,2020,15791.178,6949912.0,7.583,53.9054052049039,39.682,
TKM,2021,16434.14,7092043.0,14.95,54.8331023876948,39.842,
TKM,2022,17119.574,7230193.0,11.476,55.6044069090817,40.506,
TKM,2023,17866.404,7364438.0,-1.588,56.11056820952,40.309,
TKM,2024,18662.299,7494498.0,4.798,56.3406372282943,40.473,
TLS,1990,2143.792,760345.0,3.5075000000000003,79.8598675791202,66.548,2.61591842438314
TLS,1991,2318.7942,778278.0,3.5075000000000003,80.4142017320995,69.253,2.61591842438314
TLS,1992,2493.9087,799318.0,3.5075000000000003,80.9607251849638,69.161,2.61591842438314
TLS,1993,2674.3992,821437.0,3.5075000000000003,81.5615267809977,69.068,2.61591842438314
TLS,1994,2786.6763,844493.0,3.5075000000000003,82.1046661822008,68.998,2.61591842438314
TLS,1995,2891.8647,868146.0,3.5075000000000003,82.4813713228725,68.899,2.61591842438314
TLS,1996,3038.2305,892282.0,3.5075000000000003,82.6358385288952,68.7,2.61591842438314
TLS,1997,3073.9705,917184.0,3.5075000000000003,82.5968544694406,68.609,2.61591842438314
TLS,1998,2931.481,942530.0,3.5075000000000003,82.3440305206463,68.688,2.61591842438314
TLS,1999,2136.6494,834697.0,3.5075000000000003,82.0002878174714,70.011,2.61591842438314
TLS,2000,3783.7834,745088.0,3.5075000000000003,81.7305534688143,67.225,2.61591842438314
TLS,2001,4038.336,812249.0,3.5075000000000003,81.5625237501285,66.878,2.61591842438314
TLS,2002,3480.9885,879159.0,3.5075000000000003,81.3080276676744,67.31,2.61591842438314
TLS,2003,3264.9465,916878.0,7.17,80.9919362002428,67.282,2.61591842438314
TLS,2004,3234.9758,929074.0,3.24,80.6605543834404,67.064,2.61591842438314
TLS,2005,3263.9446,948311.0,1.11,81.1793813645135,66.941,2.61591842438314
TLS,2006,3038.9526,976597.0,3.94,82.5124980143342,67.153,2.61591842438314
TLS,2007,3256.5698,1004889.0,10.3,83.6567633362332,66.784,2.61591842438314
TLS,2008,3530.8823,1032429.0,9.06,84.4121975964905,66.312,2.61591842438314
TLS,2009,3792.3582,1058782.0,0.67,84.8682521917227,65.889,2.61591842438314
TLS,2010,4047.2495,1084679.0,6.77,85.1582077526578,65.419,2.61591842438314
TLS,2011,4189.8,1110207.0,13.5,85.0594830302091,65.127,-0.46742368054435
TLS,2012,4297.915,1134885.0,11.8,84.3909683058831,64.928,5.69926052931063
TLS,2013,4340.2783,1158695.0,10.99,83.1870928982483,64.765,-3.62525355375105
TLS,2014,4445.3594,1181903.0,0.85,81.5588924305849,64.556,13.6944240129996
TLS,2015,4467.8003,1205131.0,0.65,79.8035950871916,64.422,13.6944240129996
TLS,2016,4515.423,1228312.0,-1.47,78.0492613122434,63.711,13.6944240129996
TLS,2017,4290.0273,1251703.0,0.52,76.3036466329563,64.205,13.6944240129996
TLS,2018,4188.8413,1275959.0,2.29,74.5703324878166,64.674,13.6944240129996
TLS,2019,5103.1494,1300945.0,0.96,72.8233434295127,64.416,13.6944240129996
TLS,2020,6594.882,1326053.0,0.488,71.0611048617633,64.07,13.6944240129996
TLS,2021,6825.046,1350139.0,3.775,69.2591979701031,64.914,13.6944240129996
TLS,2022,5348.492,1369295.0,7.005,67.3349252593194,65.537,13.6944240129996
TLS,2023,4331.078,1384286.0,8.42,65.4641122246022,65.562,13.6944240129996
TLS,2024,3890.9575,1400638.0,2.063,63.7629138391458,65.746,13.6944240129996
TON,1990,4487.8193,99700.0,5.631999969482422,82.4837558341722,55.652,8.59924321293883
TON,1991,4766.388,99895.0,13.920999526977539,82.2901459854015,55.945,8.59924321293883
TON,1992,4772.331,100022.0,8.597000122070312,82.1728440032784,57.01,8.59924321293883
TON,1993,4946.718,100103.0,1.809999942779541,82.0436814635654,58.114,8.59924321293883
TON,1994,5188.4395,100166.0,3.921999931335449,81.8191719155579,58.913,8.59924321293883
TON,1995,5508.3394,100225.0,-0.47999998927116394,81.5440071005488,58.503,8.59924321293883
TON,1996,5510.7085,100275.0,2.6740000247955322,81.2111464507735,57.955,8.59924321293883
TON,1997,5455.9053,100674.0,1.8980000019073486,80.4276138929711,57.422,8.59924321293883
TON,1998,5541.683,101388.0,3.2739999294281006,79.317663288587,56.97,8.59924321293883
TON,1999,5632.7227,102046.0,4.464000225067139,78.3816382896899,56.584,8.59924321293883
TON,2000,5808.265,102677.0,6.328000068664551,77.7002820996521,56.232,8.59924321293883
TON,2001,5860.0806,103288.0,8.289999961853027,77.3306321464135,55.816,8.59924321293883
TON,2002,6085.1133,103874.0,10.359000205993652,77.2805625245337,55.465,8.59924321293883
TON,2003,6053.88,104464.0,11.638999938964844,77.5377712819293,55.019,8.59924321293883
TON,2004,5900.4575,105071.0,10.972999572753906,77.9748293443095,55.602,8.59924321293883
TON,2005,5828.3706,105671.0,8.666000366210938,78.3807964347811,56.159,8.59924321293883
TON,2006,5670.914,106253.0,6.14900016784668,78.6905923110558,56.74,8.59924321293883
TON,2007,5506.652,106726.0,5.8420000076293945,78.5402412299045,56.451,8.59924321293883
TON,2008,5758.5684,107020.0,10.446999549865723,77.8952442693529,56.237,8.59924321293883
TON,2009,5453.875,107203.0,1.4270000457763672,77.1820510701595,55.969,8.59924321293883
TON,2010,5488.7505,107400.0,3.5350000858306885,76.5331448577393,55.652,8.59924321293883
TON,2011,5847.444,107570.0,6.270999908447266,76.1796354226379,55.278,8.59924321293883
TON,2012,5907.267,107460.0,1.1480000019073486,75.9850643608136,54.979,5.41099056911256
TON,2013,5951.6943,107078.0,2.109999895095825,75.664413675438,54.666,11.9183091003653
TON,2014,6096.869,106609.0,1.1710000038146973,75.2630367593871,54.304,8.59924321293883
TON,2015,6194.639,106095.0,-1.0540000200271606,74.6407466543761,53.927,8.59924321293883
TON,2016,6639.1367,105524.0,2.5799999237060547,74.0343701553584,53.567,8.59924321293883
TON,2017,6862.669,105356.0,7.369,73.7503504460973,53.188,8.59924321293883
TON,2018,6885.1025,105567.0,2.91,73.47015906402,52.781,8.59924321293883
TON,2019,6858.839,105669.0,3.2860000133514404,73.0916655746298,52.31,8.59924321293883
TON,2020,6980.41,105704.0,0.242,72.7347005474303,50.968,8.59924321293883
TON,2021,6929.177,105490.0,1.414,72.6332498731733,50.838,8.59924321293883
TON,2022,6810.61,105042.0,10.9713652903022,72.8403593642018,50.349,8.59924321293883
TON,2023,7030.419,104597.0,10.176,73.0878702631144,49.765,8.59924321293883
TTO,1990,11869.528,1252208.0,11.064000129699707,61.7018748878154,57.369,-2.26765231641426
TTO,1991,12142.349,1262171.0,3.799999952316284,60.7771803582734,48.247,11.4180715014814
TTO,1992,13267.978,1271674.0,6.485722064971924,59.6455262057771,47.84,23.9009040137204
TTO,1993,13088.707,1280466.0,10.75802993774414,58.2726120948055,47.803,6.14659062527688
TTO,1994,13472.746,1288341.0,8.846385955810547,56.6785401133187,49.506,2.39376429703458
TTO,1995,13912.313,1295169.0,5.299286842346191,54.8591324476627,51.061,10.5572179834026
TTO,1996,14838.902,1300928.0,3.2333691120147705,52.858829819109,52.396,13.6889405947771
TTO,1997,15895.244,1305836.0,3.6878015995025635,50.7750998173383,53.392,19.5703910137175
TTO,1998,17129.092,1310225.0,5.627293109893799,48.6762718422805,54.106,19.5528120152647
TTO,1999,18440.574,1314708.0,3.3671493530273438,46.6396967952922,54.848,12.2129398478866
TTO,2000,19637.555,1319774.0,3.5698418617248535,44.6860432992313,55.443,3.97779499579407
TTO,2001,20366.754,1325567.0,5.601027488708496,42.8508616425469,56.203,12.5228375094763
TTO,2002,21876.854,1332011.0,4.120769500732422,41.2193523899994,56.497,18.6395676414552
TTO,2003,24910.822,1338709.0,3.781348705291748,39.8258012224622,57.46,0.622840512635647
TTO,2004,26757.908,1345380.0,3.7568423748016357,38.6619847504478,59.885,0.393330894931759
TTO,2005,29536.44,1294494.0,6.841342926025391,37.7387962350157,61.18,-3.72150193385783
TTO,2006,33348.75,1297944.0,8.310624122619629,37.0547376735169,62.37,9.03210307148484
TTO,2007,34793.645,1303188.0,7.861637592315674,36.5640086809904,62.343,-0.888544431909194
TTO,2008,35825.332,1308587.0,12.069966316223145,36.2472799208704,62.785,-9.17262279754077
TTO,2009,34212.27,1310106.0,7.062957763671875,36.0950095570514,61.516,54.6777282052185
TTO,2010,35145.125,1317714.0,10.533347129821777,36.1101843464105,61.241,-3.06106094642406
TTO,2011,34769.76,1328019.0,5.078037261962891,36.2905286621654,60.633,-6.70574309512339
TTO,2012,36903.69,1335194.0,9.288704872131348,36.6101684510362,61.257,7.33818556695434
TTO,2013,37994.07,1340557.0,5.14931583404541,37.0441855092139,61.961,5.40895175825991
TTO,2014,39248.656,1345343.0,5.689053058624268,37.5589461070007,62.319,8.55660517548072
TTO,2015,38963.965,1349667.0,4.6593804359436035,38.1403751183439,61.515,8.55660517548072
TTO,2016,35914.99,1353895.0,3.0941388607025146,38.7665220813723,60.052,8.55660517548072
TTO,2017,34095.99,1356633.0,1.884,39.3960473561017,59.477,8.55660517548072
TTO,2018,33710.02,1359193.0,1.03,39.6459929683535,59.009,8.55660517548072
TTO,2019,33748.707,1363985.0,1.0010000467300415,40.2210664936843,58.547,8.55660517548072
TTO,2020,30720.887,1366725.0,0.5989863308244281,41.2232789405813,56.171,8.55660517548072
TTO,2021,30482.121,1367558.0,2.0610687022900764,41.7652156605823,55.07,8.55660517548072
TTO,2022,30784.111,1365805.0,5.54308418631475,42.1590638234979,55.792,8.55660517548072
TTO,2023,31196.604,1367510.0,4.629,42.614599248085,57.278,8.55660517548072
TTO,2024,31960.156,1368333.0,0.526884625776816,43.1406495832357,56.223,8.55660517548072
TUN,1990,6742.5845,8324509.0,6.394099712371826,71.9024808485234,40.7585,
TUN,1991,6859.7344,8501827.0,8.243969917297363,70.4138904362038,41.3,
TUN,1992,7241.291,8682512.0,5.799794673919678,68.8582456192213,41.437,
TUN,1993,7253.336,8857910.0,3.9406967163085938,67.2033916701352,41.27,
TUN,1994,7350.656,9018448.0,4.804800033569336,65.502244390858,41.243,
TUN,1995,7406.239,9161258.0,6.196279048919678,63.8340853286694,41.079,
TUN,1996,7821.792,9294432.0,3.79426646232605,62.2115877985696,41.243,
TUN,1997,8136.3374,9421270.0,3.6393141746520996,60.6115577340321,41.337,
TUN,1998,8417.985,9541667.0,3.1039376258850098,58.9643202481143,41.233,
TUN,1999,8821.988,9655963.0,2.6911938190460205,57.2417547504502,41.019,
TUN,2000,9134.415,9764935.0,2.9612104892730713,55.4608438213728,40.803,
TUN,2001,9380.563,9869677.0,1.941328763961792,53.660525234157,40.714,
TUN,2002,9407.557,9971515.0,2.764843463897705,51.9112777835838,40.298,
TUN,2003,9752.024,10071632.0,2.7453694343566895,50.2584264600528,39.975,
TUN,2004,10263.806,10166163.0,3.6072144508361816,48.7389360170876,39.793,
TUN,2005,10529.16,10255472.0,2.0245018005371094,47.4404054705282,40.15,
TUN,2006,10983.922,10346410.0,4.1076884269714355,46.3887240167153,40.671,
TUN,2007,11613.925,10441702.0,3.423574209213257,45.5415647182237,40.868,
TUN,2008,11990.196,10542635.0,4.918409824371338,44.8953248719495,41.002,
TUN,2009,12229.775,10650681.0,3.591411828994751,44.4685451077198,40.892,
TUN,2010,12458.271,10765980.0,4.287721633911133,44.2865187934696,41.237,
TUN,2011,12068.714,10886035.0,3.2207958698272705,44.330555449489,38.899,
TUN,2012,12436.3955,11009647.0,4.615233421325684,44.5723999969535,39.744,
TUN,2013,12587.995,11141361.0,5.322719573974609,45.0647236444453,40.163,
TUN,2014,12824.003,11274288.0,4.634850978851318,45.6850530876263,40.824,
TUN,2015,12802.792,11402264.0,4.446964263916016,46.3571118128582,40.296,
TUN,2016,12803.88,11528674.0,3.6077282428741455,47.1066362415689,40.296,
TUN,2017,12955.401,11650498.0,5.308839,47.8580034971682,40.208,
TUN,2018,13163.195,11765514.0,7.27,48.605731168883,41.095,
TUN,2019,13243.902,11875081.0,6.7220001220703125,49.3812826199351,41.158,
TUN,2020,11955.599,11974057.0,5.634151158976188,50.0715512342682,37.474,
TUN,2021,12444.326,12048622.0,5.70635020830703,50.4189303353303,37.706,
TUN,2022,12712.224,12119334.0,8.30646124447628,50.5514810011478,39.304,
TUN,2023,12650.962,12200431.0,9.323,50.6050838772721,38.865,
TUN,2024,12774.916,12277109.0,7.20661657168791,50.531188748014,38.508,
TUR,1990,12184.199,56015628.0,60.30387878417969,68.2237810347092,45.958,
TUR,1991,12057.936,57009887.0,65.97856140136719,66.9994975358517,52.318,
TUR,1992,12451.045,57990118.0,70.07608795166016,65.7903098491365,51.226,
TUR,1993,13174.467,58999167.0,66.0938491821289,64.5681550773813,47.479,
TUR,1994,12343.004,60033836.0,105.21501159667969,63.3480515860618,49.962,
TUR,1995,13099.258,61024503.0,89.1133041381836,62.0979741665925,49.988,
TUR,1996,13826.92,61951134.0,80.41214752197266,60.8090209430509,50.172,
TUR,1997,14631.296,62852966.0,85.66937255859375,59.56187620375,48.958,
TUR,1998,14704.339,63734383.0,84.6413345336914,58.3947836154959,49.159,
TUR,1999,14066.189,64591923.0,64.86747741699219,57.3100413594485,48.649,
TUR,2000,14856.915,65425961.0,54.915382385253906,56.3172082445777,46.704,
TUR,2001,13872.129,66245128.0,54.400184631347656,55.4197844017726,45.646,
TUR,2002,14587.895,67048795.0,44.96411895751953,54.6201100107839,44.442,
TUR,2003,15255.718,67831730.0,21.602441787719727,53.9106325504308,43.236,
TUR,2004,16583.883,68592617.0,8.598257064819336,53.2784264879328,41.287,
TUR,2005,17902.596,69329557.0,8.179159164428711,52.7174114645273,41.493,
TUR,2006,18972.01,70045349.0,9.597247123718262,52.2002887151974,41.54,
TUR,2007,19909.084,70158112.0,8.756175994873047,51.7039880562328,41.475,
TUR,2008,19839.584,71051678.0,10.444130897521973,51.0570512318991,41.745,
TUR,2009,18612.193,72039206.0,6.250977993011475,50.2459919396016,41.164,
TUR,2010,19897.447,73142150.0,8.566448211669922,49.4548531901584,43.007,
TUR,2011,21760.43,74223629.0,6.471874713897705,48.7243135492246,44.983,
TUR,2012,22517.715,75175827.0,8.891575813293457,48.0371465077245,45.357,
TUR,2013,24117.312,76147624.0,7.493082523345947,47.3558028630143,45.902,
TUR,2014,24888.852,77181884.0,8.854578971862793,46.6296994569191,45.511,
TUR,2015,25984.803,78218479.0,7.670849800109863,45.9452643498497,46.014,
TUR,2016,26489.645,79277962.0,7.7751312255859375,45.5909695430664,46.333,
TUR,2017,28194.688,80312698.0,11.144,45.4922047348395,47.063,
TUR,2018,28780.303,81407204.0,16.33,45.5464015844488,47.382,
TUR,2019,28741.053,82579440.0,15.177000045776367,45.9523014817405,45.681,
TUR,2020,28976.719,83384680.0,12.279,46.4852950931551,42.848,
TUR,2021,32105.547,84147318.0,19.59649,46.8236862996519,45.212,
TUR,2022,33520.812,84979913.0,72.30884,46.8629054112918,47.503,
TUR,2023,35069.17,85325965.0,53.859,46.7152423180544,48.308,
TUR,2024,36154.492,85518661.0,5.09976568317427,46.483848695231,49.43,
TUV,1990,2984.2856,8798.0,2.36899995803833,66.8183541903678,,
TUV,1991,3046.9717,8928.0,2.36899995803833,68.4716981132076,,
TUV,1992,3093.827,9038.0,2.36899995803833,70.1110483719179,,
TUV,1993,3189.949,9126.0,2.36899995803833,71.6892400300978,,
TUV,1994,3487.0337,9207.0,2.36899995803833,72.6744186046512,,
TUV,1995,3286.469,9280.0,2.36899995803833,73.328352633545,,
TUV,1996,3070.0393,9342.0,2.36899995803833,73.8183848157797,,
TUV,1997,3356.3071,9400.0,2.36899995803833,74.0418441029439,,
TUV,1998,3855.6548,9451.0,2.36899995803833,73.7635594778452,,
TUV,1999,3777.3718,9496.0,2.36899995803833,73.379587365346,,
TUV,2000,3721.8994,9544.0,2.36899995803833,73.1180845274805,,
TUV,2001,3705.5923,9586.0,1.531000018119812,72.6715907043776,,
TUV,2002,4042.9011,9623.0,5.051000118255615,72.177491501163,,
TUV,2003,3838.4036,9695.0,2.9140000343322754,71.2594947889066,,
TUV,2004,3704.9272,9816.0,2.36899995803833,70.003463803256,,
TUV,2005,3488.5364,9940.0,3.2209999561309814,68.7033265444671,,
TUV,2006,3532.3994,10056.0,4.190000057220459,67.2654690618762,,
TUV,2007,3737.8787,10182.0,2.2850000858306885,65.8306188925081,,
TUV,2008,3933.374,10321.0,10.442999839782715,64.3368890304092,,
TUV,2009,3638.1875,10461.0,-0.28299999237060547,62.9693098613491,,
TUV,2010,3506.0603,10614.0,-1.8530000448226929,61.9127516778523,,
TUV,2011,3687.4392,10780.0,0.5009999871253967,61.1842105263158,,
TUV,2012,3558.1523,10934.0,1.4170000553131104,60.9361201059759,,
TUV,2013,3690.242,11001.0,2.007999897003174,60.6454439252336,,
TUV,2014,3695.9534,10984.0,1.0729999542236328,60.0466268395745,,
TUV,2015,4088.7659,10963.0,3.1440000534057617,59.6156645799971,,
TUV,2016,4333.249,10930.0,3.510999917984009,59.1815931265472,,
TUV,2017,4464.259,10869.0,4.12,58.8106370543542,,
TUV,2018,4575.869,10751.0,2.14,58.9826999852137,,
TUV,2019,5292.0303,10581.0,2.177000045776367,59.4724943481537,,
TUV,2020,5154.4595,10399.0,1.57,59.7143295960682,,
TUV,2021,5352.9785,10194.0,2.944,59.7555242125059,,
TUV,2022,5498.1846,9992.0,11.477,60.9536082474227,,
TUV,2023,5812.3994,9816.0,7.172,63.6,,
TZA,1990,1794.2046,26110207.0,36.400001525878906,97.2456014617362,83.35149999999999,6.3895651962267
TZA,1991,1785.664,26780436.0,25.200000762939453,96.5367023394313,83.537,6.3895651962267
TZA,1992,1751.9185,27457588.0,20.700000762939453,95.8148635390732,83.442,1.58355399739277
TZA,1993,1718.3931,28332692.0,26.100000381469727,94.0525829108998,83.205,2.32913142436849
TZA,1994,1679.6624,29442356.0,37.900001525878906,91.3681355833495,83.144,2.47906227762907
TZA,1995,1685.8511,30383497.0,26.770000457763672,89.959281618922,83.261,8.62600723892256
TZA,1996,1730.5546,30945762.0,21.048999786376953,90.6227731964554,83.455,12.2796875650025
TZA,1997,1755.8037,31578089.0,16.13800048828125,91.0810748337651,83.586,4.71257839785652
TZA,1998,1773.7242,32420458.0,12.777999877929688,90.7124970219975,83.626,7.59081240798158
TZA,1999,1810.9716,33300330.0,7.888999938964844,90.3820403709978,83.673,9.28291793674511
TZA,2000,1839.9366,34260139.0,5.955999851226807,89.9082784429868,83.736,12.3625316450654
TZA,2001,1899.7454,35198299.0,5.146999835968018,89.7620220724384,83.85,14.5410020183044
TZA,2002,1982.6443,36121304.0,4.554999828338623,89.8883631341803,84.215,8.54700274679886
TZA,2003,2059.8374,37089555.0,4.428999900817871,90.0505133577548,84.569,5.62474851993463
TZA,2004,2155.2415,38109668.0,4.138000011444092,90.3097721850774,84.894,6.78734531634907
TZA,2005,2253.0933,39182076.0,4.359000205993652,90.6762965909488,85.177,8.29001316534224
TZA,2006,2334.1045,40294902.0,7.250999927520752,91.0767350765245,85.434,9.61235270450994
TZA,2007,2423.616,41435512.0,7.0279998779296875,91.4270477925087,85.208,6.3895651962267
TZA,2008,2493.2593,42570728.0,10.276000022888184,91.8198503154903,84.938,-1.20176222947434
TZA,2009,2560.811,43633982.0,12.144000053405762,92.4557016271145,84.671,5.49223043385646
TZA,2010,2654.8035,44758488.0,7.191999912261963,92.8167061072576,83.69,4.67468740278379
TZA,2011,2779.7078,46029367.0,12.690999984741211,92.60622527949,82.773,2.464304206777
TZA,2012,2822.4854,47374260.0,15.972935676574707,92.233280830003,82.429,4.59141372169781
TZA,2013,2924.8633,48824128.0,7.841911792755127,91.7543640263095,82.102,5.64864168084363
TZA,2014,3027.569,50351512.0,6.1266703605651855,91.2304392041999,82.182,9.65573386813088
TZA,2015,3111.4446,52020962.0,5.606648921966553,90.382069839357,82.248,9.65573386813088
TZA,2016,3214.2468,53824013.0,5.178741931915283,89.3048051417289,82.274,9.65573386813088
TZA,2017,3318.2883,55652890.0,5.321,88.4175088164829,82.305,9.65573386813088
TZA,2018,3392.6887,57437145.0,3.51,87.7810296358629,82.332,9.65573386813088
TZA,2019,3484.6326,59174891.0,3.4489998817443848,87.2431978937846,82.357,9.65573386813088
TZA,2020,3449.8215,60972798.0,3.2902906279836364,86.5379845130098,81.353,9.65573386813088
TZA,2021,3493.083,62830412.0,3.689969250256232,85.737762820315,82.162,9.65573386813088
TZA,2022,3546.981,64711821.0,4.35027204269101,85.0182361204846,82.453,9.65573386813088
TZA,2023,3620.7935,66617606.0,3.799,84.3899011707131,82.455,9.65573386813088
TZA,2024,3713.263,68560157.0,3.05694676312369,83.7597146713438,82.445,9.65573386813088
UGA,1990,1080.0383,17569897.0,45.400001525878906,105.27250875451,71.6955,-3.95720976393387
UGA,1991,1103.229,18155901.0,20.819000244140625,105.561804062619,70.807,6.66352496955188
UGA,1992,1102.73,18785032.0,42.24800109863281,105.738816304519,70.795,-4.10629276197428
UGA,1993,1153.9937,19445161.0,29.9689998626709,105.965110891878,70.907,-4.10629276197428
UGA,1994,1187.3678,20108801.0,5.849999904632568,106.44291205141,71.041,13.0219188749714
UGA,1995,1288.5089,20665667.0,6.7870001792907715,108.022933827083,71.433,9.86141311306233
UGA,1996,1367.9457,21231550.0,7.515999794006348,109.501248775079,71.641,15.0342472430885
UGA,1997,1396.6311,21856046.0,7.729000091552734,110.437093155186,71.756,17.7268705699556
UGA,1998,1422.2079,22515806.0,5.834000110626221,111.093630244514,71.701,11.1006860778351
UGA,1999,1487.7579,23257281.0,5.757665157318115,111.132887554241,71.69,21.6868316492978
UGA,2000,1487.005,24000150.0,3.3759987354278564,111.202172904865,71.674,10.6216142695141
UGA,2001,1516.9642,24745676.0,1.937253475189209,111.209538199074,71.685,17.3344956748948
UGA,2002,1598.5829,25532870.0,-0.30481743812561035,110.905017009275,71.642,22.9955928360462
UGA,2003,1649.1483,26352124.0,8.72474479675293,110.402331085896,71.493,10.3290387321641
UGA,2004,1709.3616,27154515.0,3.6701221466064453,110.087749464791,72.098,4.33924393856924
UGA,2005,1765.0378,27963289.0,8.605508804321289,109.760305775951,72.623,21.7655522885928
UGA,2006,1898.9791,28794003.0,7.216407775878906,109.306445131681,72.245,15.9090043564186
UGA,2007,1999.0625,29653430.0,6.087690353393555,108.692196658918,71.835,10.9806235436646
UGA,2008,2110.1006,30539553.0,12.031277656555176,107.885150146124,71.425,13.2429702962502
UGA,2009,2188.299,31451151.0,13.007258415222168,106.955953092401,70.861,-34.7434429588376
UGA,2010,2244.606,32390802.0,3.995403528213501,105.957237112969,70.692,13.7612146491897
UGA,2011,2384.4653,33354543.0,18.660654067993164,104.991946480974,77.332,11.3734989307615
UGA,2012,2405.0945,34337438.0,14.030113220214844,104.015180479864,67.436,21.4880791448606
UGA,2013,2420.8882,35337042.0,5.470560073852539,102.960950754645,82.91,19.0146300185037
UGA,2014,2470.504,36395539.0,4.2960028648376465,101.659121068481,75.386,15.6773841196638
UGA,2015,2520.02,37531446.0,3.6902787685394287,100.031967639667,73.558,15.6773841196638
UGA,2016,2554.2278,38799152.0,5.168877601623535,97.947403817142,71.562,15.6773841196638
UGA,2017,2543.8477,40177388.0,5.629,95.640435867303,69.299,15.6773841196638
UGA,2018,2613.88,41565831.0,2.62,93.5640775343582,72.364,15.6773841196638
UGA,2019,2689.4102,42999637.0,2.869999885559082,91.5697078154151,74.881,15.6773841196638
UGA,2020,2678.009,44457152.0,3.7944227490439966,89.7016309112795,75.029,15.6773841196638
UGA,2021,2684.9204,45910930.0,2.207300898293816,88.0347218678354,76.591,15.6773841196638
UGA,2022,2724.906,47312719.0,7.19578885975806,86.6448141858633,77.722,15.6773841196638
UGA,2023,2791.0557,48656601.0,5.352,85.4896724288882,77.795,15.6773841196638
UGA,2024,2879.6702,50015092.0,3.323,84.2692386918341,77.781,15.6773841196638
UKR,1990,22815.799,52054092.0,2.200000047683716,50.7409137088706,51.703,1.93111737385511
UKR,1991,20784.16,52170961.0,2.200000047683716,50.9845912314443,58.155,1.93111737385511
UKR,1992,18671.873,52323671.0,2.200000047683716,51.2131504133231,57.93,-90.5953895690587
UKR,1993,16012.372,52350126.0,4660.58056640625,51.3893809875295,57.647,-91.7214816284213
UKR,1994,12410.525,52075998.0,861.0501098632812,51.6317226416987,57.422,-66.7345983429954
UKR,1995,10983.009,51665539.0,376.02191162109375,51.3330009207008,55.083,-56.8251776566729
UKR,1996,9969.501,51226109.0,77.82040405273438,50.6065689738015,53.686,8.26845049497662
UKR,1997,9754.05,50786885.0,15.621367454528809,49.9232950219756,52.731,26.2910759245072
UKR,1998,9646.055,50379731.0,10.660778045654297,48.6410746163886,51.142,37.9286524289287
UKR,1999,9704.445,49976446.0,22.831464767456055,46.9112274706498,50.625,21.6268360560101
UKR,2000,10364.0625,49556660.0,28.259199142456055,45.5082031520681,50.51,11.0014569626244
UKR,2001,11379.386,49106855.0,11.907610893249512,44.4619703115316,50.673,20.0334624721958
UKR,2002,12092.789,48677281.0,0.7243602871894836,43.7827952677339,50.991,19.0926391889736
UKR,2003,13342.88,48315136.0,5.222138404846191,43.4992725559268,51.392,8.99608127369122
UKR,2004,15021.066,47979507.0,9.034411430358887,43.2844447040593,51.443,1.81291767240014
UKR,2005,15610.573,47585556.0,13.528461456298828,42.9263643308974,52.02,-6.38367731879631
UKR,2006,16901.508,47278694.0,9.093724250793457,42.5377338231405,52.009,0.275719908852206
UKR,2007,18374.014,47062798.0,12.886405944824219,42.2913224989539,52.668,-7.28020736362096
UKR,2008,18883.986,46819175.0,25.1955623626709,41.7453667037233,52.668,-8.93474204549135
UKR,2009,16092.796,46623731.0,15.855276107788086,41.2449127726442,51.28,7.31013899639914
UKR,2010,16811.795,46456003.0,9.32939624786377,40.8671467578984,51.703,1.93111737385511
UKR,2011,17783.957,46307853.0,7.946462631225586,40.5166354406486,51.849,1.54605607669365
UKR,2012,17848.74,46210056.0,0.5904635787010193,40.8345526687369,52.036,9.64012656225918
UKR,2013,17889.092,46126770.0,-0.2305893748998642,41.3166740567217,52.244,11.8306483626893
UKR,2014,16978.812,45972380.0,12.147513389587402,42.0954905825425,51.068,1.56710691487677
UKR,2015,15403.71,45784896.0,48.567359924316406,43.3341607506951,51.147,1.56710691487677
UKR,2016,15856.8125,45616832.0,13.951966285705566,44.485957567843,51.035,1.56710691487677
UKR,2017,16310.36,45436041.0,14.443,45.6557777135064,50.956,1.56710691487677
UKR,2018,16978.984,45208907.0,10.94,46.557661136037,51.357,1.56710691487677
UKR,2019,17636.555,44957458.0,7.886000156402588,47.2491268952806,51.703,1.56710691487677
UKR,2020,17092.54,44680014.0,2.732492094194408,47.8846379680524,49.867,1.56710691487677
UKR,2021,17846.408,44298640.0,9.360625035712141,48.2195987327939,49.266,1.56710691487677
UKR,2022,13787.121,41048766.0,20.1836366617479,48.5413219822399,49.266,1.56710691487677
UKR,2023,15916.958,37732836.0,12.851,48.927142092575,49.266,1.56710691487677
UKR,2024,16319.845,37860221.0,6.50198464669252,48.9225090613665,49.266,1.56710691487677
URY,1990,14060.846,3104403.0,112.18057250976562,59.2889168018702,56.159,30.0929945522835
URY,1991,14474.732,3122354.0,102.0875244140625,59.0412762608654,52.372,23.5892117071898
URY,1992,15536.487,3139702.0,68.47437286376953,58.8598045535363,52.439,34.1540388503464
URY,1993,15865.277,3156345.0,54.09738540649414,58.7725047749787,51.865,31.4404148110329
URY,1994,16932.03,3172834.0,44.7547721862793,58.7993083135012,52.857,38.2846468009618
URY,1995,16600.04,3189440.0,42.256046295166016,58.9881196578214,53.259,38.9945400827513
URY,1996,17433.693,3206324.0,28.333091735839844,59.2603832889857,53.115,49.2501611683981
URY,1997,18823.941,3223345.0,19.825115203857422,59.4958631026161,53.72,32.837043725537
URY,1998,19577.79,3239280.0,10.801271438598633,59.6483800712565,55.297,38.9362063412469
URY,1999,19192.717,3254015.0,5.661448955535889,59.7460863862008,53.536,45.9691944128567
URY,2000,18752.059,3266206.0,4.757482528686523,59.8113405108553,52.567,42.4969239585893
URY,2001,17986.9,3274251.0,4.371983528137207,59.8489216395122,52.289,43.2064213627233
URY,2002,16572.79,3278867.0,13.95589828491211,59.8358581980962,49.987,93.9150781315781
URY,2003,16694.44,3281186.0,19.402986526489258,59.703312305219,49.264,36.3812989440391
URY,2004,17519.379,3283148.0,9.16342830657959,59.4505495039191,51.763,12.3282787037608
URY,2005,18811.32,3285771.0,4.702298164367676,59.214030422378,52.367,12.8445855762339
URY,2006,19560.082,3289506.0,6.39436674118042,58.9850686251671,55.26,1.7089111284159
URY,2007,20803.893,3295153.0,8.11267375946045,58.6708765063403,57.816,-1.24667058477178
URY,2008,22249.383,3302177.0,7.877463340759277,58.3029599925215,58.869,3.25541429163842
URY,2009,23138.082,3310091.0,7.0645318031311035,57.8823079373983,59.732,6.1387842275117
URY,2010,24879.836,3318580.0,6.701623916625977,57.4226662302485,59.683,4.33049768870304
URY,2011,26099.322,3326825.0,8.098575592041016,56.9523598346889,61.853,-0.0851869359373854
URY,2012,26953.281,3335401.0,8.100188255310059,56.5267544018137,61.015,1.63260408891415
URY,2013,28119.482,3345337.0,8.57697582244873,56.1887709485469,60.665,3.15123121935891
URY,2014,28935.098,3356334.0,8.875323295593262,55.8914702038185,61.561,4.82076932063265
URY,2015,28941.629,3368017.0,8.668152809143066,55.655253084089,60.072,4.82076932063265
URY,2016,29332.566,3379283.0,9.633796691894531,55.467903558164,59.546,4.82076932063265
URY,2017,29762.434,3388438.0,6.218,55.2221042886245,59.056,4.82076932063265
URY,2018,29757.94,3394534.0,7.61,54.9160760110058,58.371,4.82076932063265
URY,2019,30010.574,3397206.0,7.881999969482422,54.5633225323007,57.883,4.82076932063265
URY,2020,27788.186,3398968.0,9.756406360781634,54.1627509533779,54.741,4.82076932063265
URY,2021,29431.885,3396695.0,7.74791402314763,53.6466642752878,57.021,4.82076932063265
URY,2022,30804.703,3390913.0,9.10437983075442,53.0930916288326,58.204,4.82076932063265
URY,2023,31059.254,3388081.0,5.866,52.6676318563048,59.188,4.82076932063265
URY,2024,32038.773,3386588.0,4.84914366613155,52.2955026226606,59.681,4.82076932063265
USA,1990,44378.523,249623000.0,5.397953510284424,51.238482086274,60.561499999999995,6.03974984988311
USA,1991,43742.027,252981000.0,4.2349629402160645,51.6541373756373,60.58,4.91529596812901
USA,1992,44659.152,256514000.0,3.028822660446167,51.9977277550372,60.358,3.88429488654255
USA,1993,45286.934,259919000.0,2.951657295227051,52.1602619489498,60.64,3.54563216911484
USA,1994,46537.355,263126000.0,2.6074390411376953,52.1445550097576,61.468,4.89854133884219
USA,1995,47220.957,266278000.0,2.805418014526367,51.9691102485906,61.897,6.59421796734386
USA,1996,48435.7,269394000.0,2.9312081336975098,51.6754019155487,62.189,6.32428599296519
USA,1997,49984.27,272657000.0,2.3376882076263428,51.2932387708189,62.781,6.60331688123844
USA,1998,51619.87,275854000.0,1.5522807836532593,50.8653430749568,63.033,7.14996175417603
USA,1999,53474.047,279040000.0,2.1880264282226562,50.4451370434482,63.27,6.48725394907382
USA,2000,55038.62,282162411.0,3.3768539428710938,50.0358331385231,63.506,6.81386177218246
USA,2001,55017.305,284968955.0,2.826171636581421,49.6385027806598,62.746,4.56709046371912
USA,2002,55436.117,287625193.0,1.5860344171524048,49.2523674393258,61.793,3.07320805338916
USA,2003,56498.207,290107933.0,2.270094156265259,48.87487974038,61.314,2.10671171585721
USA,2004,58131.633,292805298.0,2.6772384643554688,48.4979199966309,61.407,1.60763317917852
USA,2005,59604.754,295516599.0,3.39274525642395,48.0956829396105,61.742,2.96083428030712
USA,2006,60676.566,298379912.0,3.2259416580200195,47.8032811357291,62.162,4.72785135317774
USA,2007,61306.598,301231207.0,2.8526782989501953,47.7735820707482,61.99,5.19990178361212
USA,2008,60798.434,304093966.0,3.8391003608703613,47.9187424830396,61.226,3.10106296496386
USA,2009,58714.973,306771529.0,-0.35554906725883484,48.0979715941135,58.412,2.61706389356322
USA,2010,59789.414,309378227.0,1.6400398015975952,48.2461171051273,57.592,2.01031249832462
USA,2011,60245.484,311839461.0,3.156846523284912,48.5112483606419,57.574,1.16287972647355
USA,2012,61134.53,314339099.0,2.0693306922912598,48.9935347408379,58.017,1.362424650544
USA,2013,61958.723,316726282.0,1.4648375511169434,49.5000916066393,58.108,1.7482101512619
USA,2014,63018.805,319257560.0,1.6222240924835205,49.9593733626838,58.595,1.58866664005878
USA,2015,64359.473,321815121.0,0.11862505227327347,50.3802792773562,58.979,1.58866664005878
USA,2016,65017.656,324353340.0,1.2615814208984375,50.7885326899222,59.391,1.58866664005878
USA,2017,66155.555,326608609.0,2.136,51.2357568878998,59.824,1.58866664005878
USA,2018,67719.766,328529577.0,2.44,51.6943264101797,60.153,1.58866664005878
USA,2019,69112.6,330226227.0,1.812000036239624,52.1637515215282,60.543,1.58866664005878
USA,2020,67342.07,331577720.0,1.2335843963066413,52.5896816378799,56.598,1.58866664005878
USA,2021,71307.4,332099760.0,4.697859,52.9517089793606,58.211,1.58866664005878
USA,2022,72679.26,334017321.0,8.0028,53.377633599054,59.538,1.58866664005878
USA,2023,74158.72,336806231.0,4.128,53.908799692093,59.821,1.58866664005878
USA,2024,75489.266,340110988.0,2.9495110725289693,54.4480428025866,59.467,1.58866664005878
UZB,1990,4214.584,20464956.0,12.855,76.6016505407828,52.9095,2.74306513066132
UZB,1991,4094.2273,20962910.0,12.855,76.9292635236091,55.837,2.74306513066132
UZB,1992,3547.3115,21485090.0,645.14599609375,77.2832853868679,55.615,2.74306513066132
UZB,1993,3386.4622,21987955.0,534.1799926757812,77.5811998724592,54.751,2.74306513066132
UZB,1994,3142.4329,22463291.0,1568.3330078125,77.6190343652758,53.601,2.74306513066132
UZB,1995,3052.4187,22917589.0,304.59698486328125,77.3436588329064,53.289,2.74306513066132
UZB,1996,3046.5637,23351981.0,53.96099853515625,76.7869581513787,51.349,2.74306513066132
UZB,1997,3150.0852,23758960.0,70.85700225830078,75.8326662845938,51.151,2.74306513066132
UZB,1998,3234.3574,24134929.0,28.981000900268555,74.4279490840898,49.688,2.74306513066132
UZB,1999,3326.4253,24476008.0,29.10300064086914,72.6291482627593,49.679,2.74306513066132
UZB,2000,3410.6504,24787054.0,25.006000518798828,70.5343533403284,49.968,2.74306513066132
UZB,2001,3509.7285,25090283.0,27.250999450683594,68.206878584831,50.361,2.74306513066132
UZB,2002,3604.6934,25399980.0,27.291000366210938,65.8327687506574,50.669,2.74306513066132
UZB,2003,3711.7786,25711259.0,12.494000434875488,63.6048706178502,50.959,2.74306513066132
UZB,2004,3939.5305,26029350.0,7.324999809265137,61.5072809151456,51.346,2.74306513066132
UZB,2005,4160.955,26356975.0,10.70300006866455,59.3766906615768,51.652,2.74306513066132
UZB,2006,4413.7227,26699043.0,13.109000205993652,57.1652563080568,51.877,2.74306513066132
UZB,2007,4764.564,27076008.0,11.154000282287598,55.1243231431766,52.231,2.74306513066132
UZB,2008,5115.644,27494774.0,13.128000259399414,53.4488462806641,52.214,2.74306513066132
UZB,2009,5439.551,27939328.0,12.29800033569336,52.0994530058547,52.612,2.74306513066132
UZB,2010,5760.805,28385506.0,12.303999900817871,50.9135971391737,52.406,2.74306513066132
UZB,2011,6100.251,28823196.0,12.446999549865723,49.8601391184231,52.795,2.74306513066132
UZB,2012,6435.5645,29261903.0,11.899999618530273,49.0804585754969,53.08,2.74306513066132
UZB,2013,6797.775,29724065.0,11.699999809265137,48.7263222498675,53.161,3.76261702380835
UZB,2014,7145.11,30222994.0,9.079000473022461,48.8305476003008,53.207,1.72351323751429
UZB,2015,7529.7637,30749346.0,8.46399974822998,49.3359508232811,53.387,1.72351323751429
UZB,2016,7839.978,31284568.0,7.98199987411499,50.0611692979578,53.534,1.72351323751429
UZB,2017,8047.0537,31819178.0,13.876,50.8221131406473,53.176,1.72351323751429
UZB,2018,8348.961,32373490.0,17.68,51.7097466682868,53.503,1.72351323751429
UZB,2019,8755.126,32964701.0,14.526000022888184,52.7698563917884,53.831,1.72351323751429
UZB,2020,8727.411,33586372.0,12.855,53.9511270861508,52.579,1.72351323751429
UZB,2021,9247.644,34243696.0,10.690866606879872,55.2497682839009,53.024,1.72351323751429
UZB,2022,9607.562,34938955.0,11.4466436998836,56.5268870521244,55.114,1.72351323751429
UZB,2023,10007.686,35652307.0,9.957,57.6444238962333,55.182,1.72351323751429
UZB,2024,10450.205,36361859.0,2.06284153005467,58.6494292141216,55.14,1.72351323751429
VCT,1990,7467.379,111812.0,7.249000072479248,77.9170976211314,53.2295,3.79183048253464
VCT,1991,7524.585,112222.0,-0.3580000102519989,76.1560920478448,50.27,6.06593008054394
VCT,1992,7984.0796,112509.0,0.531000018119812,73.7203736586119,50.671,8.54476215462036
VCT,1993,8306.775,112735.0,4.290999889373779,71.3428072041948,50.821,13.2756916982839
VCT,1994,8189.8438,112918.0,0.2879999876022339,69.317738791423,50.765,9.146101595186
VCT,1995,8815.849,113047.0,1.7380000352859497,67.5624397835915,50.998,9.6279068560161
VCT,1996,8923.705,113119.0,4.4079999923706055,65.9731494387793,50.938,7.39616243286427
VCT,1997,9234.699,113141.0,0.4440000057220459,64.5462478184991,51.254,9.79858529211742
VCT,1998,9609.104,113180.0,2.1419999599456787,63.4273832558408,51.182,7.84421902137501
VCT,1999,9853.348,113366.0,1.031000018119812,62.7956402487184,51.3,9.55543547588855
VCT,2000,9999.059,113545.0,0.1979999989271164,62.4522498032763,51.231,3.43607105955498
VCT,2001,10177.81,113501.0,1.3580000400543213,61.62477750089,51.154,5.18936807816217
VCT,2002,10736.088,113347.0,0.7490000128746033,60.2077738515901,51.662,11.3323085748559
VCT,2003,11475.331,113141.0,0.125,58.7765584215106,52.307,14.3170551321309
VCT,2004,11979.907,112835.0,2.8540000915527344,57.4997906256107,52.79,5.73065828611084
VCT,2005,12320.071,112450.0,3.444000005722046,56.3325455303768,53.02,6.49203912479022
VCT,2006,13233.407,112014.0,3.015000104904175,55.2507934747959,53.455,5.8141490384009
VCT,2007,13732.362,111531.0,6.99399995803833,54.2067058416868,53.785,2.13011015150533
VCT,2008,13850.394,111028.0,10.121999740600586,53.2244931756393,54.002,7.10583527375841
VCT,2009,13723.784,110508.0,0.37299999594688416,52.3932979383576,53.693,10.4500063711068
VCT,2010,13175.723,109959.0,0.7519999742507935,51.7973991551396,53.322,3.40142070746745
VCT,2011,13168.896,109349.0,3.186000108718872,51.4193530519552,53.291,9.48553232710216
VCT,2012,13397.963,108736.0,2.5980000495910645,51.001249826413,53.449,8.2317157145835
VCT,2013,13804.184,108135.0,0.8050000071525574,50.4912739722214,53.839,7.03975596196512
VCT,2014,14040.246,107535.0,0.1940000057220459,50.0830414090522,53.968,9.52029134884415
VCT,2015,14508.861,106960.0,-1.7259999513626099,49.7577777155498,54.104,9.52029134884415
VCT,2016,15197.748,106349.0,-0.15800000727176666,49.489752888589,54.273,9.52029134884415
VCT,2017,15533.222,105663.0,2.153,49.2745638200184,54.361,9.52029134884415
VCT,2018,16139.066,104926.0,1.24,49.1817729437691,54.505,9.52029134884415
VCT,2019,16365.325,104167.0,0.906000018119812,49.2641896055139,54.453,9.52029134884415
VCT,2020,15763.705,103526.0,-0.606,49.2905142329767,52.796,9.52029134884415
VCT,2021,16200.899,102841.0,1.556,49.3515735052789,53.168,9.52029134884415
VCT,2022,16835.023,102046.0,5.6600977922655,49.5822339489886,54.528,9.52029134884415
VCT,2023,17858.244,101323.0,4.565,49.7221975943494,55.411,9.52029134884415
VCT,2024,18714.2,100616.0,3.62770736940929,49.6601169138318,55.727,9.52029134884415
VIR,2002,54299.23,108509.0,,51.9648759173156,54.979,
VIR,2003,54086.156,108505.0,,51.6117763773806,53.434,
VIR,2004,55883.453,108466.0,,51.3746615680911,55.259,
VIR,2005,57838.098,108453.0,,51.1455807341751,56.129,
VIR,2006,59911.723,108369.0,,50.9226376993246,56.685,
VIR,2007,62332.945,108337.0,,50.9166132672109,57.316,
VIR,2008,63057.625,108397.0,,51.1644446923635,56.96,
VIR,2009,58895.305,108404.0,,51.7476937721349,56.048,
VIR,2010,59272.246,108357.0,,52.5703665113136,54.163,
VIR,2011,54443.07,108290.0,,53.5875870480945,54.506,
VIR,2012,46422.414,108188.0,,54.7613257613687,53.467,
VIR,2013,43563.887,108041.0,,55.9880455654534,50.228,
VIR,2014,42853.9,107882.0,,57.2669757135777,49.585,
VIR,2015,42739.082,107712.0,,58.2595025051057,51.819,
VIR,2016,43502.434,107516.0,,58.8405625812552,51.48,
VIR,2017,43277.156,107281.0,,59.2580496711845,52.367,
VIR,2018,44205.406,107001.0,,59.5838926174497,48.621,
VIR,2019,45632.637,106669.0,,59.8956693798624,46.145,
VIR,2020,45055.78,106290.0,,60.3989979778469,44.919,
VIR,2021,46893.55,105870.0,,61.1513638577691,46.327,
VIR,2022,46479.3,105413.0,,62.1299044865189,47.931,
VNM,1990,2467.9646,65504552.0,36.03099822998047,78.4115751269167,74.4385,4.097632574680205
VNM,1991,2560.8438,66891775.0,81.81700134277344,77.2792802328883,76.391,4.097632574680205
VNM,1992,2726.4736,68260337.0,37.70500183105469,76.0376881780341,76.227,4.097632574680205
VNM,1993,2890.4243,69586384.0,8.378999710083008,74.6398709319425,76.126,12.5772078193359
VNM,1994,3089.6094,70854391.0,9.48799991607666,73.0807619791337,75.996,12.5772078193359
VNM,1995,3328.2148,72049940.0,16.93000030517578,71.3536222057356,75.804,12.5772078193359
VNM,1996,3584.029,73156447.0,5.590000152587891,69.4481556458288,75.625,10.4908666421004
VNM,1997,3820.3025,74226889.0,3.0999999046325684,67.2698496428235,73.955,7.33532106237832
VNM,1998,3982.958,75299660.0,8.109999656677246,64.8052526056802,73.602,5.11047870740324
VNM,1999,4119.0537,76287452.0,4.110000133514404,62.261940609126,72.773,6.58752234054448
VNM,2000,4349.2236,77154011.0,-1.7699999809265137,59.9498221104256,71.734,6.9057666506376
VNM,2001,4570.2686,77969361.0,-0.3100000023841858,57.9648902578706,72.844,6.62403546630217
VNM,2002,4809.6216,78772224.0,4.079999923706055,56.2346454755768,72.838,4.16693712269503
VNM,2003,5090.29,79563777.0,3.22705340385437,54.6563872611096,72.429,2.21305791691824
VNM,2004,5421.097,80338971.0,7.76258659362793,53.0547414323825,72.402,1.18892233628232
VNM,2005,5776.3633,81088313.0,8.277938842773438,51.3412154712425,72.704,-6.55288740331808
VNM,2006,6098.245,82167897.0,7.395483016967773,49.5460786338393,73.07,2.40151725937125
VNM,2007,6418.544,83633375.0,8.310684204101562,47.8798783604028,73.511,1.41363787147666
VNM,2008,6659.1357,85175788.0,23.112459182739258,46.4294210539472,74.159,-5.6163352886234
VNM,2009,6914.339,86460018.0,6.725895404815674,45.1710967600072,74.718,3.62788141186044
VNM,2010,7274.733,87455152.0,9.203450202941895,44.1553936894184,75.418,-20.4970819101768
VNM,2011,7652.619,88468314.0,18.673120498657227,43.429509513285,75.609,-3.67326480415152
VNM,2012,7979.868,89510356.0,9.06817626953125,43.0574599485855,75.539,4.02832802666538
VNM,2013,8324.198,90573104.0,6.584858417510986,43.0653799174176,76.217,6.08970870368918
VNM,2014,8751.883,91679578.0,4.08867883682251,43.3734893031827,76.335,4.78973116512498
VNM,2015,9248.024,92823254.0,0.6441816687583923,43.7681325303024,75.999,4.78973116512498
VNM,2016,9743.188,94000117.0,2.680396556854248,44.38523018963,75.542,4.78973116512498
VNM,2017,10290.549,95176977.0,3.521,45.3221818606231,75.753,4.78973116512498
VNM,2018,10936.894,96237319.0,3.54,46.123352133928,76.582,4.78973116512498
VNM,2019,11628.614,97173776.0,2.796999931335449,46.6054316189935,75.327,4.78973116512498
VNM,2020,11851.396,98079191.0,3.2209343665250336,46.9641361395404,72.803,4.78973116512498
VNM,2021,12048.902,98935098.0,1.83471554810462,47.2392982614886,71.981,4.78973116512498
VNM,2022,12979.764,99680655.0,3.15650749963111,47.4163647594031,73.314,4.78973116512498
VNM,2023,13545.935,100352192.0,3.253,47.5514131558407,72.335,4.78973116512498
VNM,2024,14415.216,100987686.0,3.624,47.6476510341859,71.963,4.78973116512498
VUT,1990,3101.6807,148063.0,4.758999824523926,90.7733340205123,67.98949999999999,7.71100410748981
VUT,1991,3120.6938,151793.0,6.468999862670898,90.1691305437234,70.835,7.71100410748981
VUT,1992,3122.8894,155608.0,4.058000087738037,90.7101012329338,70.858,7.71100410748981
VUT,1993,3069.806,159463.0,3.565999984741211,92.9750465909916,70.649,7.71100410748981
VUT,1994,3269.6284,163314.0,2.302999973297119,93.9872665938138,70.657,7.71100410748981
VUT,1995,3226.915,167137.0,2.2300000190734863,92.9386911701894,70.645,7.71100410748981
VUT,1996,3229.1023,170911.0,0.9259999990463257,91.5849297716598,70.676,7.71100410748981
VUT,1997,3315.4814,174626.0,2.812999963760376,89.9481143876519,70.522,7.71100410748981
VUT,1998,3285.1384,178313.0,2.3259999752044678,88.1216635368092,70.54,7.71100410748981
VUT,1999,3228.5918,182048.0,3.2290000915527344,86.2212174838122,70.524,7.71100410748981
VUT,2000,3342.1672,186281.0,2.5329999923706055,84.3007667573584,70.47,7.71100410748981
VUT,2001,3148.3347,191031.0,3.578000068664551,82.427709232591,70.48,7.71100410748981
VUT,2002,2911.0413,195863.0,1.9639999866485596,80.6061947310668,70.499,7.71100410748981
VUT,2003,2962.031,200746.0,3.0160000324249268,78.8287485746864,70.417,7.71100410748981
VUT,2004,3005.7974,205711.0,1.4190000295639038,77.1400769833547,70.561,7.71100410748981
VUT,2005,3089.437,210760.0,1.1990000009536743,75.5484848989655,70.745,7.71100410748981
VUT,2006,3270.7024,215923.0,2.0409998893737793,74.079508533744,70.715,7.71100410748981
VUT,2007,3283.3655,221276.0,3.934999942779541,72.8043732916829,68.977,7.71100410748981
VUT,2008,3381.3857,226896.0,4.8420000076293945,71.8050065876153,67.002,7.71100410748981
VUT,2009,3396.736,232731.0,4.296999931335449,71.0980576671421,64.699,7.71100410748981
VUT,2010,3359.8496,238248.0,2.763000011444092,70.7821997935543,61.371,7.71100410748981
VUT,2011,3390.961,243474.0,0.8740000128746033,70.8488586685753,60.691,7.71100410748981
VUT,2012,3350.771,248883.0,1.347000002861023,71.178315473816,60.012,7.71100410748981
VUT,2013,3292.2341,254482.0,1.4589999914169312,71.7476986205221,59.344,7.32099124176809
VUT,2014,3302.2917,260240.0,0.7990000247955322,72.4631534301771,58.676,8.10101697321153
VUT,2015,3357.639,266101.0,2.4830000400543213,73.1993387052682,58.046,8.10101697321153
VUT,2016,3397.7673,272087.0,0.8420000076293945,73.907040957202,57.414,8.10101697321153
VUT,2017,3465.9197,278507.0,3.085,74.5534427215864,56.766,8.10101697321153
VUT,2018,3482.0227,285259.0,2.31,75.0882318641321,56.082,8.10101697321153
VUT,2019,3512.072,291985.0,2.746000051498413,75.4675368380568,55.406,8.10101697321153
VUT,2020,3259.9954,298858.0,2.915,75.6376501563271,55.691,8.10101697321153
VUT,2021,3135.8367,305868.0,2.343,75.6146293850835,55.501,8.10101697321153
VUT,2022,3222.836,313046.0,4.584,75.3935971134344,55.459,8.10101697321153
VUT,2023,3214.7024,320409.0,11.183,74.9220682087426,55.472,8.10101697321153
VUT,2024,3172.0476,327777.0,4.215,74.2451305605171,55.434,8.10101697321153
WB_EAP,1990,5756.0933,,,,66.53080800000001,
WB_EAP,1991,5988.0327,,,,72.42487,
WB_EAP,1992,6222.934,,,,72.17831,
WB_EAP,1993,6469.884,,,,71.59535,
WB_EAP,1994,6784.153,,,,71.20899,
WB_EAP,1995,7136.054,,,,70.85631,
WB_EAP,1996,7492.9214,,,,70.47964,
WB_EAP,1997,7741.4346,,,,70.04577,
WB_EAP,1998,7650.917,,,,69.45732,
WB_EAP,1999,7893.5933,,,,68.98454,
WB_EAP,2000,8279.299,,,,68.73559,
WB_EAP,2001,8512.431,,,,68.2317,
WB_EAP,2002,8870.338,,,,67.66295,
WB_EAP,2003,9295.639,,,,67.234024,
WB_EAP,2004,9822.029,,,,67.08663,
WB_EAP,2005,10389.535,,,,66.76468,
WB_EAP,2006,11051.691,,,,66.6372,
WB_EAP,2007,11869.004,,,,66.68672,
WB_EAP,2008,12377.856,,,,66.424416,
WB_EAP,2009,12714.224,,,,66.13483,
WB_EAP,2010,13649.818,,,,66.126945,
WB_EAP,2011,14359.679,,,,66.23753,
WB_EAP,2012,15050.348,,,,66.02396,
WB_EAP,2013,15769.158,,,,65.65582,
WB_EAP,2014,16465.184,,,,65.5353,
WB_EAP,2015,17172.613,,,,65.25291,
WB_EAP,2016,17906.893,,,,65.007225,
WB_EAP,2017,18741.928,,,,64.72354,
WB_EAP,2018,19592.787,,,,64.67429,
WB_EAP,2019,20360.18,,,,64.41226,
WB_EAP,2020,20267.256,,,,62.709785,
WB_EAP,2021,21508.496,,,,63.47632,
WB_EAP,2022,22175.197,,,,63.14677,
WB_EAP,2023,23098.934,,,,63.42713,
WB_EAP,2024,24015.938,,,,62.913273,
WB_ECA,1990,28222.451,,,,52.6629735,
WB_ECA,1991,27734.74,,,,55.316357,
WB_ECA,1992,26826.291,,,,54.542526,
WB_ECA,1993,26191.488,,,,53.180824,
WB_ECA,1994,25879.432,,,,52.369484,
WB_ECA,1995,26218.557,,,,51.96164,
WB_ECA,1996,26515.572,,,,51.56352,
WB_ECA,1997,27222.135,,,,51.10505,
WB_ECA,1998,27710.936,,,,50.868298,
WB_ECA,1999,28487.771,,,,51.481922,
WB_ECA,2000,29836.898,,,,51.793934,
WB_ECA,2001,30559.861,,,,51.838757,
WB_ECA,2002,31142.578,,,,51.91949,
WB_ECA,2003,31861.031,,,,51.831333,
WB_ECA,2004,33030.97,,,,51.78515,
WB_ECA,2005,34028.66,,,,52.11287,
WB_ECA,2006,35505.06,,,,52.55298,
WB_ECA,2007,36985.766,,,,53.222,
WB_ECA,2008,37463.883,,,,53.48481,
WB_ECA,2009,35515.92,,,,52.345016,
WB_ECA,2010,36408.71,,,,52.3936,
WB_ECA,2011,37348.582,,,,52.66518,
WB_ECA,2012,37472.355,,,,52.660767,
WB_ECA,2013,37739.586,,,,52.567924,
WB_ECA,2014,38215.492,,,,52.75577,
WB_ECA,2015,38658.89,,,,53.036205,
WB_ECA,2016,39180.496,,,,53.45784,
WB_ECA,2017,40232.266,,,,53.87062,
WB_ECA,2018,41055.445,,,,54.287518,
WB_ECA,2019,41747.723,,,,54.328278,
WB_ECA,2020,39677.332,,,,53.260807,
WB_ECA,2021,42315.387,,,,53.805103,
WB_ECA,2022,43405.8,,,,55.05064,
WB_ECA,2023,44089.508,,,,55.38737,
WB_ECA,2024,44818.54,,,,55.440613,
WB_LAC,1990,12426.25,,,,58.468947,
WB_LAC,1991,12604.222,,,,57.97334,
WB_LAC,1992,12735.489,,,,58.26139,
WB_LAC,1993,13103.561,,,,58.75838,
WB_LAC,1994,13570.513,,,,58.607925,
WB_LAC,1995,13464.159,,,,58.057117,
WB_LAC,1996,13773.65,,,,57.395245,
WB_LAC,1997,14298.498,,,,58.17729,
WB_LAC,1998,14501.8125,,,,58.10535,
WB_LAC,1999,14364.294,,,,57.495724,
WB_LAC,2000,14663.654,,,,57.34031,
WB_LAC,2001,14518.147,,,,57.638245,
WB_LAC,2002,14398.792,,,,57.472977,
WB_LAC,2003,14568.346,,,,57.766674,
WB_LAC,2004,15160.492,,,,58.43703,
WB_LAC,2005,15565.822,,,,59.07351,
WB_LAC,2006,16172.71,,,,59.651257,
WB_LAC,2007,16820.953,,,,59.760883,
WB_LAC,2008,17243.326,,,,59.925385,
WB_LAC,2009,16665.797,,,,59.487064,
WB_LAC,2010,17552.035,,,,59.431606,
WB_LAC,2011,18151.834,,,,59.432926,
WB_LAC,2012,18434.943,,,,59.74829,
WB_LAC,2013,18767.875,,,,59.526535,
WB_LAC,2014,18853.408,,,,59.389297,
WB_LAC,2015,18763.834,,,,59.183613,
WB_LAC,2016,18551.818,,,,58.446114,
WB_LAC,2017,18745.582,,,,58.357567,
WB_LAC,2018,18894.209,,,,58.49178,
WB_LAC,2019,18882.951,,,,58.57743,
WB_LAC,2020,17508.242,,,,53.385933,
WB_LAC,2021,18694.14,,,,56.218277,
WB_LAC,2022,19352.182,,,,58.34863,
WB_LAC,2023,19656.629,,,,58.76271,
WB_LAC,2024,19959.44,,,,59.104977,
WB_MENAP,1990,9205.145,,,,44.1409365,
WB_MENAP,1991,9095.262,,,,44.484066,
WB_MENAP,1992,9368.716,,,,44.447937,
WB_MENAP,1993,9318.904,,,,44.14887,
WB_MENAP,1994,9316.932,,,,44.185394,
WB_MENAP,1995,9366.083,,,,43.622486,
WB_MENAP,1996,9618.568,,,,44.0307,
WB_MENAP,1997,9752.916,,,,44.23793,
WB_MENAP,1998,9957.327,,,,44.01997,
WB_MENAP,1999,10015.553,,,,44.187138,
WB_MENAP,2000,10377.118,,,,43.936676,
WB_MENAP,2001,10360.04,,,,43.669285,
WB_MENAP,2002,10367.434,,,,43.313232,
WB_MENAP,2003,10569.36,,,,43.569614,
WB_MENAP,2004,11141.106,,,,44.133003,
WB_MENAP,2005,11442.411,,,,44.179977,
WB_MENAP,2006,11811.969,,,,44.31816,
WB_MENAP,2007,12144.084,,,,44.570885,
WB_MENAP,2008,12379.392,,,,44.388382,
WB_MENAP,2009,12295.783,,,,44.616463,
WB_MENAP,2010,12616.922,,,,44.841286,
WB_MENAP,2011,12850.983,,,,44.378662,
WB_MENAP,2012,12973.573,,,,44.01962,
WB_MENAP,2013,12954.756,,,,44.318684,
WB_MENAP,2014,13111.288,,,,44.373386,
WB_MENAP,2015,13259.931,,,,44.23397,
WB_MENAP,2016,13645.836,,,,44.471508,
WB_MENAP,2017,13723.836,,,,43.92694,
WB_MENAP,2018,13842.64,,,,43.543053,
WB_MENAP,2019,13860.935,,,,43.577507,
WB_MENAP,2020,13244.126,,,,42.15462,
WB_MENAP,2021,13650.496,,,,42.608902,
WB_MENAP,2022,14243.885,,,,43.121025,
WB_MENAP,2023,14296.296,,,,43.798527,
WB_MENAP,2024,14355.141,,,,43.73127,
WB_NA,1990,43996.17,,,,60.3944165,
WB_NA,1991,43289.633,,,,60.460407,
WB_NA,1992,44104.367,,,,60.119045,
WB_NA,1993,44730.617,,,,60.328426,
WB_NA,1994,45989.266,,,,61.12058,
WB_NA,1995,46672.28,,,,61.53405,
WB_NA,1996,47793.414,,,,61.77187,
WB_NA,1997,49324.945,,,,62.356243,
WB_NA,1998,50930.855,,,,62.65994,
WB_NA,1999,52792.8,,,,62.95601,
WB_NA,2000,54395.99,,,,63.237865,
WB_NA,2001,54414.23,,,,62.539276,
WB_NA,2002,54881.0,,,,61.743084,
WB_NA,2003,55882.54,,,,61.38612,
WB_NA,2004,57460.652,,,,61.491154,
WB_NA,2005,58901.375,,,,61.790524,
WB_NA,2006,59950.812,,,,62.19569,
WB_NA,2007,60574.895,,,,62.090405,
WB_NA,2008,60110.46,,,,61.410866,
WB_NA,2009,58016.86,,,,58.7059,
WB_NA,2010,59082.02,,,,57.969418,
WB_NA,2011,59602.137,,,,57.978172,
WB_NA,2012,60435.074,,,,58.389866,
WB_NA,2013,61242.504,,,,58.48777,
WB_NA,2014,62295.5,,,,58.883217,
WB_NA,2015,63496.156,,,,59.21954,
WB_NA,2016,64079.96,,,,59.559128,
WB_NA,2017,65200.664,,,,60.00446,
WB_NA,2018,66672.05,,,,60.316734,
WB_NA,2019,67938.39,,,,60.703144,
WB_NA,2020,65982.81,,,,56.736397,
WB_NA,2021,69833.49,,,,58.43109,
WB_NA,2022,71184.96,,,,59.780357,
WB_NA,2023,72394.125,,,,60.03908,
WB_NA,2024,73462.04,,,,59.595566,
WB_SA,1990,2221.104,,,,53.154005,
WB_SA,1991,2207.1523,,,,53.407967,
WB_SA,1992,2278.2957,,,,53.408215,
WB_SA,1993,2338.6492,,,,53.4402,
WB_SA,1994,2437.5273,,,,53.529392,
WB_SA,1995,2561.1387,,,,53.790497,
WB_SA,1996,2688.7488,,,,54.101437,
WB_SA,1997,2747.1846,,,,54.359715,
WB_SA,1998,2855.9998,,,,54.691467,
WB_SA,1999,3032.5386,,,,54.946007,
WB_SA,2000,3097.8066,,,,55.191574,
WB_SA,2001,3182.3164,,,,55.036427,
WB_SA,2002,3244.373,,,,54.8417,
WB_SA,2003,3427.977,,,,54.7181,
WB_SA,2004,3626.66,,,,54.60112,
WB_SA,2005,3844.0063,,,,54.505974,
WB_SA,2006,4085.0732,,,,53.795498,
WB_SA,2007,4330.3027,,,,53.039543,
WB_SA,2008,4419.832,,,,52.269436,
WB_SA,2009,4683.4233,,,,51.531418,
WB_SA,2010,4997.842,,,,50.957985,
WB_SA,2011,5199.3984,,,,50.391396,
WB_SA,2012,5421.17,,,,49.807865,
WB_SA,2013,5690.3267,,,,49.599915,
WB_SA,2014,6029.549,,,,49.440315,
WB_SA,2015,6420.3975,,,,49.304245,
WB_SA,2016,6853.8364,,,,49.13876,
WB_SA,2017,7237.9014,,,,49.204407,
WB_SA,2018,7622.251,,,,49.056217,
WB_SA,2019,7857.6147,,,,49.468575,
WB_SA,2020,7399.215,,,,48.172386,
WB_SA,2021,8015.357,,,,49.752075,
WB_SA,2022,8522.025,,,,51.480915,
WB_SA,2023,9169.174,,,,52.66858,
WB_SA,2024,9654.166,,,,53.268467,
WB_SSA,1990,3775.4473,,,,68.441655,
WB_SSA,1991,3692.9666,,,,68.50744,
WB_SSA,1992,3585.89,,,,68.599266,
WB_SSA,1993,3446.3987,,,,68.63111,
WB_SSA,1994,3382.8987,,,,68.82234,
WB_SSA,1995,3400.792,,,,69.02817,
WB_SSA,1996,3482.8354,,,,69.06117,
WB_SSA,1997,3531.2527,,,,69.04622,
WB_SSA,1998,3529.4673,,,,68.9657,
WB_SSA,1999,3509.318,,,,68.83585,
WB_SSA,2000,3534.5173,,,,68.774796,
WB_SSA,2001,3592.1694,,,,68.77464,
WB_SSA,2002,3732.0852,,,,68.79568,
WB_SSA,2003,3787.212,,,,68.78259,
WB_SSA,2004,3938.5247,,,,68.82343,
WB_SSA,2005,4064.7947,,,,68.819725,
WB_SSA,2006,4196.0176,,,,68.74012,
WB_SSA,2007,4334.8833,,,,68.594765,
WB_SSA,2008,4442.5605,,,,68.37587,
WB_SSA,2009,4476.266,,,,68.02245,
WB_SSA,2010,4629.3413,,,,67.560104,
WB_SSA,2011,4716.822,,,,67.61466,
WB_SSA,2012,4779.451,,,,67.17621,
WB_SSA,2013,4893.031,,,,67.6124,
WB_SSA,2014,4999.522,,,,66.95142,
WB_SSA,2015,5016.2275,,,,66.53567,
WB_SSA,2016,4948.61,,,,66.17318,
WB_SSA,2017,4944.827,,,,65.55657,
WB_SSA,2018,4954.5625,,,,65.19941,
WB_SSA,2019,4956.282,,,,64.784065,
WB_SSA,2020,4674.73,,,,63.34904,
WB_SSA,2021,4720.3574,,,,63.45706,
WB_SSA,2022,4796.0664,,,,64.441414,
WB_SSA,2023,4810.216,,,,66.31381,
WB_SSA,2024,4872.6357,,,,66.357796,
WSM,1990,3990.9268,169042.0,8.482999801635742,82.5557787425214,52.19,7.80521866352627
WSM,1991,3891.63,169368.0,-1.8200000524520874,82.0339201650867,55.135,7.80521866352627
WSM,1992,3861.889,170331.0,9.034000396728516,81.0298650228505,54.991,7.80521866352627
WSM,1993,3986.4539,171774.0,1.7089999914169312,79.8793641485329,54.745,7.80521866352627
WSM,1994,3854.0393,173159.0,12.086999893188477,79.1720127478167,54.82,7.80521866352627
WSM,1995,4077.991,174571.0,-2.9260001182556152,78.8838906024245,54.507,7.80521866352627
WSM,1996,4333.5127,176071.0,5.418000221252441,79.1360172552371,54.206,7.80521866352627
WSM,1997,4325.138,177547.0,6.900000095367432,79.7598436756472,54.208,7.80521866352627
WSM,1998,4386.519,178905.0,5.400000095367432,80.3605093101328,54.07,7.80521866352627
WSM,1999,4448.32,180275.0,0.37299999594688416,81.0153527929231,53.9,7.80521866352627
WSM,2000,4638.594,181685.0,-0.16500000655651093,81.6577513372994,53.639,7.80521866352627
WSM,2001,4941.115,183166.0,1.8910000324249268,82.2666029812725,53.266,7.93595960342519
WSM,2002,5183.4546,184471.0,7.429999828338623,82.0623155650741,53.076,9.81902742755991
WSM,2003,5425.444,185430.0,4.367000102996826,81.1352824530385,52.892,8.51719312456674
WSM,2004,5568.347,186249.0,7.8470001220703125,80.4625655236563,52.75,3.88340999544769
WSM,2005,5914.8896,186978.0,7.821000099182129,79.8288050012022,52.535,7.14684078660197
WSM,2006,6017.477,187709.0,3.2309999465942383,79.1245598465546,52.399,6.12454095170627
WSM,2007,6013.2764,188753.0,4.48199987411499,78.2269182104885,52.292,4.80249955932429
WSM,2008,6182.763,190107.0,6.267000198364258,77.3353109083786,52.088,3.2450642672478
WSM,2009,6104.1274,191513.0,14.642000198364258,76.7302794285925,52.019,10.2330929055009
WSM,2010,6427.3115,193023.0,-0.20100000500679016,76.4346172830478,51.834,16.7266894490841
WSM,2011,6616.771,194713.0,2.875,76.3880459103715,51.663,10.9721914663177
WSM,2012,6311.961,196498.0,6.190999984741211,75.9851687325356,50.069,5.60773084163378
WSM,2013,6262.3237,198268.0,-0.2070000022649765,75.4335669285765,50.056,7.67447772362735
WSM,2014,6247.905,200037.0,-1.2380000352859497,75.2920248516873,50.057,9.08438667412642
WSM,2015,6432.36,201782.0,1.9229999780654907,75.2501302761855,49.841,9.08438667412642
WSM,2016,6887.305,203499.0,0.12999999523162842,75.389349030829,49.559,9.08438667412642
WSM,2017,6919.0156,205415.0,1.298,75.9352838398027,49.316,9.08438667412642
WSM,2018,6805.0454,207582.0,4.2,76.633963291667,47.821,9.08438667412642
WSM,2019,7033.521,209780.0,2.187999963760376,77.3941500291737,46.206,9.08438667412642
WSM,2020,6745.2925,211944.0,-1.568912477408865,78.2420022202039,44.02,9.08438667412642
WSM,2021,6350.1143,213779.0,-3.01,78.9865871833085,42.552,9.08438667412642
WSM,2022,6449.365,215261.0,10.9618822286845,79.6694766713964,41.525,9.08438667412642
WSM,2023,7383.7456,216663.0,11.981,79.9646155890757,41.301,9.08438667412642
WSM,2024,7686.2495,218019.0,2.17245530514378,79.6782541330828,40.992,9.08438667412642
ZAF,1990,10811.151,40746268.0,14.320991516113281,71.4822188640895,43.3625,4.81141525707442
ZAF,1991,10459.356,41687898.0,15.3347749710083,70.85162085667,44.606,4.02749326213876
ZAF,1992,10053.61,42443509.0,13.874696731567383,71.1025612589463,44.427,3.65413735758885
ZAF,1993,9976.965,43297156.0,9.717446327209473,70.1966820630749,44.416,2.46468782587437
ZAF,1994,10130.806,44004139.0,8.938549995422363,70.1807253727468,44.571,5.25546972667239
ZAF,1995,10318.839,44541554.0,8.680419921875,71.4735617319473,44.85,6.36739524038957
ZAF,1996,10623.86,45123018.0,7.354124546051025,72.0279171344506,44.978,10.6448093668748
ZAF,1997,10770.278,45666838.0,8.5977783203125,71.6231806476523,44.885,10.9698989159021
ZAF,1998,10693.688,46223880.0,6.880554676055908,69.8400738297717,44.612,12.6910336213851
ZAF,1999,10831.659,46730335.0,5.181487083435059,67.8184635976063,44.349,10.3950669798212
ZAF,2000,11183.825,47159719.0,5.338951587677002,65.7027052287315,44.214,4.87058238653657
ZAF,2001,11387.492,47566800.0,5.701897621154785,63.5438609146193,44.094,5.53834143339364
ZAF,2002,11697.565,48019415.0,9.494712829589844,61.4067784144942,43.935,2.85418551575979
ZAF,2003,11923.121,48500348.0,5.679418563842773,59.455252163521,43.689,8.04784838936572
ZAF,2004,12341.21,48991421.0,-0.6920323967933655,57.8587721482822,43.591,4.95038435886218
ZAF,2005,12861.563,49490033.0,2.062854528427124,56.6510379746355,43.516,4.76148920296545
ZAF,2006,13444.233,49998277.0,3.2439050674438477,55.685311279064,43.505,4.81030227960517
ZAF,2007,14016.244,50528584.0,6.177804470062256,54.8477910510607,43.439,4.54604566856022
ZAF,2008,14297.688,51114599.0,10.055282592773438,54.1990604628856,43.286,6.74515150291692
ZAF,2009,13910.702,51728516.0,7.264559745788574,53.6669938632738,41.264,2.80250897674709
ZAF,2010,14164.996,52344051.0,4.063543796539307,53.0235183096566,39.365,3.49095978979672
ZAF,2011,14434.261,52995205.0,5.017158031463623,52.3610042890342,39.317,3.27930122317635
ZAF,2012,14563.763,53782567.0,5.723938941955566,51.8655072353767,39.524,3.88287299810937
ZAF,2013,14681.097,54678791.0,5.776408672332764,51.4600302732864,40.041,2.50924549715633
ZAF,2014,14643.339,55594838.0,6.136020183563232,51.1390115950153,40.044,3.56702763012509
ZAF,2015,14541.675,56723537.0,4.5092082023620605,50.7798142238484,40.862,3.56702763012509
ZAF,2016,14501.281,57259551.0,6.5946044921875,51.0589576961171,40.195,3.56702763012509
ZAF,2017,14573.598,57635162.0,5.273,51.2667885388625,40.393,3.56702763012509
ZAF,2018,14553.562,58613001.0,4.5,50.6774275844496,40.319,3.56702763012509
ZAF,2019,14352.67,59587885.0,4.130000114440918,50.0943393660016,39.534,3.56702763012509
ZAF,2020,13250.566,60562381.0,3.2238850420667653,49.49614178865,35.779,3.56702763012509
ZAF,2021,13681.955,61502603.0,4.609059,48.9162852048925,34.332,3.56702763012509
ZAF,2022,13767.497,62378410.0,7.039727,48.5504660443153,35.701,3.56702763012509
ZAF,2023,13695.376,63212384.0,5.903,48.3679344695214,37.359,3.56702763012509
ZAF,2024,13597.654,64007187.0,4.361151440771536,48.3114173367099,37.632,3.56702763012509
ZMB,1990,2425.1113,7786169.0,89.86486053466797,105.212755386982,52.6195,-34.5390408369169
ZMB,1991,2364.8623,7981650.0,103.20284271240234,104.71091714615,48.361,-25.7738895541915
ZMB,1992,2268.498,8176680.0,160.595458984375,104.265792247289,47.948,-41.7902439781861
ZMB,1993,2365.6296,8373921.0,182.72850036621094,103.900814734371,47.86,-12.4559693371288
ZMB,1994,2110.5833,8576269.0,53.93391418457031,103.671433338043,48.46,-5.63447019509948
ZMB,1995,2119.9565,8785763.0,34.83632278442383,103.554185310665,49.571,11.424913920026
ZMB,1996,2197.1956,9004053.0,43.266151428222656,103.447538794104,50.492,23.670485757671
ZMB,1997,2223.4575,9237063.0,24.34052085876465,103.148952229642,51.697,16.9766299739538
ZMB,1998,2157.5735,9482408.0,24.622316360473633,102.735507397432,52.446,12.7393085006183
ZMB,1999,2198.1892,9740005.0,26.74748420715332,102.247164180592,52.135,19.1587954269473
ZMB,2000,2220.5654,10017631.0,26.068374633789062,101.54753502566,51.852,4.6647680701877
ZMB,2001,2268.9697,10325185.0,21.239709854125977,100.496328798022,51.523,16.6774634895963
ZMB,2002,2299.333,10647949.0,22.298561096191406,99.4309410870537,51.042,21.6156242816087
ZMB,2003,2383.8762,10983595.0,21.307260513305664,98.4754018940788,50.658,19.5253414742067
ZMB,2004,2471.7207,11338198.0,17.96137809753418,97.6030631602521,50.246,9.19693364690934
ZMB,2005,2564.4756,11718819.0,18.30465316772461,96.7715302677538,49.872,9.90908518429273
ZMB,2006,2673.4614,12129553.0,9.064827919006348,95.925978930964,51.417,7.51782024205524
ZMB,2007,2796.353,12565085.0,10.640453338623047,95.0937476176288,52.958,5.24087063421901
ZMB,2008,2908.1436,13021324.0,12.444847106933594,94.2483279485375,54.47,7.61379538117008
ZMB,2009,3065.8442,13490389.0,13.378451347351074,93.4137284231271,52.855,15.6336334619814
ZMB,2010,3266.5076,13965594.0,8.498311042785645,92.6272354636416,51.272,6.11294221169531
ZMB,2011,3335.6433,14437796.0,6.444133758544922,91.9437657216159,52.793,6.95655957659878
ZMB,2012,3474.5525,14913629.0,6.588244438171387,91.2480121650816,54.342,4.82147742594943
ZMB,2013,3535.2246,15398997.0,6.993290424346924,90.4153625250029,54.63,-0.191430038192798
ZMB,2014,3585.5774,15895315.0,7.821610927581787,89.4276668789517,54.974,5.81636783051129
ZMB,2015,3576.9255,16399089.0,10.112442970275879,88.3819983200907,55.266,5.81636783051129
ZMB,2016,3598.1716,16914423.0,17.861175537109375,87.2726425233368,55.597,5.81636783051129
ZMB,2017,3612.5059,17441320.0,6.577,86.0880279127988,55.924,5.81636783051129
ZMB,2018,3646.9597,17973569.0,7.49,84.8848438316168,55.533,5.81636783051129
ZMB,2019,3591.5642,18513839.0,9.800000190734863,83.6337137132054,56.247,5.81636783051129
ZMB,2020,3391.5955,19059395.0,15.732585142127538,82.2910754691753,57.2,5.81636783051129
ZMB,2021,3503.035,19603607.0,22.02076762457752,80.8978170758265,56.975,5.81636783051129
ZMB,2022,3585.1238,20152938.0,10.9932039209136,79.5164700824871,55.964,5.81636783051129
ZMB,2023,3673.4841,20723965.0,10.885,78.1069920863262,58.33,5.81636783051129
ZMB,2024,3708.069,21314956.0,14.986,76.6912407389232,58.251,5.81636783051129
ZWE,1990,6082.8423,10137281.0,1.3450000286102295,100.830202031148,62.272000000000006,7.27464858446583
ZWE,1991,6254.275,10404816.0,-13.142999649047852,98.687095231139,63.645,7.27464858446583
ZWE,1992,5532.0376,10702700.0,-2.997999906539917,99.5506581645971,63.596,7.27464858446583
ZWE,1993,5509.083,10860288.0,0.37599998712539673,101.121844938429,63.625,7.27464858446583
ZWE,1994,6010.742,10873148.0,-2.760999917984009,99.9268005304341,63.538,7.27464858446583
ZWE,1995,5964.5894,10974599.0,15.22700023651123,97.5727814511355,62.964,7.27464858446583
ZWE,1996,6474.16,11158360.0,6.00600004196167,94.1348732788006,62.345,7.27464858446583
ZWE,1997,6524.0625,11369827.0,-0.9649999737739563,90.5308736769466,61.589,7.27464858446583
ZWE,1998,6582.3486,11594297.0,-28.023000717163086,87.2275306881219,61.731,7.27464858446583
ZWE,1999,6423.709,11783458.0,-13.430999755859375,84.5592005826474,61.801,7.27464858446583
ZWE,2000,6170.334,11892055.0,4.474999904632568,82.7828202158217,61.884,7.27464858446583
ZWE,2001,6217.4116,11971901.0,-37.198001861572266,81.5563751508938,62.043,7.27464858446583
ZWE,2002,5610.1914,12087653.0,-34.44499969482422,81.0078961121419,62.215,7.27464858446583
ZWE,2003,4601.6606,12232323.0,-8.5649995803833,81.1534991009947,62.415,7.27464858446583
ZWE,2004,4287.598,12365896.0,113.56900024414062,81.6091651856766,62.69,7.27464858446583
ZWE,2005,4004.6646,12483432.0,-31.52199935913086,82.2028188716048,62.585,7.27464858446583
ZWE,2006,3819.2334,12636445.0,32.9739990234375,82.5129279048771,62.528,7.27464858446583
ZWE,2007,3631.5376,12804058.0,-72.72899627685547,82.7732704031285,62.397,7.27464858446583
ZWE,2008,2954.0994,12959149.0,156.96400451660156,83.4642158994641,62.196,7.27464858446583
ZWE,2009,3299.4138,13142790.0,6.216000080108643,84.4783865020806,62.225,7.27464858446583
ZWE,2010,3885.3938,13356548.0,3.0450000762939453,85.6706799596368,62.319,7.27464858446583
ZWE,2011,4358.926,13595424.0,3.4700000286102295,86.7989538485636,62.469,7.27464858446583
ZWE,2012,5003.4873,13817887.0,3.7200000286102295,87.8594210543489,62.75,7.27464858446583
ZWE,2013,5031.6875,14013808.0,1.6319999694824219,88.6378275042674,62.875,0.337314876571312
ZWE,2014,5081.1123,14207359.0,-0.21299999952316284,88.9275709065542,63.0,9.74402156755415
ZWE,2015,5102.7144,14399013.0,-2.4100000858306885,88.8363578945822,62.559,9.74402156755415
ZWE,2016,5070.4023,14600294.0,-1.565999984741211,88.3275279751021,62.175,9.74402156755415
ZWE,2017,5234.384,14812482.0,0.907,87.5123520945076,61.799,9.74402156755415
ZWE,2018,5415.4697,15034452.0,10.61,86.5168398539074,61.421,9.74402156755415
ZWE,2019,4993.8438,15271368.0,255.29200744628906,85.4479058285901,60.944,9.74402156755415
ZWE,2020,4527.7197,15526888.0,557.21,84.3843806399623,59.093,9.74402156755415
ZWE,2021,4827.089,15797210.0,98.546,83.3849533226054,59.159,9.74402156755415
ZWE,2022,5036.761,16069056.0,104.705170628667,82.5476054640719,58.636,9.74402156755415
ZWE,2023,5218.0225,16340822.0,667.361,81.6253517563755,61.449,9.74402156755415
ZWE,2024,5215.253,16634373.0,736.106,80.1004117942445,61.335,9.74402156755415
