Entity,Code,Year,Employment rate
Afghanistan,AFG,1991,43.382
Afghanistan,AFG,1992,43.34
Afghanistan,AFG,1993,43.305
Afghanistan,AFG,1994,43.249
Afghanistan,AFG,1995,43.188
Afghanistan,AFG,1996,43.116
Afghanistan,AFG,1997,43.058
Afghanistan,AFG,1998,42.995
Afghanistan,AFG,1999,42.938
Afghanistan,AFG,2000,42.885
Afghanistan,AFG,2001,42.817
Afghanistan,AFG,2002,42.846
Afghanistan,AFG,2003,42.85
Afghanistan,AFG,2004,42.881
Afghanistan,AFG,2005,42.866
Afghanistan,AFG,2006,42.893
Afghanistan,AFG,2007,42.966
Afghanistan,AFG,2008,43.004
Afghanistan,AFG,2009,43.097
Afghanistan,AFG,2010,43.159
Afghanistan,AFG,2011,43.213
Afghanistan,AFG,2012,43.258
Afghanistan,AFG,2013,43.301
Afghanistan,AFG,2014,43.368
Afghanistan,AFG,2015,42.906
Afghanistan,AFG,2016,42.457
Afghanistan,AFG,2017,42.014
Afghanistan,AFG,2018,40.466
Afghanistan,AFG,2019,38.913
Afghanistan,AFG,2020,36.71
Afghanistan,AFG,2021,35.8
Afghanistan,AFG,2022,32.333
Afghanistan,AFG,2023,32.323
Afghanistan,AFG,2024,32.408
Afghanistan,AFG,2025,32.457
Albania,ALB,1991,61.273
Albania,ALB,1992,48.547
Albania,ALB,1993,50.736
Albania,ALB,1994,52.725
Albania,ALB,1995,55.276
Albania,ALB,1996,54.626
Albania,ALB,1997,53.996
Albania,ALB,1998,50.942
Albania,ALB,1999,49.13
Albania,ALB,2000,49.528
Albania,ALB,2001,48.965
Albania,ALB,2002,48.945
Albania,ALB,2003,48.611
Albania,ALB,2004,48.121
Albania,ALB,2005,47.419
Albania,ALB,2006,46.704
Albania,ALB,2007,45.61
Albania,ALB,2008,46.245
Albania,ALB,2009,47.473
Albania,ALB,2010,47.426
Albania,ALB,2011,51.857
Albania,ALB,2012,49.371
Albania,ALB,2013,44.101
Albania,ALB,2014,43.775
Albania,ALB,2015,45.955
Albania,ALB,2016,48.477
Albania,ALB,2017,50.152
Albania,ALB,2018,52
Albania,ALB,2019,53.392
Albania,ALB,2020,52.458
Albania,ALB,2021,52.836
Albania,ALB,2022,55.457
Albania,ALB,2023,57.066
Albania,ALB,2024,57.164
Albania,ALB,2025,57.242
Algeria,DZA,1991,36.384
Algeria,DZA,1992,34.633
Algeria,DZA,1993,33.778
Algeria,DZA,1994,33.067
Algeria,DZA,1995,31.082
Algeria,DZA,1996,32.599
Algeria,DZA,1997,33.601
Algeria,DZA,1998,32.712
Algeria,DZA,1999,31.778
Algeria,DZA,2000,31.094
Algeria,DZA,2001,32.043
Algeria,DZA,2002,32.504
Algeria,DZA,2003,33.304
Algeria,DZA,2004,35.821
Algeria,DZA,2005,36.729
Algeria,DZA,2006,37.94
Algeria,DZA,2007,37.223
Algeria,DZA,2008,38.26
Algeria,DZA,2009,38.779
Algeria,DZA,2010,39.174
Algeria,DZA,2011,39.006
Algeria,DZA,2012,38.38
Algeria,DZA,2013,38.663
Algeria,DZA,2014,38.255
Algeria,DZA,2015,37.701
Algeria,DZA,2016,38.015
Algeria,DZA,2017,37.246
Algeria,DZA,2018,37.16
Algeria,DZA,2019,37.011
Algeria,DZA,2020,32.686
Algeria,DZA,2021,33.177
Algeria,DZA,2022,36.62
Algeria,DZA,2023,36.673
Algeria,DZA,2024,36.363
Algeria,DZA,2025,36.039
Angola,AGO,1991,64.307
Angola,AGO,1992,64.226
Angola,AGO,1993,63.88
Angola,AGO,1994,63.899
Angola,AGO,1995,64.271
Angola,AGO,1996,64.892
Angola,AGO,1997,64.973
Angola,AGO,1998,64.787
Angola,AGO,1999,64.579
Angola,AGO,2000,64.484
Angola,AGO,2001,64.451
Angola,AGO,2002,64.617
Angola,AGO,2003,64.59
Angola,AGO,2004,64.677
Angola,AGO,2005,64.679
Angola,AGO,2006,64.804
Angola,AGO,2007,64.842
Angola,AGO,2008,64.775
Angola,AGO,2009,64.6
Angola,AGO,2010,64.438
Angola,AGO,2011,64.35
Angola,AGO,2012,64.296
Angola,AGO,2013,64.119
Angola,AGO,2014,63.952
Angola,AGO,2015,63.638
Angola,AGO,2016,63.321
Angola,AGO,2017,63.045
Angola,AGO,2018,62.812
Angola,AGO,2019,62.644
Angola,AGO,2020,61.078
Angola,AGO,2021,64.306
Angola,AGO,2022,64.619
Angola,AGO,2023,64.369
Angola,AGO,2024,64.383
Angola,AGO,2025,64.236
Argentina,ARG,1991,56.707
Argentina,ARG,1992,56.855
Argentina,ARG,1993,55.284
Argentina,ARG,1994,54.716
Argentina,ARG,1995,49.947
Argentina,ARG,1996,51.392
Argentina,ARG,1997,53.474
Argentina,ARG,1998,55.104
Argentina,ARG,1999,53.755
Argentina,ARG,2000,52.968
Argentina,ARG,2001,50.973
Argentina,ARG,2002,48.366
Argentina,ARG,2003,51.661
Argentina,ARG,2004,53.567
Argentina,ARG,2005,54.434
Argentina,ARG,2006,55.567
Argentina,ARG,2007,55.937
Argentina,ARG,2008,55.692
Argentina,ARG,2009,55.526
Argentina,ARG,2010,55.544
Argentina,ARG,2011,56.297
Argentina,ARG,2012,56.005
Argentina,ARG,2013,55.705
Argentina,ARG,2014,55.123
Argentina,ARG,2015,54.744
Argentina,ARG,2016,54.247
Argentina,ARG,2017,53.899
Argentina,ARG,2018,54.101
Argentina,ARG,2019,54.355
Argentina,ARG,2020,49.602
Argentina,ARG,2021,55.085
Argentina,ARG,2022,57.3
Argentina,ARG,2023,58.463
Argentina,ARG,2024,57.439
Argentina,ARG,2025,57.489
Armenia,ARM,1991,64.672
Armenia,ARM,1992,64.367
Armenia,ARM,1993,61.603
Armenia,ARM,1994,60.227
Armenia,ARM,1995,59.627
Armenia,ARM,1996,57.479
Armenia,ARM,1997,56.088
Armenia,ARM,1998,56.637
Armenia,ARM,1999,55.315
Armenia,ARM,2000,55.238
Armenia,ARM,2001,55.082
Armenia,ARM,2002,54.849
Armenia,ARM,2003,54.636
Armenia,ARM,2004,54.455
Armenia,ARM,2005,54.336
Armenia,ARM,2006,54.305
Armenia,ARM,2007,54.415
Armenia,ARM,2008,50.108
Armenia,ARM,2009,49.952
Armenia,ARM,2010,49.862
Armenia,ARM,2011,50.142
Armenia,ARM,2012,50.772
Armenia,ARM,2013,51.339
Armenia,ARM,2014,50.761
Armenia,ARM,2015,50.3
Armenia,ARM,2016,50.783
Armenia,ARM,2017,50.581
Armenia,ARM,2018,49.697
Armenia,ARM,2019,48.002
Armenia,ARM,2020,50.125
Armenia,ARM,2021,52.364
Armenia,ARM,2022,50.905
Armenia,ARM,2023,52.546
Armenia,ARM,2024,52.485
Armenia,ARM,2025,51.744
Australia,AUS,1991,57.218
Australia,AUS,1992,56.24
Australia,AUS,1993,55.787
Australia,AUS,1994,56.943
Australia,AUS,1995,58.283
Australia,AUS,1996,58.233
Australia,AUS,1997,57.967
Australia,AUS,1998,58.281
Australia,AUS,1999,58.582
Australia,AUS,2000,59.303
Australia,AUS,2001,59.164
Australia,AUS,2002,59.459
Australia,AUS,2003,59.935
Australia,AUS,2004,60.144
Australia,AUS,2005,61.26
Australia,AUS,2006,61.747
Australia,AUS,2007,62.415
Australia,AUS,2008,62.783
Australia,AUS,2009,61.856
Australia,AUS,2010,62.066
Australia,AUS,2011,62.184
Australia,AUS,2012,61.836
Australia,AUS,2013,61.343
Australia,AUS,2014,60.849
Australia,AUS,2015,61.135
Australia,AUS,2016,61.242
Australia,AUS,2017,61.599
Australia,AUS,2018,62.286
Australia,AUS,2019,62.689
Australia,AUS,2020,60.87
Australia,AUS,2021,62.825
Australia,AUS,2022,64.396
Australia,AUS,2023,64.565
Australia,AUS,2024,64.089
Australia,AUS,2025,63.816
Austria,AUT,1991,54.168
Austria,AUT,1992,54.896
Austria,AUT,1993,54.759
Austria,AUT,1994,56.619
Austria,AUT,1995,56.326
Austria,AUT,1996,55.309
Austria,AUT,1997,55.097
Austria,AUT,1998,55.202
Austria,AUT,1999,55.823
Austria,AUT,2000,55.69
Austria,AUT,2001,55.572
Austria,AUT,2002,55.843
Austria,AUT,2003,55.921
Austria,AUT,2004,54.203
Austria,AUT,2005,54.764
Austria,AUT,2006,55.447
Austria,AUT,2007,56.506
Austria,AUT,2008,57.153
Austria,AUT,2009,56.703
Austria,AUT,2010,56.952
Austria,AUT,2011,57.131
Austria,AUT,2012,57.252
Austria,AUT,2013,57.122
Austria,AUT,2014,56.758
Austria,AUT,2015,56.73
Austria,AUT,2016,57.015
Austria,AUT,2017,57.292
Austria,AUT,2018,57.914
Austria,AUT,2019,58.121
Austria,AUT,2020,57.224
Austria,AUT,2021,56.715
Austria,AUT,2022,57.843
Austria,AUT,2023,57.649
Austria,AUT,2024,57.361
Austria,AUT,2025,56.767
Azerbaijan,AZE,1991,69.104
Azerbaijan,AZE,1992,71.001
Azerbaijan,AZE,1993,72.117
Azerbaijan,AZE,1994,73.623
Azerbaijan,AZE,1995,74.699
Azerbaijan,AZE,1996,73.986
Azerbaijan,AZE,1997,72.677
Azerbaijan,AZE,1998,70.999
Azerbaijan,AZE,1999,69.607
Azerbaijan,AZE,2000,67.753
Azerbaijan,AZE,2001,66.459
Azerbaijan,AZE,2002,65.205
Azerbaijan,AZE,2003,64.066
Azerbaijan,AZE,2004,62.538
Azerbaijan,AZE,2005,61.711
Azerbaijan,AZE,2006,60.511
Azerbaijan,AZE,2007,57.876
Azerbaijan,AZE,2008,57.259
Azerbaijan,AZE,2009,57.482
Azerbaijan,AZE,2010,57.437
Azerbaijan,AZE,2011,57.873
Azerbaijan,AZE,2012,58.398
Azerbaijan,AZE,2013,58.82
Azerbaijan,AZE,2014,59.68
Azerbaijan,AZE,2015,60.386
Azerbaijan,AZE,2016,61.419
Azerbaijan,AZE,2017,61.787
Azerbaijan,AZE,2018,62.195
Azerbaijan,AZE,2019,61.966
Azerbaijan,AZE,2020,62.356
Azerbaijan,AZE,2021,59.853
Azerbaijan,AZE,2022,61.116
Azerbaijan,AZE,2023,60.716
Azerbaijan,AZE,2024,60.292
Azerbaijan,AZE,2025,59.834
Bahamas,BHS,1991,63.468
Bahamas,BHS,1992,61.971
Bahamas,BHS,1993,63.886
Bahamas,BHS,1994,63.431
Bahamas,BHS,1995,65.816
Bahamas,BHS,1996,65.504
Bahamas,BHS,1997,66.893
Bahamas,BHS,1998,68.565
Bahamas,BHS,1999,68.784
Bahamas,BHS,2000,69.067
Bahamas,BHS,2001,69.265
Bahamas,BHS,2002,67.636
Bahamas,BHS,2003,66.276
Bahamas,BHS,2004,66.706
Bahamas,BHS,2005,66.647
Bahamas,BHS,2006,68.557
Bahamas,BHS,2007,68.233
Bahamas,BHS,2008,67.941
Bahamas,BHS,2009,63.384
Bahamas,BHS,2010,63.185
Bahamas,BHS,2011,63.09
Bahamas,BHS,2012,63.451
Bahamas,BHS,2013,61.872
Bahamas,BHS,2014,63.669
Bahamas,BHS,2015,65.065
Bahamas,BHS,2016,64.63
Bahamas,BHS,2017,66.891
Bahamas,BHS,2018,66.868
Bahamas,BHS,2019,67.455
Bahamas,BHS,2020,59.901
Bahamas,BHS,2021,61.941
Bahamas,BHS,2022,67.291
Bahamas,BHS,2023,67.722
Bahamas,BHS,2024,67.303
Bahamas,BHS,2025,66.983
Bahrain,BHR,1991,65.708
Bahrain,BHR,1992,65.727
Bahrain,BHR,1993,65.457
Bahrain,BHR,1994,65.048
Bahrain,BHR,1995,64.746
Bahrain,BHR,1996,64.466
Bahrain,BHR,1997,64.408
Bahrain,BHR,1998,64.438
Bahrain,BHR,1999,64.563
Bahrain,BHR,2000,64.799
Bahrain,BHR,2001,64.789
Bahrain,BHR,2002,64.497
Bahrain,BHR,2003,64.257
Bahrain,BHR,2004,64.216
Bahrain,BHR,2005,65.024
Bahrain,BHR,2006,66.04
Bahrain,BHR,2007,67.268
Bahrain,BHR,2008,68.605
Bahrain,BHR,2009,69.948
Bahrain,BHR,2010,70.934
Bahrain,BHR,2011,70.327
Bahrain,BHR,2012,70.727
Bahrain,BHR,2013,70.702
Bahrain,BHR,2014,70.355
Bahrain,BHR,2015,70.528
Bahrain,BHR,2016,71.12
Bahrain,BHR,2017,71.534
Bahrain,BHR,2018,71.214
Bahrain,BHR,2019,70.545
Bahrain,BHR,2020,68.004
Bahrain,BHR,2021,67.873
Bahrain,BHR,2022,69.395
Bahrain,BHR,2023,69.958
Bahrain,BHR,2024,69.804
Bahrain,BHR,2025,69.652
Bangladesh,BGD,1991,55.666
Bangladesh,BGD,1992,55.795
Bangladesh,BGD,1993,55.897
Bangladesh,BGD,1994,56.015
Bangladesh,BGD,1995,56.129
Bangladesh,BGD,1996,56.242
Bangladesh,BGD,1997,56.277
Bangladesh,BGD,1998,56.289
Bangladesh,BGD,1999,56.283
Bangladesh,BGD,2000,56.261
Bangladesh,BGD,2001,56.105
Bangladesh,BGD,2002,55.899
Bangladesh,BGD,2003,55.674
Bangladesh,BGD,2004,55.646
Bangladesh,BGD,2005,55.65
Bangladesh,BGD,2006,55.986
Bangladesh,BGD,2007,55.861
Bangladesh,BGD,2008,55.705
Bangladesh,BGD,2009,55.528
Bangladesh,BGD,2010,56.597
Bangladesh,BGD,2011,55.941
Bangladesh,BGD,2012,55.3
Bangladesh,BGD,2013,54.649
Bangladesh,BGD,2014,54.308
Bangladesh,BGD,2015,53.972
Bangladesh,BGD,2016,53.65
Bangladesh,BGD,2017,55.778
Bangladesh,BGD,2018,56.3
Bangladesh,BGD,2019,56.791
Bangladesh,BGD,2020,56.459
Bangladesh,BGD,2021,57.751
Bangladesh,BGD,2022,59.031
Bangladesh,BGD,2023,58.845
Bangladesh,BGD,2024,56.762
Bangladesh,BGD,2025,56.574
Barbados,BRB,1991,52.875
Barbados,BRB,1992,52.166
Barbados,BRB,1993,51.483
Barbados,BRB,1994,52.94
Barbados,BRB,1995,55.989
Barbados,BRB,1996,58.764
Barbados,BRB,1997,58.946
Barbados,BRB,1998,60.576
Barbados,BRB,1999,61.884
Barbados,BRB,2000,62.866
Barbados,BRB,2001,62.625
Barbados,BRB,2002,62.326
Barbados,BRB,2003,61.886
Barbados,BRB,2004,63.439
Barbados,BRB,2005,63.615
Barbados,BRB,2006,63.697
Barbados,BRB,2007,64.461
Barbados,BRB,2008,63.783
Barbados,BRB,2009,62.232
Barbados,BRB,2010,61.533
Barbados,BRB,2011,60.96
Barbados,BRB,2012,59.738
Barbados,BRB,2013,60.404
Barbados,BRB,2014,58.266
Barbados,BRB,2015,59.018
Barbados,BRB,2016,60.616
Barbados,BRB,2017,60.463
Barbados,BRB,2018,60.246
Barbados,BRB,2019,59.465
Barbados,BRB,2020,56.424
Barbados,BRB,2021,55.515
Barbados,BRB,2022,60.601
Barbados,BRB,2023,60.766
Barbados,BRB,2024,60.786
Barbados,BRB,2025,60.465
Belarus,BLR,1991,58.736
Belarus,BLR,1992,57.308
Belarus,BLR,1993,54.103
Belarus,BLR,1994,51.757
Belarus,BLR,1995,49.086
Belarus,BLR,1996,44.866
Belarus,BLR,1997,48.748
Belarus,BLR,1998,50.398
Belarus,BLR,1999,51.189
Belarus,BLR,2000,52.069
Belarus,BLR,2001,52.881
Belarus,BLR,2002,53.584
Belarus,BLR,2003,54.224
Belarus,BLR,2004,54.829
Belarus,BLR,2005,55.439
Belarus,BLR,2006,56.115
Belarus,BLR,2007,56.816
Belarus,BLR,2008,57.655
Belarus,BLR,2009,58.528
Belarus,BLR,2010,59.024
Belarus,BLR,2011,59.486
Belarus,BLR,2012,59.871
Belarus,BLR,2013,60.146
Belarus,BLR,2014,60.351
Belarus,BLR,2015,60.49
Belarus,BLR,2016,60.62
Belarus,BLR,2017,60.838
Belarus,BLR,2018,61.344
Belarus,BLR,2019,61.575
Belarus,BLR,2020,61.437
Belarus,BLR,2021,61.524
Belarus,BLR,2022,61.754
Belarus,BLR,2023,61.372
Belarus,BLR,2024,61.069
Belarus,BLR,2025,60.626
Belgium,BEL,1991,45.757
Belgium,BEL,1992,46.204
Belgium,BEL,1993,45.616
Belgium,BEL,1994,45.384
Belgium,BEL,1995,45.73
Belgium,BEL,1996,45.62
Belgium,BEL,1997,45.969
Belgium,BEL,1998,46.014
Belgium,BEL,1999,47.384
Belgium,BEL,2000,48.802
Belgium,BEL,2001,47.653
Belgium,BEL,2002,47.57
Belgium,BEL,2003,47.319
Belgium,BEL,2004,48.122
Belgium,BEL,2005,48.796
Belgium,BEL,2006,48.73
Belgium,BEL,2007,49.654
Belgium,BEL,2008,49.949
Belgium,BEL,2009,49.282
Belgium,BEL,2010,49.67
Belgium,BEL,2011,49.491
Belgium,BEL,2012,49.306
Belgium,BEL,2013,49.1
Belgium,BEL,2014,49.008
Belgium,BEL,2015,48.842
Belgium,BEL,2016,49.001
Belgium,BEL,2017,49.554
Belgium,BEL,2018,50.48
Belgium,BEL,2019,51.005
Belgium,BEL,2020,50.422
Belgium,BEL,2021,50.671
Belgium,BEL,2022,51.536
Belgium,BEL,2023,51.39
Belgium,BEL,2024,51.429
Belgium,BEL,2025,51.068
Belize,BLZ,1991,50.302
Belize,BLZ,1992,50.603
Belize,BLZ,1993,50.652
Belize,BLZ,1994,49.846
Belize,BLZ,1995,49.903
Belize,BLZ,1996,49.952
Belize,BLZ,1997,51.431
Belize,BLZ,1998,50.3
Belize,BLZ,1999,51.686
Belize,BLZ,2000,53.086
Belize,BLZ,2001,54.36
Belize,BLZ,2002,53.996
Belize,BLZ,2003,54.03
Belize,BLZ,2004,54.097
Belize,BLZ,2005,54.113
Belize,BLZ,2006,55.252
Belize,BLZ,2007,56.006
Belize,BLZ,2008,56.426
Belize,BLZ,2009,56.556
Belize,BLZ,2010,56.717
Belize,BLZ,2011,56.925
Belize,BLZ,2012,57.169
Belize,BLZ,2013,57.402
Belize,BLZ,2014,58.258
Belize,BLZ,2015,59.031
Belize,BLZ,2016,59.752
Belize,BLZ,2017,59.81
Belize,BLZ,2018,61.005
Belize,BLZ,2019,63.413
Belize,BLZ,2020,48.795
Belize,BLZ,2021,54.142
Belize,BLZ,2022,53.257
Belize,BLZ,2023,52.85
Belize,BLZ,2024,51.905
Belize,BLZ,2025,53.866
Benin,BEN,1991,70.979
Benin,BEN,1992,71.07
Benin,BEN,1993,71.042
Benin,BEN,1994,71.031
Benin,BEN,1995,71.098
Benin,BEN,1996,71.1
Benin,BEN,1997,71.164
Benin,BEN,1998,71.161
Benin,BEN,1999,71.191
Benin,BEN,2000,71.212
Benin,BEN,2001,71.242
Benin,BEN,2002,71.255
Benin,BEN,2003,71.228
Benin,BEN,2004,71.212
Benin,BEN,2005,71.176
Benin,BEN,2006,71.17
Benin,BEN,2007,71.174
Benin,BEN,2008,71.194
Benin,BEN,2009,71.169
Benin,BEN,2010,71.118
Benin,BEN,2011,69.977
Benin,BEN,2012,70.518
Benin,BEN,2013,71.109
Benin,BEN,2014,71.687
Benin,BEN,2015,72.132
Benin,BEN,2016,72.563
Benin,BEN,2017,73.058
Benin,BEN,2018,73.642
Benin,BEN,2019,74.183
Benin,BEN,2020,73.645
Benin,BEN,2021,74.681
Benin,BEN,2022,74.995
Benin,BEN,2023,75.023
Benin,BEN,2024,75.022
Benin,BEN,2025,75.143
Bhutan,BTN,1991,69.512
Bhutan,BTN,1992,69.429
Bhutan,BTN,1993,69.34
Bhutan,BTN,1994,69.292
Bhutan,BTN,1995,69.245
Bhutan,BTN,1996,69.21
Bhutan,BTN,1997,69.179
Bhutan,BTN,1998,69.16
Bhutan,BTN,1999,69.068
Bhutan,BTN,2000,68.723
Bhutan,BTN,2001,68.408
Bhutan,BTN,2002,68.322
Bhutan,BTN,2003,68.27
Bhutan,BTN,2004,67.737
Bhutan,BTN,2005,67.318
Bhutan,BTN,2006,67.356
Bhutan,BTN,2007,67.031
Bhutan,BTN,2008,66.985
Bhutan,BTN,2009,66.94
Bhutan,BTN,2010,65.887
Bhutan,BTN,2011,65.233
Bhutan,BTN,2012,63.08
Bhutan,BTN,2013,63.426
Bhutan,BTN,2014,60.963
Bhutan,BTN,2015,61.593
Bhutan,BTN,2016,61.257
Bhutan,BTN,2017,60.882
Bhutan,BTN,2018,60.506
Bhutan,BTN,2019,64.559
Bhutan,BTN,2020,64.415
Bhutan,BTN,2021,65.776
Bhutan,BTN,2022,59.342
Bhutan,BTN,2023,62.962
Bhutan,BTN,2024,62.77
Bhutan,BTN,2025,62.729
Bolivia,BOL,1991,67.294
Bolivia,BOL,1992,67.185
Bolivia,BOL,1993,67.4
Bolivia,BOL,1994,67.65
Bolivia,BOL,1995,68.218
Bolivia,BOL,1996,68.67
Bolivia,BOL,1997,69.19
Bolivia,BOL,1998,68.996
Bolivia,BOL,1999,68.705
Bolivia,BOL,2000,68.441
Bolivia,BOL,2001,68.146
Bolivia,BOL,2002,67.993
Bolivia,BOL,2003,67.791
Bolivia,BOL,2004,67.65
Bolivia,BOL,2005,67.494
Bolivia,BOL,2006,67.341
Bolivia,BOL,2007,67.145
Bolivia,BOL,2008,66.983
Bolivia,BOL,2009,66.558
Bolivia,BOL,2010,66.638
Bolivia,BOL,2011,66.708
Bolivia,BOL,2012,66.664
Bolivia,BOL,2013,66.239
Bolivia,BOL,2014,66.347
Bolivia,BOL,2015,65.437
Bolivia,BOL,2016,65.003
Bolivia,BOL,2017,66.125
Bolivia,BOL,2018,69.272
Bolivia,BOL,2019,71.428
Bolivia,BOL,2020,66.553
Bolivia,BOL,2021,73.831
Bolivia,BOL,2022,75.487
Bolivia,BOL,2023,76.01
Bolivia,BOL,2024,75.766
Bolivia,BOL,2025,76.294
Bosnia and Herzegovina,BIH,1991,45.244
Bosnia and Herzegovina,BIH,1992,44.911
Bosnia and Herzegovina,BIH,1993,44.065
Bosnia and Herzegovina,BIH,1994,43.359
Bosnia and Herzegovina,BIH,1995,42.556
Bosnia and Herzegovina,BIH,1996,41.912
Bosnia and Herzegovina,BIH,1997,41.336
Bosnia and Herzegovina,BIH,1998,40.68
Bosnia and Herzegovina,BIH,1999,40.077
Bosnia and Herzegovina,BIH,2000,39.373
Bosnia and Herzegovina,BIH,2001,38.683
Bosnia and Herzegovina,BIH,2002,38.034
Bosnia and Herzegovina,BIH,2003,37.348
Bosnia and Herzegovina,BIH,2004,36.743
Bosnia and Herzegovina,BIH,2005,36.067
Bosnia and Herzegovina,BIH,2006,35.498
Bosnia and Herzegovina,BIH,2007,36.521
Bosnia and Herzegovina,BIH,2008,39.35
Bosnia and Herzegovina,BIH,2009,38.962
Bosnia and Herzegovina,BIH,2010,37.183
Bosnia and Herzegovina,BIH,2011,36.868
Bosnia and Herzegovina,BIH,2012,36.484
Bosnia and Herzegovina,BIH,2013,36.517
Bosnia and Herzegovina,BIH,2014,36.288
Bosnia and Herzegovina,BIH,2015,36.054
Bosnia and Herzegovina,BIH,2016,37.015
Bosnia and Herzegovina,BIH,2017,39.266
Bosnia and Herzegovina,BIH,2018,40.089
Bosnia and Herzegovina,BIH,2019,41.139
Bosnia and Herzegovina,BIH,2020,39.936
Bosnia and Herzegovina,BIH,2021,40.608
Bosnia and Herzegovina,BIH,2022,42.656
Bosnia and Herzegovina,BIH,2023,44.155
Bosnia and Herzegovina,BIH,2024,43.977
Bosnia and Herzegovina,BIH,2025,43.584
Botswana,BWA,1991,53.731
Botswana,BWA,1992,51.99
Botswana,BWA,1993,50.317
Botswana,BWA,1994,48.583
Botswana,BWA,1995,48.176
Botswana,BWA,1996,47.746
Botswana,BWA,1997,47.748
Botswana,BWA,1998,47.579
Botswana,BWA,1999,48.556
Botswana,BWA,2000,49.294
Botswana,BWA,2001,47.914
Botswana,BWA,2002,46.451
Botswana,BWA,2003,45.107
Botswana,BWA,2004,46.497
Botswana,BWA,2005,47.82
Botswana,BWA,2006,49.243
Botswana,BWA,2007,50.523
Botswana,BWA,2008,51.717
Botswana,BWA,2009,52.547
Botswana,BWA,2010,49.171
Botswana,BWA,2011,49.638
Botswana,BWA,2012,50.21
Botswana,BWA,2013,50.399
Botswana,BWA,2014,50.472
Botswana,BWA,2015,50.428
Botswana,BWA,2016,50.389
Botswana,BWA,2017,50.419
Botswana,BWA,2018,50.697
Botswana,BWA,2019,50.724
Botswana,BWA,2020,48.415
Botswana,BWA,2021,49.208
Botswana,BWA,2022,49.361
Botswana,BWA,2023,52.313
Botswana,BWA,2024,52.243
Botswana,BWA,2025,51.958
Brazil,BRA,1991,60.263
Brazil,BRA,1992,60.377
Brazil,BRA,1993,61.293
Brazil,BRA,1994,61.146
Brazil,BRA,1995,61.006
Brazil,BRA,1996,58.811
Brazil,BRA,1997,58.954
Brazil,BRA,1998,58.332
Brazil,BRA,1999,58.297
Brazil,BRA,2000,58.641
Brazil,BRA,2001,59.002
Brazil,BRA,2002,59.848
Brazil,BRA,2003,59.427
Brazil,BRA,2004,60.579
Brazil,BRA,2005,60.87
Brazil,BRA,2006,61.143
Brazil,BRA,2007,61.05
Brazil,BRA,2008,61.619
Brazil,BRA,2009,61.052
Brazil,BRA,2010,60.575
Brazil,BRA,2011,59.954
Brazil,BRA,2012,59.738
Brazil,BRA,2013,59.766
Brazil,BRA,2014,59.714
Brazil,BRA,2015,58.787
Brazil,BRA,2016,56.845
Brazil,BRA,2017,56.271
Brazil,BRA,2018,56.549
Brazil,BRA,2019,57.142
Brazil,BRA,2020,52.195
Brazil,BRA,2021,54.238
Brazil,BRA,2022,57.663
Brazil,BRA,2023,57.915
Brazil,BRA,2024,59.031
Brazil,BRA,2025,59.37
Brunei,BRN,1991,63.238
Brunei,BRN,1992,63.545
Brunei,BRN,1993,63.801
Brunei,BRN,1994,64.008
Brunei,BRN,1995,64.187
Brunei,BRN,1996,64.303
Brunei,BRN,1997,64.422
Brunei,BRN,1998,64.47
Brunei,BRN,1999,64.574
Brunei,BRN,2000,64.623
Brunei,BRN,2001,64.702
Brunei,BRN,2002,64.496
Brunei,BRN,2003,64.269
Brunei,BRN,2004,64.018
Brunei,BRN,2005,63.743
Brunei,BRN,2006,63.475
Brunei,BRN,2007,63.091
Brunei,BRN,2008,62.677
Brunei,BRN,2009,62.36
Brunei,BRN,2010,62.24
Brunei,BRN,2011,62.178
Brunei,BRN,2012,62.02
Brunei,BRN,2013,61.744
Brunei,BRN,2014,61.421
Brunei,BRN,2015,60.623
Brunei,BRN,2016,59.836
Brunei,BRN,2017,59.117
Brunei,BRN,2018,60.653
Brunei,BRN,2019,60.517
Brunei,BRN,2020,59.215
Brunei,BRN,2021,60.761
Brunei,BRN,2022,60.756
Brunei,BRN,2023,61.305
Brunei,BRN,2024,61.167
Brunei,BRN,2025,60.846
Bulgaria,BGR,1991,44.578
Bulgaria,BGR,1992,42.405
Bulgaria,BGR,1993,41.724
Bulgaria,BGR,1994,43.418
Bulgaria,BGR,1995,44.144
Bulgaria,BGR,1996,43.263
Bulgaria,BGR,1997,43.161
Bulgaria,BGR,1998,43.715
Bulgaria,BGR,1999,43.108
Bulgaria,BGR,2000,41.851
Bulgaria,BGR,2001,41.219
Bulgaria,BGR,2002,41.731
Bulgaria,BGR,2003,43.272
Bulgaria,BGR,2004,44.781
Bulgaria,BGR,2005,45.075
Bulgaria,BGR,2006,47.358
Bulgaria,BGR,2007,49.864
Bulgaria,BGR,2008,51.785
Bulgaria,BGR,2009,50.412
Bulgaria,BGR,2010,48.003
Bulgaria,BGR,2011,46.633
Bulgaria,BGR,2012,46.65
Bulgaria,BGR,2013,46.957
Bulgaria,BGR,2014,47.801
Bulgaria,BGR,2015,49.252
Bulgaria,BGR,2016,49.272
Bulgaria,BGR,2017,51.99
Bulgaria,BGR,2018,52.434
Bulgaria,BGR,2019,54.309
Bulgaria,BGR,2020,53.063
Bulgaria,BGR,2021,52.53
Bulgaria,BGR,2022,54.382
Bulgaria,BGR,2023,54.438
Bulgaria,BGR,2024,53.911
Bulgaria,BGR,2025,54.131
Burkina Faso,BFA,1991,81.859
Burkina Faso,BFA,1992,81.635
Burkina Faso,BFA,1993,81.505
Burkina Faso,BFA,1994,81.179
Burkina Faso,BFA,1995,81.02
Burkina Faso,BFA,1996,80.891
Burkina Faso,BFA,1997,80.716
Burkina Faso,BFA,1998,80.488
Burkina Faso,BFA,1999,80.189
Burkina Faso,BFA,2000,79.869
Burkina Faso,BFA,2001,79.609
Burkina Faso,BFA,2002,79.303
Burkina Faso,BFA,2003,79.156
Burkina Faso,BFA,2004,78.372
Burkina Faso,BFA,2005,77.734
Burkina Faso,BFA,2006,77.783
Burkina Faso,BFA,2007,77.861
Burkina Faso,BFA,2008,77.477
Burkina Faso,BFA,2009,77.075
Burkina Faso,BFA,2010,76.847
Burkina Faso,BFA,2011,76.538
Burkina Faso,BFA,2012,76.292
Burkina Faso,BFA,2013,75.898
Burkina Faso,BFA,2014,75.506
Burkina Faso,BFA,2015,75.102
Burkina Faso,BFA,2016,74.767
Burkina Faso,BFA,2017,74.479
Burkina Faso,BFA,2018,74.215
Burkina Faso,BFA,2019,74.13
Burkina Faso,BFA,2020,71.738
Burkina Faso,BFA,2021,70.646
Burkina Faso,BFA,2022,69.567
Burkina Faso,BFA,2023,68.631
Burkina Faso,BFA,2024,67.651
Burkina Faso,BFA,2025,67.57
Burundi,BDI,1991,86.734
Burundi,BDI,1992,86.208
Burundi,BDI,1993,85.522
Burundi,BDI,1994,84.786
Burundi,BDI,1995,84.192
Burundi,BDI,1996,83.391
Burundi,BDI,1997,82.478
Burundi,BDI,1998,81.559
Burundi,BDI,1999,80.834
Burundi,BDI,2000,80.062
Burundi,BDI,2001,79.277
Burundi,BDI,2002,78.474
Burundi,BDI,2003,77.678
Burundi,BDI,2004,76.826
Burundi,BDI,2005,75.95
Burundi,BDI,2006,74.981
Burundi,BDI,2007,75.809
Burundi,BDI,2008,76.607
Burundi,BDI,2009,76.891
Burundi,BDI,2010,77.156
Burundi,BDI,2011,77.307
Burundi,BDI,2012,77.448
Burundi,BDI,2013,77.59
Burundi,BDI,2014,77.697
Burundi,BDI,2015,78.337
Burundi,BDI,2016,78.843
Burundi,BDI,2017,79.093
Burundi,BDI,2018,79.126
Burundi,BDI,2019,78.909
Burundi,BDI,2020,77.737
Burundi,BDI,2021,78.21
Burundi,BDI,2022,78.385
Burundi,BDI,2023,78.082
Burundi,BDI,2024,77.774
Burundi,BDI,2025,77.533
Cambodia,KHM,1991,79.322
Cambodia,KHM,1992,79.321
Cambodia,KHM,1993,79.358
Cambodia,KHM,1994,79.71
Cambodia,KHM,1995,79.713
Cambodia,KHM,1996,79.741
Cambodia,KHM,1997,80.034
Cambodia,KHM,1998,79.97
Cambodia,KHM,1999,79.847
Cambodia,KHM,2000,79.83
Cambodia,KHM,2001,79.8
Cambodia,KHM,2002,79.73
Cambodia,KHM,2003,79.688
Cambodia,KHM,2004,79.814
Cambodia,KHM,2005,79.969
Cambodia,KHM,2006,80.087
Cambodia,KHM,2007,80.205
Cambodia,KHM,2008,78.288
Cambodia,KHM,2009,81.541
Cambodia,KHM,2010,84.098
Cambodia,KHM,2011,84.946
Cambodia,KHM,2012,82.568
Cambodia,KHM,2013,79.867
Cambodia,KHM,2014,79.737
Cambodia,KHM,2015,79.29
Cambodia,KHM,2016,81.149
Cambodia,KHM,2017,81.294
Cambodia,KHM,2018,81.805
Cambodia,KHM,2019,82.324
Cambodia,KHM,2020,82.097
Cambodia,KHM,2021,79.195
Cambodia,KHM,2022,82.137
Cambodia,KHM,2023,82.137
Cambodia,KHM,2024,82.165
Cambodia,KHM,2025,82.175
Cameroon,CMR,1991,74.843
Cameroon,CMR,1992,74.784
Cameroon,CMR,1993,74.691
Cameroon,CMR,1994,74.9
Cameroon,CMR,1995,75.103
Cameroon,CMR,1996,75.508
Cameroon,CMR,1997,75.626
Cameroon,CMR,1998,75.716
Cameroon,CMR,1999,75.761
Cameroon,CMR,2000,75.776
Cameroon,CMR,2001,75.796
Cameroon,CMR,2002,76.367
Cameroon,CMR,2003,76.985
Cameroon,CMR,2004,77.627
Cameroon,CMR,2005,78.167
Cameroon,CMR,2006,78.698
Cameroon,CMR,2007,79.223
Cameroon,CMR,2008,77.304
Cameroon,CMR,2009,75.254
Cameroon,CMR,2010,73.097
Cameroon,CMR,2011,72.237
Cameroon,CMR,2012,71.371
Cameroon,CMR,2013,70.475
Cameroon,CMR,2014,69.551
Cameroon,CMR,2015,68.65
Cameroon,CMR,2016,67.747
Cameroon,CMR,2017,66.832
Cameroon,CMR,2018,65.919
Cameroon,CMR,2019,65.003
Cameroon,CMR,2020,63.358
Cameroon,CMR,2021,62.718
Cameroon,CMR,2022,63.185
Cameroon,CMR,2023,63.188
Cameroon,CMR,2024,63.168
Cameroon,CMR,2025,62.823
Canada,CAN,1991,59.395
Canada,CAN,1992,57.989
Canada,CAN,1993,57.548
Canada,CAN,1994,58.02
Canada,CAN,1995,58.293
Canada,CAN,1996,58.046
Canada,CAN,1997,58.558
Canada,CAN,1998,59.317
Canada,CAN,1999,60.138
Canada,CAN,2000,60.832
Canada,CAN,2001,60.69
Canada,CAN,2002,61.298
Canada,CAN,2003,62.028
Canada,CAN,2004,62.239
Canada,CAN,2005,62.221
Canada,CAN,2006,62.494
Canada,CAN,2007,62.978
Canada,CAN,2008,63.041
Canada,CAN,2009,61.288
Canada,CAN,2010,61.274
Canada,CAN,2011,61.509
Canada,CAN,2012,61.638
Canada,CAN,2013,61.788
Canada,CAN,2014,61.385
Canada,CAN,2015,61.311
Canada,CAN,2016,61.018
Canada,CAN,2017,61.564
Canada,CAN,2018,61.721
Canada,CAN,2019,62.065
Canada,CAN,2020,57.907
Canada,CAN,2021,60.288
Canada,CAN,2022,61.802
Canada,CAN,2023,61.822
Canada,CAN,2024,60.627
Canada,CAN,2025,60.061
Cape Verde,CPV,1991,52.428
Cape Verde,CPV,1992,52.261
Cape Verde,CPV,1993,52.126
Cape Verde,CPV,1994,52.101
Cape Verde,CPV,1995,51.903
Cape Verde,CPV,1996,51.697
Cape Verde,CPV,1997,51.368
Cape Verde,CPV,1998,51.111
Cape Verde,CPV,1999,50.871
Cape Verde,CPV,2000,50.668
Cape Verde,CPV,2001,50.309
Cape Verde,CPV,2002,49.999
Cape Verde,CPV,2003,49.638
Cape Verde,CPV,2004,49.491
Cape Verde,CPV,2005,49.268
Cape Verde,CPV,2006,49.07
Cape Verde,CPV,2007,48.885
Cape Verde,CPV,2008,48.644
Cape Verde,CPV,2009,48.293
Cape Verde,CPV,2010,52.812
Cape Verde,CPV,2011,52.651
Cape Verde,CPV,2012,52.546
Cape Verde,CPV,2013,52.404
Cape Verde,CPV,2014,52.24
Cape Verde,CPV,2015,52.109
Cape Verde,CPV,2016,52.02
Cape Verde,CPV,2017,51.936
Cape Verde,CPV,2018,48.798
Cape Verde,CPV,2019,50.468
Cape Verde,CPV,2020,45.581
Cape Verde,CPV,2021,46.636
Cape Verde,CPV,2022,50.197
Cape Verde,CPV,2023,50.335
Cape Verde,CPV,2024,50.256
Cape Verde,CPV,2025,50.217
Central African Republic,CAF,1991,68.374
Central African Republic,CAF,1992,68.34
Central African Republic,CAF,1993,68.325
Central African Republic,CAF,1994,68.327
Central African Republic,CAF,1995,68.392
Central African Republic,CAF,1996,68.438
Central African Republic,CAF,1997,68.47
Central African Republic,CAF,1998,68.479
Central African Republic,CAF,1999,68.464
Central African Republic,CAF,2000,68.469
Central African Republic,CAF,2001,68.426
Central African Republic,CAF,2002,68.379
Central African Republic,CAF,2003,68.347
Central African Republic,CAF,2004,68.393
Central African Republic,CAF,2005,68.406
Central African Republic,CAF,2006,68.479
Central African Republic,CAF,2007,68.544
Central African Republic,CAF,2008,68.602
Central African Republic,CAF,2009,68.611
Central African Republic,CAF,2010,68.621
Central African Republic,CAF,2011,68.714
Central African Republic,CAF,2012,68.884
Central African Republic,CAF,2013,69.036
Central African Republic,CAF,2014,69.169
Central African Republic,CAF,2015,69.181
Central African Republic,CAF,2016,69.166
Central African Republic,CAF,2017,69.14
Central African Republic,CAF,2018,69.153
Central African Republic,CAF,2019,69.08
Central African Republic,CAF,2020,67.986
Central African Republic,CAF,2021,67.76
Central African Republic,CAF,2022,68.81
Central African Republic,CAF,2023,68.886
Central African Republic,CAF,2024,68.83
Central African Republic,CAF,2025,68.802
Chad,TCD,1991,71.684
Chad,TCD,1992,71.644
Chad,TCD,1993,71.794
Chad,TCD,1994,71.344
Chad,TCD,1995,70.863
Chad,TCD,1996,70.45
Chad,TCD,1997,69.97
Chad,TCD,1998,69.515
Chad,TCD,1999,69.031
Chad,TCD,2000,68.532
Chad,TCD,2001,68.063
Chad,TCD,2002,67.603
Chad,TCD,2003,67.152
Chad,TCD,2004,66.703
Chad,TCD,2005,66.221
Chad,TCD,2006,65.694
Chad,TCD,2007,65.118
Chad,TCD,2008,64.566
Chad,TCD,2009,64.051
Chad,TCD,2010,63.568
Chad,TCD,2011,63.055
Chad,TCD,2012,62.565
Chad,TCD,2013,62.009
Chad,TCD,2014,61.474
Chad,TCD,2015,60.926
Chad,TCD,2016,60.369
Chad,TCD,2017,59.82
Chad,TCD,2018,59.293
Chad,TCD,2019,59.299
Chad,TCD,2020,58.368
Chad,TCD,2021,58.432
Chad,TCD,2022,59.14
Chad,TCD,2023,59.07
Chad,TCD,2024,58.968
Chad,TCD,2025,58.812
Channel Islands,OWID_CIS,1991,54.042
Channel Islands,OWID_CIS,1992,53.89
Channel Islands,OWID_CIS,1993,53.33
Channel Islands,OWID_CIS,1994,53.347
Channel Islands,OWID_CIS,1995,53.795
Channel Islands,OWID_CIS,1996,54.154
Channel Islands,OWID_CIS,1997,54.51
Channel Islands,OWID_CIS,1998,55.032
Channel Islands,OWID_CIS,1999,55.632
Channel Islands,OWID_CIS,2000,56.168
Channel Islands,OWID_CIS,2001,56.384
Channel Islands,OWID_CIS,2002,56.309
Channel Islands,OWID_CIS,2003,56.139
Channel Islands,OWID_CIS,2004,56.086
Channel Islands,OWID_CIS,2005,56.253
Channel Islands,OWID_CIS,2006,56.386
Channel Islands,OWID_CIS,2007,56.598
Channel Islands,OWID_CIS,2008,56.564
Channel Islands,OWID_CIS,2009,55.689
Channel Islands,OWID_CIS,2010,55.748
Channel Islands,OWID_CIS,2011,55.06
Channel Islands,OWID_CIS,2012,54.724
Channel Islands,OWID_CIS,2013,54.251
Channel Islands,OWID_CIS,2014,54.013
Channel Islands,OWID_CIS,2015,54.314
Channel Islands,OWID_CIS,2016,54.509
Channel Islands,OWID_CIS,2017,54.696
Channel Islands,OWID_CIS,2018,54.836
Channel Islands,OWID_CIS,2019,54.767
Channel Islands,OWID_CIS,2020,53.719
Channel Islands,OWID_CIS,2021,53.978
Channel Islands,OWID_CIS,2022,54.309
Channel Islands,OWID_CIS,2023,53.7
Channel Islands,OWID_CIS,2024,53.307
Channel Islands,OWID_CIS,2025,52.88
Chile,CHL,1991,50.416
Chile,CHL,1992,51.887
Chile,CHL,1993,52.349
Chile,CHL,1994,51.965
Chile,CHL,1995,53.397
Chile,CHL,1996,52.431
Chile,CHL,1997,52.579
Chile,CHL,1998,52.605
Chile,CHL,1999,50.326
Chile,CHL,2000,50.044
Chile,CHL,2001,49.298
Chile,CHL,2002,48.969
Chile,CHL,2003,49.657
Chile,CHL,2004,49.768
Chile,CHL,2005,50.529
Chile,CHL,2006,51.743
Chile,CHL,2007,52.515
Chile,CHL,2008,53.11
Chile,CHL,2009,51.744
Chile,CHL,2010,55.209
Chile,CHL,2011,57.091
Chile,CHL,2012,57.499
Chile,CHL,2013,57.88
Chile,CHL,2014,57.918
Chile,CHL,2015,58.149
Chile,CHL,2016,58.008
Chile,CHL,2017,58.383
Chile,CHL,2018,58.389
Chile,CHL,2019,58.346
Chile,CHL,2020,50.196
Chile,CHL,2021,52.211
Chile,CHL,2022,55.177
Chile,CHL,2023,55.976
Chile,CHL,2024,56.864
Chile,CHL,2025,56.713
China,CHN,1991,76.84
China,CHN,1992,76.38
China,CHN,1993,75.663
China,CHN,1994,75.027
China,CHN,1995,74.47
China,CHN,1996,73.892
China,CHN,1997,73.315
China,CHN,1998,72.808
China,CHN,1999,72.293
China,CHN,2000,71.772
China,CHN,2001,71.071
China,CHN,2002,70.444
China,CHN,2003,69.892
China,CHN,2004,69.652
China,CHN,2005,69.323
China,CHN,2006,69.079
China,CHN,2007,68.824
China,CHN,2008,68.337
China,CHN,2009,67.929
China,CHN,2010,67.746
China,CHN,2011,67.636
China,CHN,2012,67.185
China,CHN,2013,66.751
China,CHN,2014,66.425
China,CHN,2015,66.078
China,CHN,2016,65.739
China,CHN,2017,65.295
China,CHN,2018,64.887
China,CHN,2019,64.307
China,CHN,2020,62.435
China,CHN,2021,64.056
China,CHN,2022,62.523
China,CHN,2023,62.756
China,CHN,2024,61.931
China,CHN,2025,61.572
Colombia,COL,1991,59.986
Colombia,COL,1992,60.643
Colombia,COL,1993,62.078
Colombia,COL,1994,62.154
Colombia,COL,1995,62.157
Colombia,COL,1996,60.074
Colombia,COL,1997,60.004
Colombia,COL,1998,57.935
Colombia,COL,1999,53.948
Colombia,COL,2000,53.748
Colombia,COL,2001,57.463
Colombia,COL,2002,56.952
Colombia,COL,2003,58.52
Colombia,COL,2004,57.539
Colombia,COL,2005,58.111
Colombia,COL,2006,57.452
Colombia,COL,2007,56.729
Colombia,COL,2008,56.925
Colombia,COL,2009,58.875
Colombia,COL,2010,59.598
Colombia,COL,2011,60.569
Colombia,COL,2012,61.293
Colombia,COL,2013,61.053
Colombia,COL,2014,61.096
Colombia,COL,2015,61.275
Colombia,COL,2016,60.492
Colombia,COL,2017,60.015
Colombia,COL,2018,59.131
Colombia,COL,2019,57.709
Colombia,COL,2020,53.279
Colombia,COL,2021,55.389
Colombia,COL,2022,56.498
Colombia,COL,2023,57.623
Colombia,COL,2024,57.418
Colombia,COL,2025,58.142
Comoros,COM,1991,39.698
Comoros,COM,1992,39.855
Comoros,COM,1993,39.928
Comoros,COM,1994,39.996
Comoros,COM,1995,39.991
Comoros,COM,1996,39.967
Comoros,COM,1997,40.046
Comoros,COM,1998,39.981
Comoros,COM,1999,39.922
Comoros,COM,2000,39.883
Comoros,COM,2001,39.822
Comoros,COM,2002,39.776
Comoros,COM,2003,39.63
Comoros,COM,2004,39.485
Comoros,COM,2005,39.796
Comoros,COM,2006,40.108
Comoros,COM,2007,40.405
Comoros,COM,2008,40.724
Comoros,COM,2009,41.068
Comoros,COM,2010,41.413
Comoros,COM,2011,41.741
Comoros,COM,2012,42.051
Comoros,COM,2013,42.398
Comoros,COM,2014,42.696
Comoros,COM,2015,44.226
Comoros,COM,2016,45.726
Comoros,COM,2017,47.259
Comoros,COM,2018,48.769
Comoros,COM,2019,50.274
Comoros,COM,2020,51.082
Comoros,COM,2021,52.77
Comoros,COM,2022,53.317
Comoros,COM,2023,53.298
Comoros,COM,2024,53.275
Comoros,COM,2025,53.642
Congo,COG,1991,54.969
Congo,COG,1992,54.928
Congo,COG,1993,54.834
Congo,COG,1994,54.608
Congo,COG,1995,54.613
Congo,COG,1996,54.711
Congo,COG,1997,54.839
Congo,COG,1998,54.837
Congo,COG,1999,54.628
Congo,COG,2000,54.686
Congo,COG,2001,54.57
Congo,COG,2002,54.725
Congo,COG,2003,54.538
Congo,COG,2004,54.465
Congo,COG,2005,54.473
Congo,COG,2006,54.573
Congo,COG,2007,54.299
Congo,COG,2008,54.262
Congo,COG,2009,54.314
Congo,COG,2010,54.662
Congo,COG,2011,54.614
Congo,COG,2012,54.641
Congo,COG,2013,54.477
Congo,COG,2014,54.644
Congo,COG,2015,54.475
Congo,COG,2016,54.314
Congo,COG,2017,54.022
Congo,COG,2018,53.945
Congo,COG,2019,54.159
Congo,COG,2020,50.469
Congo,COG,2021,51.124
Congo,COG,2022,54.267
Congo,COG,2023,54.373
Congo,COG,2024,54.349
Congo,COG,2025,54.344
Costa Rica,CRI,1991,53.466
Costa Rica,CRI,1992,53.473
Costa Rica,CRI,1993,54.307
Costa Rica,CRI,1994,54.711
Costa Rica,CRI,1995,55.024
Costa Rica,CRI,1996,52.522
Costa Rica,CRI,1997,54.828
Costa Rica,CRI,1998,56.509
Costa Rica,CRI,1999,56.168
Costa Rica,CRI,2000,55.879
Costa Rica,CRI,2001,56.586
Costa Rica,CRI,2002,55.938
Costa Rica,CRI,2003,56.045
Costa Rica,CRI,2004,55.073
Costa Rica,CRI,2005,57.171
Costa Rica,CRI,2006,57.053
Costa Rica,CRI,2007,58.629
Costa Rica,CRI,2008,57.904
Costa Rica,CRI,2009,55.753
Costa Rica,CRI,2010,54.968
Costa Rica,CRI,2011,54.85
Costa Rica,CRI,2012,58.472
Costa Rica,CRI,2013,58.43
Costa Rica,CRI,2014,58.734
Costa Rica,CRI,2015,57.523
Costa Rica,CRI,2016,54.861
Costa Rica,CRI,2017,55.223
Costa Rica,CRI,2018,56.605
Costa Rica,CRI,2019,57.318
Costa Rica,CRI,2020,50.666
Costa Rica,CRI,2021,52.416
Costa Rica,CRI,2022,54.527
Costa Rica,CRI,2023,52.1
Costa Rica,CRI,2024,53.686
Costa Rica,CRI,2025,53.713
Cote d'Ivoire,CIV,1991,61.231
Cote d'Ivoire,CIV,1992,61.109
Cote d'Ivoire,CIV,1993,61.6
Cote d'Ivoire,CIV,1994,62.081
Cote d'Ivoire,CIV,1995,62.643
Cote d'Ivoire,CIV,1996,62.628
Cote d'Ivoire,CIV,1997,62.628
Cote d'Ivoire,CIV,1998,62.498
Cote d'Ivoire,CIV,1999,62.434
Cote d'Ivoire,CIV,2000,62.308
Cote d'Ivoire,CIV,2001,62.216
Cote d'Ivoire,CIV,2002,62.154
Cote d'Ivoire,CIV,2003,62.072
Cote d'Ivoire,CIV,2004,62.169
Cote d'Ivoire,CIV,2005,62.239
Cote d'Ivoire,CIV,2006,62.383
Cote d'Ivoire,CIV,2007,62.347
Cote d'Ivoire,CIV,2008,62.421
Cote d'Ivoire,CIV,2009,62.433
Cote d'Ivoire,CIV,2010,62.549
Cote d'Ivoire,CIV,2011,62.326
Cote d'Ivoire,CIV,2012,62.411
Cote d'Ivoire,CIV,2013,64.302
Cote d'Ivoire,CIV,2014,64.855
Cote d'Ivoire,CIV,2015,65.217
Cote d'Ivoire,CIV,2016,65.562
Cote d'Ivoire,CIV,2017,63.958
Cote d'Ivoire,CIV,2018,63.541
Cote d'Ivoire,CIV,2019,63.131
Cote d'Ivoire,CIV,2020,63.214
Cote d'Ivoire,CIV,2021,64.496
Cote d'Ivoire,CIV,2022,65.598
Cote d'Ivoire,CIV,2023,65.61
Cote d'Ivoire,CIV,2024,65.583
Cote d'Ivoire,CIV,2025,65.532
Croatia,HRV,1991,50.964
Croatia,HRV,1992,50.565
Croatia,HRV,1993,50.159
Croatia,HRV,1994,49.87
Croatia,HRV,1995,49.535
Croatia,HRV,1996,49.207
Croatia,HRV,1997,48.717
Croatia,HRV,1998,47.371
Croatia,HRV,1999,45.834
Croatia,HRV,2000,44.177
Croatia,HRV,2001,43.966
Croatia,HRV,2002,43.971
Croatia,HRV,2003,44.566
Croatia,HRV,2004,45.687
Croatia,HRV,2005,46.024
Croatia,HRV,2006,46.307
Croatia,HRV,2007,47.631
Croatia,HRV,2008,48.553
Croatia,HRV,2009,48.169
Croatia,HRV,2010,46.43
Croatia,HRV,2011,44.678
Croatia,HRV,2012,43.09
Croatia,HRV,2013,42.012
Croatia,HRV,2014,43.204
Croatia,HRV,2015,44.095
Croatia,HRV,2016,44.5
Croatia,HRV,2017,45.695
Croatia,HRV,2018,46.696
Croatia,HRV,2019,47.536
Croatia,HRV,2020,47.204
Croatia,HRV,2021,48.145
Croatia,HRV,2022,48.931
Croatia,HRV,2023,49.058
Croatia,HRV,2024,49.739
Croatia,HRV,2025,49.535
Cuba,CUB,1991,47.91
Cuba,CUB,1992,47.67
Cuba,CUB,1993,47.365
Cuba,CUB,1994,47.777
Cuba,CUB,1995,48.253
Cuba,CUB,1996,48.893
Cuba,CUB,1997,49.386
Cuba,CUB,1998,50.003
Cuba,CUB,1999,50.192
Cuba,CUB,2000,50.781
Cuba,CUB,2001,51.591
Cuba,CUB,2002,52.012
Cuba,CUB,2003,52.549
Cuba,CUB,2004,52.821
Cuba,CUB,2005,52.875
Cuba,CUB,2006,53.028
Cuba,CUB,2007,53.187
Cuba,CUB,2008,53.379
Cuba,CUB,2009,54.55
Cuba,CUB,2010,53.453
Cuba,CUB,2011,53.196
Cuba,CUB,2012,53.182
Cuba,CUB,2013,53.442
Cuba,CUB,2014,53.901
Cuba,CUB,2015,54.218
Cuba,CUB,2016,54.469
Cuba,CUB,2017,54.612
Cuba,CUB,2018,54.518
Cuba,CUB,2019,54.332
Cuba,CUB,2020,51.379
Cuba,CUB,2021,51.673
Cuba,CUB,2022,52.687
Cuba,CUB,2023,52.245
Cuba,CUB,2024,51.711
Cuba,CUB,2025,51.335
Cyprus,CYP,1991,58.904
Cyprus,CYP,1992,59.121
Cyprus,CYP,1993,58.899
Cyprus,CYP,1994,59.041
Cyprus,CYP,1995,59.191
Cyprus,CYP,1996,58.906
Cyprus,CYP,1997,58.67
Cyprus,CYP,1998,58.621
Cyprus,CYP,1999,57.138
Cyprus,CYP,2000,57.484
Cyprus,CYP,2001,59.409
Cyprus,CYP,2002,59.77
Cyprus,CYP,2003,60.455
Cyprus,CYP,2004,60.265
Cyprus,CYP,2005,59.827
Cyprus,CYP,2006,60.392
Cyprus,CYP,2007,61.304
Cyprus,CYP,2008,61.286
Cyprus,CYP,2009,60.138
Cyprus,CYP,2010,60.108
Cyprus,CYP,2011,58.759
Cyprus,CYP,2012,56.289
Cyprus,CYP,2013,53.707
Cyprus,CYP,2014,54.113
Cyprus,CYP,2015,54.519
Cyprus,CYP,2016,55.469
Cyprus,CYP,2017,57.195
Cyprus,CYP,2018,59.82
Cyprus,CYP,2019,61.382
Cyprus,CYP,2020,60.636
Cyprus,CYP,2021,61.482
Cyprus,CYP,2022,63.021
Cyprus,CYP,2023,63.98
Cyprus,CYP,2024,63.897
Cyprus,CYP,2025,63.664
Czechia,CZE,1991,59.98
Czechia,CZE,1992,59.805
Czechia,CZE,1993,58.748
Czechia,CZE,1994,59.035
Czechia,CZE,1995,59.04
Czechia,CZE,1996,58.938
Czechia,CZE,1997,58.298
Czechia,CZE,1998,57.119
Czechia,CZE,1999,55.737
Czechia,CZE,2000,55.12
Czechia,CZE,2001,55.133
Czechia,CZE,2002,55.458
Czechia,CZE,2003,54.871
Czechia,CZE,2004,54.314
Czechia,CZE,2005,54.71
Czechia,CZE,2006,55.04
Czechia,CZE,2007,55.65
Czechia,CZE,2008,55.843
Czechia,CZE,2009,54.653
Czechia,CZE,2010,54.095
Czechia,CZE,2011,54.354
Czechia,CZE,2012,54.548
Czechia,CZE,2013,55.135
Czechia,CZE,2014,55.649
Czechia,CZE,2015,56.375
Czechia,CZE,2016,57.457
Czechia,CZE,2017,58.335
Czechia,CZE,2018,59.017
Czechia,CZE,2019,58.906
Czechia,CZE,2020,57.944
Czechia,CZE,2021,57.784
Czechia,CZE,2022,58.533
Czechia,CZE,2023,58.875
Czechia,CZE,2024,59.048
Czechia,CZE,2025,58.637
Democratic Republic of Congo,COD,1991,69.84
Democratic Republic of Congo,COD,1992,69.781
Democratic Republic of Congo,COD,1993,69.728
Democratic Republic of Congo,COD,1994,69.669
Democratic Republic of Congo,COD,1995,69.73
Democratic Republic of Congo,COD,1996,69.995
Democratic Republic of Congo,COD,1997,70.161
Democratic Republic of Congo,COD,1998,70.203
Democratic Republic of Congo,COD,1999,70.174
Democratic Republic of Congo,COD,2000,70.174
Democratic Republic of Congo,COD,2001,70.177
Democratic Republic of Congo,COD,2002,70.242
Democratic Republic of Congo,COD,2003,70.348
Democratic Republic of Congo,COD,2004,70.419
Democratic Republic of Congo,COD,2005,70.442
Democratic Republic of Congo,COD,2006,69.418
Democratic Republic of Congo,COD,2007,68.38
Democratic Republic of Congo,COD,2008,67.334
Democratic Republic of Congo,COD,2009,66.255
Democratic Republic of Congo,COD,2010,65.191
Democratic Republic of Congo,COD,2011,64.116
Democratic Republic of Congo,COD,2012,63.064
Democratic Republic of Congo,COD,2013,62.839
Democratic Republic of Congo,COD,2014,62.626
Democratic Republic of Congo,COD,2015,62.391
Democratic Republic of Congo,COD,2016,62.081
Democratic Republic of Congo,COD,2017,61.769
Democratic Republic of Congo,COD,2018,61.53
Democratic Republic of Congo,COD,2019,61.335
Democratic Republic of Congo,COD,2020,60.043
Democratic Republic of Congo,COD,2021,60.257
Democratic Republic of Congo,COD,2022,61.441
Democratic Republic of Congo,COD,2023,61.519
Democratic Republic of Congo,COD,2024,61.564
Democratic Republic of Congo,COD,2025,61.454
Denmark,DNK,1991,61.094
Denmark,DNK,1992,61.02
Denmark,DNK,1993,59.316
Denmark,DNK,1994,59.322
Denmark,DNK,1995,60.688
Denmark,DNK,1996,60.919
Denmark,DNK,1997,62.147
Denmark,DNK,1998,62.024
Denmark,DNK,1999,62.693
Denmark,DNK,2000,62.814
Denmark,DNK,2001,62.697
Denmark,DNK,2002,63.164
Denmark,DNK,2003,62.218
Denmark,DNK,2004,62.695
Denmark,DNK,2005,62.748
Denmark,DNK,2006,63.756
Denmark,DNK,2007,63.381
Denmark,DNK,2008,62.807
Denmark,DNK,2009,60.372
Denmark,DNK,2010,58.677
Denmark,DNK,2011,58.26
Denmark,DNK,2012,57.551
Denmark,DNK,2013,56.95
Denmark,DNK,2014,57.089
Denmark,DNK,2015,57.558
Denmark,DNK,2016,58.046
Denmark,DNK,2017,58.221
Denmark,DNK,2018,58.73
Denmark,DNK,2019,59.311
Denmark,DNK,2020,58.637
Denmark,DNK,2021,59.493
Denmark,DNK,2022,60.688
Denmark,DNK,2023,60.505
Denmark,DNK,2024,61.56
Denmark,DNK,2025,61.345
Djibouti,DJI,1991,25.902
Djibouti,DJI,1992,25.742
Djibouti,DJI,1993,25.416
Djibouti,DJI,1994,25.414
Djibouti,DJI,1995,25.295
Djibouti,DJI,1996,25.27
Djibouti,DJI,1997,25.135
Djibouti,DJI,1998,25.027
Djibouti,DJI,1999,25.007
Djibouti,DJI,2000,24.944
Djibouti,DJI,2001,24.882
Djibouti,DJI,2002,24.809
Djibouti,DJI,2003,24.814
Djibouti,DJI,2004,24.824
Djibouti,DJI,2005,24.798
Djibouti,DJI,2006,24.761
Djibouti,DJI,2007,24.71
Djibouti,DJI,2008,24.66
Djibouti,DJI,2009,24.527
Djibouti,DJI,2010,24.431
Djibouti,DJI,2011,24.37
Djibouti,DJI,2012,24.333
Djibouti,DJI,2013,24.258
Djibouti,DJI,2014,24.161
Djibouti,DJI,2015,24.089
Djibouti,DJI,2016,24.004
Djibouti,DJI,2017,23.861
Djibouti,DJI,2018,23.704
Djibouti,DJI,2019,23.565
Djibouti,DJI,2020,22.821
Djibouti,DJI,2021,23.003
Djibouti,DJI,2022,23.437
Djibouti,DJI,2023,23.49
Djibouti,DJI,2024,23.509
Djibouti,DJI,2025,23.486
Dominican Republic,DOM,1991,53.041
Dominican Republic,DOM,1992,53.462
Dominican Republic,DOM,1993,53.846
Dominican Republic,DOM,1994,53.891
Dominican Republic,DOM,1995,53.934
Dominican Republic,DOM,1996,54.051
Dominican Republic,DOM,1997,54.387
Dominican Republic,DOM,1998,54.572
Dominican Republic,DOM,1999,54.716
Dominican Republic,DOM,2000,54.751
Dominican Republic,DOM,2001,53.117
Dominican Republic,DOM,2002,53.665
Dominican Republic,DOM,2003,52.704
Dominican Republic,DOM,2004,53.27
Dominican Republic,DOM,2005,52.893
Dominican Republic,DOM,2006,54.065
Dominican Republic,DOM,2007,54.259
Dominican Republic,DOM,2008,54.842
Dominican Republic,DOM,2009,52.438
Dominican Republic,DOM,2010,53.751
Dominican Republic,DOM,2011,54.617
Dominican Republic,DOM,2012,55.436
Dominican Republic,DOM,2013,54.912
Dominican Republic,DOM,2014,55.529
Dominican Republic,DOM,2015,57.291
Dominican Republic,DOM,2016,57.902
Dominican Republic,DOM,2017,58.73
Dominican Republic,DOM,2018,60.033
Dominican Republic,DOM,2019,61.045
Dominican Republic,DOM,2020,56.667
Dominican Republic,DOM,2021,58.309
Dominican Republic,DOM,2022,59.744
Dominican Republic,DOM,2023,60.711
Dominican Republic,DOM,2024,61.214
Dominican Republic,DOM,2025,61.537
East Asia and Pacific (WB),WB_EAP,1991,72.42487
East Asia and Pacific (WB),WB_EAP,1992,72.17831
East Asia and Pacific (WB),WB_EAP,1993,71.59535
East Asia and Pacific (WB),WB_EAP,1994,71.20899
East Asia and Pacific (WB),WB_EAP,1995,70.85631
East Asia and Pacific (WB),WB_EAP,1996,70.47964
East Asia and Pacific (WB),WB_EAP,1997,70.04577
East Asia and Pacific (WB),WB_EAP,1998,69.45732
East Asia and Pacific (WB),WB_EAP,1999,68.98454
East Asia and Pacific (WB),WB_EAP,2000,68.73559
East Asia and Pacific (WB),WB_EAP,2001,68.2317
East Asia and Pacific (WB),WB_EAP,2002,67.66295
East Asia and Pacific (WB),WB_EAP,2003,67.234024
East Asia and Pacific (WB),WB_EAP,2004,67.08663
East Asia and Pacific (WB),WB_EAP,2005,66.76468
East Asia and Pacific (WB),WB_EAP,2006,66.6372
East Asia and Pacific (WB),WB_EAP,2007,66.68672
East Asia and Pacific (WB),WB_EAP,2008,66.424416
East Asia and Pacific (WB),WB_EAP,2009,66.13483
East Asia and Pacific (WB),WB_EAP,2010,66.126945
East Asia and Pacific (WB),WB_EAP,2011,66.23753
East Asia and Pacific (WB),WB_EAP,2012,66.02396
East Asia and Pacific (WB),WB_EAP,2013,65.65582
East Asia and Pacific (WB),WB_EAP,2014,65.5353
East Asia and Pacific (WB),WB_EAP,2015,65.25291
East Asia and Pacific (WB),WB_EAP,2016,65.007225
East Asia and Pacific (WB),WB_EAP,2017,64.72354
East Asia and Pacific (WB),WB_EAP,2018,64.67429
East Asia and Pacific (WB),WB_EAP,2019,64.41226
East Asia and Pacific (WB),WB_EAP,2020,62.709785
East Asia and Pacific (WB),WB_EAP,2021,63.47632
East Asia and Pacific (WB),WB_EAP,2022,63.14677
East Asia and Pacific (WB),WB_EAP,2023,63.42713
East Asia and Pacific (WB),WB_EAP,2024,62.913273
East Asia and Pacific (WB),WB_EAP,2025,62.683548
East Timor,TLS,1991,69.253
East Timor,TLS,1992,69.161
East Timor,TLS,1993,69.068
East Timor,TLS,1994,68.998
East Timor,TLS,1995,68.899
East Timor,TLS,1996,68.7
East Timor,TLS,1997,68.609
East Timor,TLS,1998,68.688
East Timor,TLS,1999,70.011
East Timor,TLS,2000,67.225
East Timor,TLS,2001,66.878
East Timor,TLS,2002,67.31
East Timor,TLS,2003,67.282
East Timor,TLS,2004,67.064
East Timor,TLS,2005,66.941
East Timor,TLS,2006,67.153
East Timor,TLS,2007,66.784
East Timor,TLS,2008,66.312
East Timor,TLS,2009,65.889
East Timor,TLS,2010,65.419
East Timor,TLS,2011,65.127
East Timor,TLS,2012,64.928
East Timor,TLS,2013,64.765
East Timor,TLS,2014,64.556
East Timor,TLS,2015,64.422
East Timor,TLS,2016,63.711
East Timor,TLS,2017,64.205
East Timor,TLS,2018,64.674
East Timor,TLS,2019,64.416
East Timor,TLS,2020,64.07
East Timor,TLS,2021,64.914
East Timor,TLS,2022,65.537
East Timor,TLS,2023,65.562
East Timor,TLS,2024,65.746
East Timor,TLS,2025,65.913
Ecuador,ECU,1991,60.471
Ecuador,ECU,1992,60.494
Ecuador,ECU,1993,60.442
Ecuador,ECU,1994,60.665
Ecuador,ECU,1995,60.699
Ecuador,ECU,1996,60.673
Ecuador,ECU,1997,61.408
Ecuador,ECU,1998,63.466
Ecuador,ECU,1999,61.905
Ecuador,ECU,2000,60.403
Ecuador,ECU,2001,61.358
Ecuador,ECU,2002,61.589
Ecuador,ECU,2003,61.636
Ecuador,ECU,2004,64.093
Ecuador,ECU,2005,64.446
Ecuador,ECU,2006,65.536
Ecuador,ECU,2007,64.669
Ecuador,ECU,2008,63.943
Ecuador,ECU,2009,61.063
Ecuador,ECU,2010,60.122
Ecuador,ECU,2011,59.643
Ecuador,ECU,2012,60.431
Ecuador,ECU,2013,60.342
Ecuador,ECU,2014,60.44
Ecuador,ECU,2015,63.284
Ecuador,ECU,2016,64.558
Ecuador,ECU,2017,65.539
Ecuador,ECU,2018,64.307
Ecuador,ECU,2019,63.656
Ecuador,ECU,2020,56.361
Ecuador,ECU,2021,62.728
Ecuador,ECU,2022,63.388
Ecuador,ECU,2023,62.225
Ecuador,ECU,2024,62.311
Ecuador,ECU,2025,62.364
Egypt,EGY,1991,42.338
Egypt,EGY,1992,42.981
Egypt,EGY,1993,42.66
Egypt,EGY,1994,43.537
Egypt,EGY,1995,42.63
Egypt,EGY,1996,43.024
Egypt,EGY,1997,42.735
Egypt,EGY,1998,42.306
Egypt,EGY,1999,43.742
Egypt,EGY,2000,42.072
Egypt,EGY,2001,40.769
Egypt,EGY,2002,38.867
Egypt,EGY,2003,39.315
Egypt,EGY,2004,40.421
Egypt,EGY,2005,40.935
Egypt,EGY,2006,42.043
Egypt,EGY,2007,43.712
Egypt,EGY,2008,43.501
Egypt,EGY,2009,43.549
Egypt,EGY,2010,45.045
Egypt,EGY,2011,43.005
Egypt,EGY,2012,42.385
Egypt,EGY,2013,42.065
Egypt,EGY,2014,41.811
Egypt,EGY,2015,40.846
Egypt,EGY,2016,40.825
Egypt,EGY,2017,39.661
Egypt,EGY,2018,39.032
Egypt,EGY,2019,38.885
Egypt,EGY,2020,38.297
Egypt,EGY,2021,39.788
Egypt,EGY,2022,40.033
Egypt,EGY,2023,41.653
Egypt,EGY,2024,41.556
Egypt,EGY,2025,41.546
El Salvador,SLV,1991,56.947
El Salvador,SLV,1992,56.851
El Salvador,SLV,1993,56.346
El Salvador,SLV,1994,58.528
El Salvador,SLV,1995,57.599
El Salvador,SLV,1996,56.143
El Salvador,SLV,1997,55.681
El Salvador,SLV,1998,58.184
El Salvador,SLV,1999,57.594
El Salvador,SLV,2000,57.255
El Salvador,SLV,2001,56.705
El Salvador,SLV,2002,56.608
El Salvador,SLV,2003,57.504
El Salvador,SLV,2004,56.146
El Salvador,SLV,2005,56.224
El Salvador,SLV,2006,56.919
El Salvador,SLV,2007,57.454
El Salvador,SLV,2008,57.342
El Salvador,SLV,2009,55.992
El Salvador,SLV,2010,56.959
El Salvador,SLV,2011,57.019
El Salvador,SLV,2012,57.883
El Salvador,SLV,2013,58.289
El Salvador,SLV,2014,56.929
El Salvador,SLV,2015,56.342
El Salvador,SLV,2016,56.643
El Salvador,SLV,2017,56.418
El Salvador,SLV,2018,56.376
El Salvador,SLV,2019,57.39
El Salvador,SLV,2020,53.689
El Salvador,SLV,2021,56.612
El Salvador,SLV,2022,58.279
El Salvador,SLV,2023,59.718
El Salvador,SLV,2024,59.899
El Salvador,SLV,2025,60.056
Equatorial Guinea,GNQ,1991,56.45
Equatorial Guinea,GNQ,1992,56.616
Equatorial Guinea,GNQ,1993,56.781
Equatorial Guinea,GNQ,1994,56.95
Equatorial Guinea,GNQ,1995,57.124
Equatorial Guinea,GNQ,1996,57.241
Equatorial Guinea,GNQ,1997,57.327
Equatorial Guinea,GNQ,1998,57.37
Equatorial Guinea,GNQ,1999,57.34
Equatorial Guinea,GNQ,2000,57.11
Equatorial Guinea,GNQ,2001,56.6
Equatorial Guinea,GNQ,2002,56.012
Equatorial Guinea,GNQ,2003,55.409
Equatorial Guinea,GNQ,2004,54.874
Equatorial Guinea,GNQ,2005,54.509
Equatorial Guinea,GNQ,2006,54.406
Equatorial Guinea,GNQ,2007,54.38
Equatorial Guinea,GNQ,2008,54.44
Equatorial Guinea,GNQ,2009,54.497
Equatorial Guinea,GNQ,2010,54.631
Equatorial Guinea,GNQ,2011,54.945
Equatorial Guinea,GNQ,2012,55.35
Equatorial Guinea,GNQ,2013,55.754
Equatorial Guinea,GNQ,2014,56.077
Equatorial Guinea,GNQ,2015,56.265
Equatorial Guinea,GNQ,2016,56.43
Equatorial Guinea,GNQ,2017,56.497
Equatorial Guinea,GNQ,2018,56.513
Equatorial Guinea,GNQ,2019,56.353
Equatorial Guinea,GNQ,2020,52.085
Equatorial Guinea,GNQ,2021,52.589
Equatorial Guinea,GNQ,2022,56.036
Equatorial Guinea,GNQ,2023,56.117
Equatorial Guinea,GNQ,2024,55.856
Equatorial Guinea,GNQ,2025,55.469
Eritrea,ERI,1991,76.822
Eritrea,ERI,1992,76.674
Eritrea,ERI,1993,76.466
Eritrea,ERI,1994,76.276
Eritrea,ERI,1995,76.103
Eritrea,ERI,1996,75.985
Eritrea,ERI,1997,76.133
Eritrea,ERI,1998,76.212
Eritrea,ERI,1999,76.199
Eritrea,ERI,2000,76.192
Eritrea,ERI,2001,75.992
Eritrea,ERI,2002,75.775
Eritrea,ERI,2003,75.582
Eritrea,ERI,2004,75.461
Eritrea,ERI,2005,75.416
Eritrea,ERI,2006,75.471
Eritrea,ERI,2007,75.464
Eritrea,ERI,2008,75.428
Eritrea,ERI,2009,75.219
Eritrea,ERI,2010,75.037
Eritrea,ERI,2011,74.901
Eritrea,ERI,2012,74.842
Eritrea,ERI,2013,74.856
Eritrea,ERI,2014,74.646
Eritrea,ERI,2015,74.649
Eritrea,ERI,2016,74.516
Eritrea,ERI,2017,74.411
Eritrea,ERI,2018,74.158
Eritrea,ERI,2019,73.832
Eritrea,ERI,2020,72.568
Eritrea,ERI,2021,72.892
Eritrea,ERI,2022,73.623
Eritrea,ERI,2023,73.718
Eritrea,ERI,2024,73.679
Eritrea,ERI,2025,73.664
Estonia,EST,1991,65.795
Estonia,EST,1992,62.296
Estonia,EST,1993,59.03
Estonia,EST,1994,58.296
Estonia,EST,1995,55.869
Estonia,EST,1996,55.143
Estonia,EST,1997,55.115
Estonia,EST,1998,54.499
Estonia,EST,1999,52.155
Estonia,EST,2000,51.036
Estonia,EST,2001,50.374
Estonia,EST,2002,51.247
Estonia,EST,2003,52.118
Estonia,EST,2004,52.889
Estonia,EST,2005,53.9
Estonia,EST,2006,56.919
Estonia,EST,2007,57.735
Estonia,EST,2008,57.821
Estonia,EST,2009,52.528
Estonia,EST,2010,50.399
Estonia,EST,2011,53.703
Estonia,EST,2012,55.117
Estonia,EST,2013,55.984
Estonia,EST,2014,56.589
Estonia,EST,2015,57.854
Estonia,EST,2016,58.328
Estonia,EST,2017,59.571
Estonia,EST,2018,60.062
Estonia,EST,2019,60.31
Estonia,EST,2020,58.654
Estonia,EST,2021,59.283
Estonia,EST,2022,61.486
Estonia,EST,2023,61.42
Estonia,EST,2024,60.475
Estonia,EST,2025,59.714
Eswatini,SWZ,1991,43.123
Eswatini,SWZ,1992,42.777
Eswatini,SWZ,1993,42.279
Eswatini,SWZ,1994,42.445
Eswatini,SWZ,1995,42.583
Eswatini,SWZ,1996,42.227
Eswatini,SWZ,1997,41.837
Eswatini,SWZ,1998,41.259
Eswatini,SWZ,1999,40.711
Eswatini,SWZ,2000,40.168
Eswatini,SWZ,2001,39.646
Eswatini,SWZ,2002,39.235
Eswatini,SWZ,2003,38.872
Eswatini,SWZ,2004,38.544
Eswatini,SWZ,2005,38.206
Eswatini,SWZ,2006,37.897
Eswatini,SWZ,2007,37.532
Eswatini,SWZ,2008,37.605
Eswatini,SWZ,2009,37.698
Eswatini,SWZ,2010,37.919
Eswatini,SWZ,2011,38.212
Eswatini,SWZ,2012,38.583
Eswatini,SWZ,2013,38.851
Eswatini,SWZ,2014,39.084
Eswatini,SWZ,2015,39.245
Eswatini,SWZ,2016,39.518
Eswatini,SWZ,2017,38.361
Eswatini,SWZ,2018,37.157
Eswatini,SWZ,2019,36.051
Eswatini,SWZ,2020,33.171
Eswatini,SWZ,2021,32.716
Eswatini,SWZ,2022,32.04
Eswatini,SWZ,2023,33.494
Eswatini,SWZ,2024,33.464
Eswatini,SWZ,2025,33.683
Ethiopia,ETH,1991,79.115
Ethiopia,ETH,1992,79.008
Ethiopia,ETH,1993,79.17
Ethiopia,ETH,1994,79.323
Ethiopia,ETH,1995,79.43
Ethiopia,ETH,1996,79.368
Ethiopia,ETH,1997,79.32
Ethiopia,ETH,1998,79.154
Ethiopia,ETH,1999,78.999
Ethiopia,ETH,2000,79.202
Ethiopia,ETH,2001,79.491
Ethiopia,ETH,2002,79.575
Ethiopia,ETH,2003,79.599
Ethiopia,ETH,2004,79.768
Ethiopia,ETH,2005,79.971
Ethiopia,ETH,2006,80.008
Ethiopia,ETH,2007,79.914
Ethiopia,ETH,2008,79.828
Ethiopia,ETH,2009,79.733
Ethiopia,ETH,2010,79.663
Ethiopia,ETH,2011,79.587
Ethiopia,ETH,2012,79.505
Ethiopia,ETH,2013,79.409
Ethiopia,ETH,2014,77.728
Ethiopia,ETH,2015,76.079
Ethiopia,ETH,2016,74.416
Ethiopia,ETH,2017,72.766
Ethiopia,ETH,2018,71.104
Ethiopia,ETH,2019,69.478
Ethiopia,ETH,2020,66.617
Ethiopia,ETH,2021,65.567
Ethiopia,ETH,2022,66.153
Ethiopia,ETH,2023,66.149
Ethiopia,ETH,2024,66.168
Ethiopia,ETH,2025,66.185
Europe and Central Asia (WB),WB_ECA,1991,55.316357
Europe and Central Asia (WB),WB_ECA,1992,54.542526
Europe and Central Asia (WB),WB_ECA,1993,53.180824
Europe and Central Asia (WB),WB_ECA,1994,52.369484
Europe and Central Asia (WB),WB_ECA,1995,51.96164
Europe and Central Asia (WB),WB_ECA,1996,51.56352
Europe and Central Asia (WB),WB_ECA,1997,51.10505
Europe and Central Asia (WB),WB_ECA,1998,50.868298
Europe and Central Asia (WB),WB_ECA,1999,51.481922
Europe and Central Asia (WB),WB_ECA,2000,51.793934
Europe and Central Asia (WB),WB_ECA,2001,51.838757
Europe and Central Asia (WB),WB_ECA,2002,51.91949
Europe and Central Asia (WB),WB_ECA,2003,51.831333
Europe and Central Asia (WB),WB_ECA,2004,51.78515
Europe and Central Asia (WB),WB_ECA,2005,52.11287
Europe and Central Asia (WB),WB_ECA,2006,52.55298
Europe and Central Asia (WB),WB_ECA,2007,53.222
Europe and Central Asia (WB),WB_ECA,2008,53.48481
Europe and Central Asia (WB),WB_ECA,2009,52.345016
Europe and Central Asia (WB),WB_ECA,2010,52.3936
Europe and Central Asia (WB),WB_ECA,2011,52.66518
Europe and Central Asia (WB),WB_ECA,2012,52.660767
Europe and Central Asia (WB),WB_ECA,2013,52.567924
Europe and Central Asia (WB),WB_ECA,2014,52.75577
Europe and Central Asia (WB),WB_ECA,2015,53.036205
Europe and Central Asia (WB),WB_ECA,2016,53.45784
Europe and Central Asia (WB),WB_ECA,2017,53.87062
Europe and Central Asia (WB),WB_ECA,2018,54.287518
Europe and Central Asia (WB),WB_ECA,2019,54.328278
Europe and Central Asia (WB),WB_ECA,2020,53.260807
Europe and Central Asia (WB),WB_ECA,2021,53.805103
Europe and Central Asia (WB),WB_ECA,2022,55.05064
Europe and Central Asia (WB),WB_ECA,2023,55.38737
Europe and Central Asia (WB),WB_ECA,2024,55.440613
Europe and Central Asia (WB),WB_ECA,2025,55.10555
European Union (27),OWID_EU27,1991,51.36103
European Union (27),OWID_EU27,1992,50.60525
European Union (27),OWID_EU27,1993,49.424664
European Union (27),OWID_EU27,1994,48.907173
European Union (27),OWID_EU27,1995,48.914562
European Union (27),OWID_EU27,1996,48.909084
European Union (27),OWID_EU27,1997,49.007954
European Union (27),OWID_EU27,1998,49.316887
European Union (27),OWID_EU27,1999,49.652676
European Union (27),OWID_EU27,2000,49.904907
European Union (27),OWID_EU27,2001,50.133305
European Union (27),OWID_EU27,2002,50.09722
European Union (27),OWID_EU27,2003,50.219463
European Union (27),OWID_EU27,2004,50.201515
European Union (27),OWID_EU27,2005,50.597603
European Union (27),OWID_EU27,2006,51.329506
European Union (27),OWID_EU27,2007,52.08344
European Union (27),OWID_EU27,2008,52.444874
European Union (27),OWID_EU27,2009,51.12153
European Union (27),OWID_EU27,2010,50.885788
European Union (27),OWID_EU27,2011,50.828278
European Union (27),OWID_EU27,2012,50.524197
European Union (27),OWID_EU27,2013,50.2625
European Union (27),OWID_EU27,2014,50.56454
European Union (27),OWID_EU27,2015,51.035862
European Union (27),OWID_EU27,2016,51.631737
European Union (27),OWID_EU27,2017,52.364586
European Union (27),OWID_EU27,2018,52.943043
European Union (27),OWID_EU27,2019,53.35069
European Union (27),OWID_EU27,2020,52.469574
European Union (27),OWID_EU27,2021,52.968643
European Union (27),OWID_EU27,2022,53.92789
European Union (27),OWID_EU27,2023,54.236835
European Union (27),OWID_EU27,2024,54.166653
European Union (27),OWID_EU27,2025,53.878716
Fiji,FJI,1991,57.084
Fiji,FJI,1992,56.957
Fiji,FJI,1993,56.892
Fiji,FJI,1994,56.851
Fiji,FJI,1995,56.776
Fiji,FJI,1996,56.702
Fiji,FJI,1997,56.493
Fiji,FJI,1998,56.332
Fiji,FJI,1999,56.211
Fiji,FJI,2000,56.063
Fiji,FJI,2001,55.917
Fiji,FJI,2002,55.721
Fiji,FJI,2003,55.591
Fiji,FJI,2004,55.465
Fiji,FJI,2005,54.523
Fiji,FJI,2006,55.516
Fiji,FJI,2007,56.454
Fiji,FJI,2008,57.424
Fiji,FJI,2009,58.357
Fiji,FJI,2010,59.331
Fiji,FJI,2011,60.278
Fiji,FJI,2012,58.987
Fiji,FJI,2013,57.67
Fiji,FJI,2014,56.344
Fiji,FJI,2015,55.741
Fiji,FJI,2016,55.097
Fiji,FJI,2017,54.918
Fiji,FJI,2018,54.766
Fiji,FJI,2019,54.696
Fiji,FJI,2020,51.27
Fiji,FJI,2021,51.615
Fiji,FJI,2022,54.03
Fiji,FJI,2023,54.16
Fiji,FJI,2024,54.152
Fiji,FJI,2025,54.103
Finland,FIN,1991,59.289
Finland,FIN,1992,54.877
Finland,FIN,1993,51.35
Finland,FIN,1994,50.573
Finland,FIN,1995,49.561
Finland,FIN,1996,50.01
Finland,FIN,1997,51.111
Finland,FIN,1998,52.216
Finland,FIN,1999,53.926
Finland,FIN,2000,54.57
Finland,FIN,2001,55.548
Finland,FIN,2002,55.664
Finland,FIN,2003,55.63
Finland,FIN,2004,55.438
Finland,FIN,2005,56.236
Finland,FIN,2006,56.712
Finland,FIN,2007,56.933
Finland,FIN,2008,57.514
Finland,FIN,2009,55.403
Finland,FIN,2010,54.702
Finland,FIN,2011,55.166
Finland,FIN,2012,55.006
Finland,FIN,2013,54.269
Finland,FIN,2014,53.65
Finland,FIN,2015,53.253
Finland,FIN,2016,53.383
Finland,FIN,2017,53.598
Finland,FIN,2018,54.944
Finland,FIN,2019,55.221
Finland,FIN,2020,54.282
Finland,FIN,2021,55.216
Finland,FIN,2022,56.362
Finland,FIN,2023,55.966
Finland,FIN,2024,54.826
Finland,FIN,2025,54.035
France,FRA,1991,49.996
France,FRA,1992,49.534
France,FRA,1993,48.94
France,FRA,1994,48.132
France,FRA,1995,48.539
France,FRA,1996,48.506
France,FRA,1997,48.053
France,FRA,1998,48.395
France,FRA,1999,48.722
France,FRA,2000,49.652
France,FRA,2001,50.376
France,FRA,2002,50.578
France,FRA,2003,51.339
France,FRA,2004,50.871
France,FRA,2005,51.016
France,FRA,2006,50.978
France,FRA,2007,51.574
France,FRA,2008,51.986
France,FRA,2009,51.173
France,FRA,2010,51
France,FRA,2011,50.85
France,FRA,2012,50.693
France,FRA,2013,50.692
France,FRA,2014,50.035
France,FRA,2015,49.862
France,FRA,2016,49.828
France,FRA,2017,50.059
France,FRA,2018,50.313
France,FRA,2019,50.316
France,FRA,2020,49.925
France,FRA,2021,51.179
France,FRA,2022,51.758
France,FRA,2023,51.835
France,FRA,2024,51.544
France,FRA,2025,51.172
French Polynesia,PYF,1991,52.38
French Polynesia,PYF,1992,52.391
French Polynesia,PYF,1993,52.463
French Polynesia,PYF,1994,52.428
French Polynesia,PYF,1995,52.509
French Polynesia,PYF,1996,52.518
French Polynesia,PYF,1997,52.363
French Polynesia,PYF,1998,52.185
French Polynesia,PYF,1999,51.985
French Polynesia,PYF,2000,51.782
French Polynesia,PYF,2001,51.437
French Polynesia,PYF,2002,51.104
French Polynesia,PYF,2003,50.754
French Polynesia,PYF,2004,50.415
French Polynesia,PYF,2005,50.077
French Polynesia,PYF,2006,49.769
French Polynesia,PYF,2007,49.493
French Polynesia,PYF,2008,49.48
French Polynesia,PYF,2009,49.394
French Polynesia,PYF,2010,49.342
French Polynesia,PYF,2011,49.322
French Polynesia,PYF,2012,49.436
French Polynesia,PYF,2013,49.406
French Polynesia,PYF,2014,49.379
French Polynesia,PYF,2015,49.357
French Polynesia,PYF,2016,49.323
French Polynesia,PYF,2017,49.35
French Polynesia,PYF,2018,49.163
French Polynesia,PYF,2019,48.981
French Polynesia,PYF,2020,47.4
French Polynesia,PYF,2021,47.44
French Polynesia,PYF,2022,47.598
French Polynesia,PYF,2023,47.157
French Polynesia,PYF,2024,46.667
French Polynesia,PYF,2025,46.262
Gabon,GAB,1991,40.141
Gabon,GAB,1992,39.955
Gabon,GAB,1993,39.892
Gabon,GAB,1994,39.835
Gabon,GAB,1995,39.968
Gabon,GAB,1996,39.929
Gabon,GAB,1997,39.91
Gabon,GAB,1998,39.841
Gabon,GAB,1999,39.676
Gabon,GAB,2000,39.542
Gabon,GAB,2001,39.512
Gabon,GAB,2002,39.722
Gabon,GAB,2003,39.83
Gabon,GAB,2004,39.868
Gabon,GAB,2005,40.001
Gabon,GAB,2006,39.695
Gabon,GAB,2007,39.55
Gabon,GAB,2008,39.282
Gabon,GAB,2009,39.212
Gabon,GAB,2010,39.071
Gabon,GAB,2011,39.513
Gabon,GAB,2012,39.86
Gabon,GAB,2013,40.052
Gabon,GAB,2014,40.22
Gabon,GAB,2015,40.41
Gabon,GAB,2016,40.551
Gabon,GAB,2017,40.678
Gabon,GAB,2018,40.789
Gabon,GAB,2019,40.945
Gabon,GAB,2020,37.692
Gabon,GAB,2021,38.22
Gabon,GAB,2022,41.097
Gabon,GAB,2023,41.117
Gabon,GAB,2024,41.005
Gabon,GAB,2025,40.768
Gambia,GMB,1991,43.52
Gambia,GMB,1992,43.475
Gambia,GMB,1993,43.475
Gambia,GMB,1994,43.421
Gambia,GMB,1995,43.386
Gambia,GMB,1996,43.39
Gambia,GMB,1997,43.518
Gambia,GMB,1998,43.58
Gambia,GMB,1999,43.686
Gambia,GMB,2000,43.707
Gambia,GMB,2001,43.756
Gambia,GMB,2002,43.487
Gambia,GMB,2003,43.518
Gambia,GMB,2004,43.543
Gambia,GMB,2005,43.475
Gambia,GMB,2006,43.253
Gambia,GMB,2007,43.126
Gambia,GMB,2008,43.287
Gambia,GMB,2009,43.415
Gambia,GMB,2010,43.452
Gambia,GMB,2011,43.029
Gambia,GMB,2012,42.988
Gambia,GMB,2013,43.392
Gambia,GMB,2014,43.934
Gambia,GMB,2015,44.378
Gambia,GMB,2016,44.809
Gambia,GMB,2017,45.339
Gambia,GMB,2018,45.833
Gambia,GMB,2019,45.613
Gambia,GMB,2020,44.891
Gambia,GMB,2021,44.677
Gambia,GMB,2022,44.71
Gambia,GMB,2023,44.469
Gambia,GMB,2024,44.428
Gambia,GMB,2025,44.362
Georgia,GEO,1991,74.564
Georgia,GEO,1992,73.435
Georgia,GEO,1993,74.475
Georgia,GEO,1994,73.233
Georgia,GEO,1995,73.115
Georgia,GEO,1996,68.421
Georgia,GEO,1997,66.978
Georgia,GEO,1998,64.119
Georgia,GEO,1999,64.173
Georgia,GEO,2000,66.004
Georgia,GEO,2001,65.127
Georgia,GEO,2002,63.484
Georgia,GEO,2003,63.24
Georgia,GEO,2004,61.909
Georgia,GEO,2005,60.282
Georgia,GEO,2006,59.74
Georgia,GEO,2007,59.11
Georgia,GEO,2008,55.824
Georgia,GEO,2009,54.054
Georgia,GEO,2010,54.021
Georgia,GEO,2011,53.977
Georgia,GEO,2012,53.639
Georgia,GEO,2013,53.577
Georgia,GEO,2014,54.736
Georgia,GEO,2015,55.239
Georgia,GEO,2016,55.059
Georgia,GEO,2017,56.656
Georgia,GEO,2018,55.836
Georgia,GEO,2019,55.65
Georgia,GEO,2020,55.96
Georgia,GEO,2021,53.816
Georgia,GEO,2022,56.285
Georgia,GEO,2023,56.646
Georgia,GEO,2024,56.908
Georgia,GEO,2025,56.532
Germany,DEU,1991,56.43
Germany,DEU,1992,55.34
Germany,DEU,1993,54.055
Germany,DEU,1994,53.562
Germany,DEU,1995,53.501
Germany,DEU,1996,52.893
Germany,DEU,1997,52.49
Germany,DEU,1998,52.48
Germany,DEU,1999,53.171
Germany,DEU,2000,53.398
Germany,DEU,2001,53.398
Germany,DEU,2002,52.888
Germany,DEU,2003,52.19
Germany,DEU,2004,51.294
Germany,DEU,2005,51.803
Germany,DEU,2006,52.934
Germany,DEU,2007,53.907
Germany,DEU,2008,54.651
Germany,DEU,2009,54.545
Germany,DEU,2010,55.134
Germany,DEU,2011,56.282
Germany,DEU,2012,56.737
Germany,DEU,2013,57.074
Germany,DEU,2014,57.371
Germany,DEU,2015,57.442
Germany,DEU,2016,57.932
Germany,DEU,2017,58.366
Germany,DEU,2018,58.8
Germany,DEU,2019,59.368
Germany,DEU,2020,58.131
Germany,DEU,2021,58.224
Germany,DEU,2022,58.926
Germany,DEU,2023,59.175
Germany,DEU,2024,58.849
Germany,DEU,2025,58.323
Ghana,GHA,1991,70.506
Ghana,GHA,1992,69.561
Ghana,GHA,1993,69.113
Ghana,GHA,1994,68.566
Ghana,GHA,1995,68.082
Ghana,GHA,1996,67.581
Ghana,GHA,1997,67.124
Ghana,GHA,1998,66.658
Ghana,GHA,1999,65.222
Ghana,GHA,2000,64.906
Ghana,GHA,2001,65.459
Ghana,GHA,2002,66.055
Ghana,GHA,2003,66.707
Ghana,GHA,2004,67.349
Ghana,GHA,2005,67.969
Ghana,GHA,2006,68.571
Ghana,GHA,2007,68.361
Ghana,GHA,2008,68.271
Ghana,GHA,2009,68.053
Ghana,GHA,2010,67.977
Ghana,GHA,2011,68.756
Ghana,GHA,2012,69.474
Ghana,GHA,2013,70.094
Ghana,GHA,2014,67.363
Ghana,GHA,2015,64.54
Ghana,GHA,2016,64.488
Ghana,GHA,2017,64.603
Ghana,GHA,2018,63.191
Ghana,GHA,2019,61.758
Ghana,GHA,2020,59.656
Ghana,GHA,2021,58.456
Ghana,GHA,2022,57.404
Ghana,GHA,2023,57.397
Ghana,GHA,2024,57.391
Ghana,GHA,2025,56.781
Greece,GRC,1991,45.283
Greece,GRC,1992,45.19
Greece,GRC,1993,44.512
Greece,GRC,1994,45.161
Greece,GRC,1995,45.251
Greece,GRC,1996,45.605
Greece,GRC,1997,45.348
Greece,GRC,1998,45.425
Greece,GRC,1999,45.319
Greece,GRC,2000,45.605
Greece,GRC,2001,45.261
Greece,GRC,2002,45.736
Greece,GRC,2003,46.346
Greece,GRC,2004,46.502
Greece,GRC,2005,46.906
Greece,GRC,2006,47.758
Greece,GRC,2007,47.909
Greece,GRC,2008,48.318
Greece,GRC,2009,47.7
Greece,GRC,2010,46.167
Greece,GRC,2011,42.781
Greece,GRC,2012,39.059
Greece,GRC,2013,37.288
Greece,GRC,2014,37.547
Greece,GRC,2015,38.41
Greece,GRC,2016,39.121
Greece,GRC,2017,40.096
Greece,GRC,2018,41.057
Greece,GRC,2019,42.187
Greece,GRC,2020,42.097
Greece,GRC,2021,42.954
Greece,GRC,2022,45.386
Greece,GRC,2023,46.091
Greece,GRC,2024,47.089
Greece,GRC,2025,47.521
Guam,GUM,1991,69.688
Guam,GUM,1992,68.997
Guam,GUM,1993,67.333
Guam,GUM,1994,65.41
Guam,GUM,1995,64.749
Guam,GUM,1996,64.029
Guam,GUM,1997,62.613
Guam,GUM,1998,63.488
Guam,GUM,1999,58.78
Guam,GUM,2000,57.413
Guam,GUM,2001,56.932
Guam,GUM,2002,55.293
Guam,GUM,2003,56.036
Guam,GUM,2004,56.949
Guam,GUM,2005,56.823
Guam,GUM,2006,58.06
Guam,GUM,2007,53.003
Guam,GUM,2008,54.451
Guam,GUM,2009,55.962
Guam,GUM,2010,56.365
Guam,GUM,2011,54.274
Guam,GUM,2012,54.911
Guam,GUM,2013,55.305
Guam,GUM,2014,57.692
Guam,GUM,2015,58.1
Guam,GUM,2016,59.022
Guam,GUM,2017,58.977
Guam,GUM,2018,58.965
Guam,GUM,2019,58.917
Guam,GUM,2020,55.488
Guam,GUM,2021,56.066
Guam,GUM,2022,58.844
Guam,GUM,2023,58.961
Guam,GUM,2024,58.995
Guam,GUM,2025,58.797
Guatemala,GTM,1991,64.896
Guatemala,GTM,1992,65
Guatemala,GTM,1993,65.066
Guatemala,GTM,1994,65.125
Guatemala,GTM,1995,65.212
Guatemala,GTM,1996,65.2
Guatemala,GTM,1997,65.274
Guatemala,GTM,1998,65.364
Guatemala,GTM,1999,65.435
Guatemala,GTM,2000,65.46
Guatemala,GTM,2001,65.388
Guatemala,GTM,2002,65.444
Guatemala,GTM,2003,65.874
Guatemala,GTM,2004,61.237
Guatemala,GTM,2005,60.757
Guatemala,GTM,2006,60.393
Guatemala,GTM,2007,60.034
Guatemala,GTM,2008,59.573
Guatemala,GTM,2009,58.944
Guatemala,GTM,2010,58.344
Guatemala,GTM,2011,59.455
Guatemala,GTM,2012,63.318
Guatemala,GTM,2013,58.403
Guatemala,GTM,2014,59.082
Guatemala,GTM,2015,59.077
Guatemala,GTM,2016,59.122
Guatemala,GTM,2017,59.442
Guatemala,GTM,2018,59.122
Guatemala,GTM,2019,57.871
Guatemala,GTM,2020,57.018
Guatemala,GTM,2021,61.569
Guatemala,GTM,2022,58.403
Guatemala,GTM,2023,58.189
Guatemala,GTM,2024,58.144
Guatemala,GTM,2025,58.066
Guinea,GIN,1991,60.86
Guinea,GIN,1992,60.879
Guinea,GIN,1993,60.923
Guinea,GIN,1994,60.979
Guinea,GIN,1995,61.03
Guinea,GIN,1996,61.045
Guinea,GIN,1997,61.16
Guinea,GIN,1998,61.241
Guinea,GIN,1999,61.272
Guinea,GIN,2000,61.287
Guinea,GIN,2001,61.4
Guinea,GIN,2002,61.486
Guinea,GIN,2003,60.818
Guinea,GIN,2004,60.145
Guinea,GIN,2005,59.452
Guinea,GIN,2006,58.792
Guinea,GIN,2007,58.205
Guinea,GIN,2008,57.557
Guinea,GIN,2009,56.849
Guinea,GIN,2010,56.142
Guinea,GIN,2011,55.492
Guinea,GIN,2012,54.928
Guinea,GIN,2013,54.234
Guinea,GIN,2014,53.521
Guinea,GIN,2015,52.804
Guinea,GIN,2016,52.228
Guinea,GIN,2017,51.64
Guinea,GIN,2018,50.989
Guinea,GIN,2019,50.225
Guinea,GIN,2020,49.23
Guinea,GIN,2021,49.564
Guinea,GIN,2022,50.087
Guinea,GIN,2023,50.096
Guinea,GIN,2024,50.083
Guinea,GIN,2025,49.894
Guinea-Bissau,GNB,1991,62.125
Guinea-Bissau,GNB,1992,62.057
Guinea-Bissau,GNB,1993,62.011
Guinea-Bissau,GNB,1994,61.988
Guinea-Bissau,GNB,1995,62.002
Guinea-Bissau,GNB,1996,62.057
Guinea-Bissau,GNB,1997,62.047
Guinea-Bissau,GNB,1998,61.756
Guinea-Bissau,GNB,1999,61.77
Guinea-Bissau,GNB,2000,61.671
Guinea-Bissau,GNB,2001,61.88
Guinea-Bissau,GNB,2002,61.717
Guinea-Bissau,GNB,2003,61.663
Guinea-Bissau,GNB,2004,61.585
Guinea-Bissau,GNB,2005,61.574
Guinea-Bissau,GNB,2006,61.571
Guinea-Bissau,GNB,2007,61.552
Guinea-Bissau,GNB,2008,61.495
Guinea-Bissau,GNB,2009,61.451
Guinea-Bissau,GNB,2010,61.434
Guinea-Bissau,GNB,2011,61.421
Guinea-Bissau,GNB,2012,61.338
Guinea-Bissau,GNB,2013,61.267
Guinea-Bissau,GNB,2014,61.144
Guinea-Bissau,GNB,2015,61.157
Guinea-Bissau,GNB,2016,61.105
Guinea-Bissau,GNB,2017,61.054
Guinea-Bissau,GNB,2018,60.934
Guinea-Bissau,GNB,2019,60.667
Guinea-Bissau,GNB,2020,60.697
Guinea-Bissau,GNB,2021,61.842
Guinea-Bissau,GNB,2022,63.11
Guinea-Bissau,GNB,2023,63.091
Guinea-Bissau,GNB,2024,63.037
Guinea-Bissau,GNB,2025,63.081
Guyana,GUY,1991,52.426
Guyana,GUY,1992,52.724
Guyana,GUY,1993,53.083
Guyana,GUY,1994,52.782
Guyana,GUY,1995,52.415
Guyana,GUY,1996,52.081
Guyana,GUY,1997,51.714
Guyana,GUY,1998,51.279
Guyana,GUY,1999,50.856
Guyana,GUY,2000,50.386
Guyana,GUY,2001,50.051
Guyana,GUY,2002,49.617
Guyana,GUY,2003,49.889
Guyana,GUY,2004,50.092
Guyana,GUY,2005,50.246
Guyana,GUY,2006,50.487
Guyana,GUY,2007,50.409
Guyana,GUY,2008,50.291
Guyana,GUY,2009,50.09
Guyana,GUY,2010,49.848
Guyana,GUY,2011,49.672
Guyana,GUY,2012,49.437
Guyana,GUY,2013,49.151
Guyana,GUY,2014,48.832
Guyana,GUY,2015,48.514
Guyana,GUY,2016,48.288
Guyana,GUY,2017,48.112
Guyana,GUY,2018,48.188
Guyana,GUY,2019,45.209
Guyana,GUY,2020,42.974
Guyana,GUY,2021,43.726
Guyana,GUY,2022,47.587
Guyana,GUY,2023,48.182
Guyana,GUY,2024,48.591
Guyana,GUY,2025,48.409
Haiti,HTI,1991,61.552
Haiti,HTI,1992,61.205
Haiti,HTI,1993,60.799
Haiti,HTI,1994,60.277
Haiti,HTI,1995,60.192
Haiti,HTI,1996,59.903
Haiti,HTI,1997,59.671
Haiti,HTI,1998,59.137
Haiti,HTI,1999,58.684
Haiti,HTI,2000,57.471
Haiti,HTI,2001,56.856
Haiti,HTI,2002,56.239
Haiti,HTI,2003,55.703
Haiti,HTI,2004,55.084
Haiti,HTI,2005,54.537
Haiti,HTI,2006,54.007
Haiti,HTI,2007,53.706
Haiti,HTI,2008,54.391
Haiti,HTI,2009,55.216
Haiti,HTI,2010,55.617
Haiti,HTI,2011,56.22
Haiti,HTI,2012,56.454
Haiti,HTI,2013,56.8
Haiti,HTI,2014,56.774
Haiti,HTI,2015,56.788
Haiti,HTI,2016,56.723
Haiti,HTI,2017,56.738
Haiti,HTI,2018,56.747
Haiti,HTI,2019,56.547
Haiti,HTI,2020,55.046
Haiti,HTI,2021,55.654
Haiti,HTI,2022,55.376
Haiti,HTI,2023,55.163
Haiti,HTI,2024,54.623
Haiti,HTI,2025,54.377
High-income countries,OWID_HIC,1991,57.09661
High-income countries,OWID_HIC,1992,56.589752
High-income countries,OWID_HIC,1993,55.844288
High-income countries,OWID_HIC,1994,55.49871
High-income countries,OWID_HIC,1995,55.50771
High-income countries,OWID_HIC,1996,55.464718
High-income countries,OWID_HIC,1997,55.42245
High-income countries,OWID_HIC,1998,55.205517
High-income countries,OWID_HIC,1999,55.657288
High-income countries,OWID_HIC,2000,56.0751
High-income countries,OWID_HIC,2001,55.90468
High-income countries,OWID_HIC,2002,55.720917
High-income countries,OWID_HIC,2003,55.579044
High-income countries,OWID_HIC,2004,55.759903
High-income countries,OWID_HIC,2005,56.127747
High-income countries,OWID_HIC,2006,56.61205
High-income countries,OWID_HIC,2007,57.094692
High-income countries,OWID_HIC,2008,57.098804
High-income countries,OWID_HIC,2009,55.56652
High-income countries,OWID_HIC,2010,55.411057
High-income countries,OWID_HIC,2011,55.596066
High-income countries,OWID_HIC,2012,55.78211
High-income countries,OWID_HIC,2013,55.836002
High-income countries,OWID_HIC,2014,56.232853
High-income countries,OWID_HIC,2015,56.551968
High-income countries,OWID_HIC,2016,56.9813
High-income countries,OWID_HIC,2017,57.408863
High-income countries,OWID_HIC,2018,57.878456
High-income countries,OWID_HIC,2019,58.196884
High-income countries,OWID_HIC,2020,56.402702
High-income countries,OWID_HIC,2021,57.21933
High-income countries,OWID_HIC,2022,58.268837
High-income countries,OWID_HIC,2023,58.65298
High-income countries,OWID_HIC,2024,58.570263
High-income countries,OWID_HIC,2025,58.326202
Honduras,HND,1991,62.665
Honduras,HND,1992,63.779
Honduras,HND,1993,63.885
Honduras,HND,1994,63.759
Honduras,HND,1995,63.812
Honduras,HND,1996,63.031
Honduras,HND,1997,63.787
Honduras,HND,1998,63.358
Honduras,HND,1999,63.344
Honduras,HND,2000,61.88
Honduras,HND,2001,61.29
Honduras,HND,2002,60.76
Honduras,HND,2003,59.436
Honduras,HND,2004,58.489
Honduras,HND,2005,58.64
Honduras,HND,2006,57.717
Honduras,HND,2007,57.065
Honduras,HND,2008,57.696
Honduras,HND,2009,58.805
Honduras,HND,2010,59.364
Honduras,HND,2011,57.055
Honduras,HND,2012,56.207
Honduras,HND,2013,59.123
Honduras,HND,2014,59.611
Honduras,HND,2015,60.152
Honduras,HND,2016,59.063
Honduras,HND,2017,60.801
Honduras,HND,2018,62.737
Honduras,HND,2019,59.578
Honduras,HND,2020,52.961
Honduras,HND,2021,55.526
Honduras,HND,2022,53.492
Honduras,HND,2023,53.057
Honduras,HND,2024,53.815
Honduras,HND,2025,53.773
Hong Kong,HKG,1991,62.301
Hong Kong,HKG,1992,61.18
Hong Kong,HKG,1993,60.78
Hong Kong,HKG,1994,60.648
Hong Kong,HKG,1995,59.681
Hong Kong,HKG,1996,59.648
Hong Kong,HKG,1997,59.821
Hong Kong,HKG,1998,58.345
Hong Kong,HKG,1999,57.121
Hong Kong,HKG,2000,57.719
Hong Kong,HKG,2001,57.864
Hong Kong,HKG,2002,56.793
Hong Kong,HKG,2003,55.974
Hong Kong,HKG,2004,56.587
Hong Kong,HKG,2005,57.187
Hong Kong,HKG,2006,57.657
Hong Kong,HKG,2007,58.136
Hong Kong,HKG,2008,57.938
Hong Kong,HKG,2009,56.822
Hong Kong,HKG,2010,56.276
Hong Kong,HKG,2011,57.296
Hong Kong,HKG,2012,57.781
Hong Kong,HKG,2013,58.437
Hong Kong,HKG,2014,58.338
Hong Kong,HKG,2015,58.461
Hong Kong,HKG,2016,58.349
Hong Kong,HKG,2017,58.577
Hong Kong,HKG,2018,58.946
Hong Kong,HKG,2019,58.245
Hong Kong,HKG,2020,55.55
Hong Kong,HKG,2021,55.704
Hong Kong,HKG,2022,55.353
Hong Kong,HKG,2023,55.528
Hong Kong,HKG,2024,55.139
Hong Kong,HKG,2025,54.778
Hungary,HUN,1991,46.886
Hungary,HUN,1992,46.037
Hungary,HUN,1993,44.881
Hungary,HUN,1994,45.465
Hungary,HUN,1995,45.75
Hungary,HUN,1996,45.777
Hungary,HUN,1997,46.265
Hungary,HUN,1998,46.283
Hungary,HUN,1999,47.381
Hungary,HUN,2000,47.8
Hungary,HUN,2001,48.56
Hungary,HUN,2002,48.862
Hungary,HUN,2003,48.957
Hungary,HUN,2004,49.14
Hungary,HUN,2005,48.561
Hungary,HUN,2006,48.481
Hungary,HUN,2007,48.433
Hungary,HUN,2008,48.097
Hungary,HUN,2009,46.391
Hungary,HUN,2010,46.181
Hungary,HUN,2011,46.473
Hungary,HUN,2012,47.052
Hungary,HUN,2013,48.076
Hungary,HUN,2014,50.761
Hungary,HUN,2015,52.382
Hungary,HUN,2016,54.366
Hungary,HUN,2017,55.43
Hungary,HUN,2018,56.16
Hungary,HUN,2019,56.477
Hungary,HUN,2020,55.963
Hungary,HUN,2021,56.738
Hungary,HUN,2022,57.712
Hungary,HUN,2023,58.127
Hungary,HUN,2024,57.931
Hungary,HUN,2025,57.839
Iceland,ISL,1991,70.89
Iceland,ISL,1992,70.098
Iceland,ISL,1993,69.082
Iceland,ISL,1994,69.279
Iceland,ISL,1995,71.737
Iceland,ISL,1996,71.705
Iceland,ISL,1997,70.79
Iceland,ISL,1998,72.704
Iceland,ISL,1999,74.607
Iceland,ISL,2000,76.355
Iceland,ISL,2001,76.321
Iceland,ISL,2002,74.428
Iceland,ISL,2003,74.142
Iceland,ISL,2004,73.235
Iceland,ISL,2005,73.801
Iceland,ISL,2006,74.714
Iceland,ISL,2007,75.422
Iceland,ISL,2008,74.165
Iceland,ISL,2009,69.427
Iceland,ISL,2010,69.036
Iceland,ISL,2011,68.973
Iceland,ISL,2012,69.821
Iceland,ISL,2013,70.87
Iceland,ISL,2014,72.248
Iceland,ISL,2015,73.626
Iceland,ISL,2016,75.111
Iceland,ISL,2017,74.784
Iceland,ISL,2018,73.924
Iceland,ISL,2019,73.044
Iceland,ISL,2020,69.526
Iceland,ISL,2021,68.987
Iceland,ISL,2022,71.646
Iceland,ISL,2023,72.118
Iceland,ISL,2024,72.448
Iceland,ISL,2025,72.21
India,IND,1991,53.537
India,IND,1992,53.561
India,IND,1993,53.581
India,IND,1994,53.655
India,IND,1995,53.975
India,IND,1996,54.302
India,IND,1997,54.592
India,IND,1998,54.892
India,IND,1999,55.213
India,IND,2000,55.52
India,IND,2001,55.363
India,IND,2002,55.175
India,IND,2003,55.056
India,IND,2004,54.928
India,IND,2005,54.812
India,IND,2006,53.938
India,IND,2007,53.076
India,IND,2008,52.2
India,IND,2009,51.379
India,IND,2010,50.586
India,IND,2011,50.012
India,IND,2012,49.418
India,IND,2013,49.267
India,IND,2014,49.132
India,IND,2015,48.985
India,IND,2016,48.83
India,IND,2017,48.655
India,IND,2018,48.466
India,IND,2019,48.88
India,IND,2020,47.496
India,IND,2021,49.171
India,IND,2022,51.003
India,IND,2023,52.415
India,IND,2024,53.317
India,IND,2025,53.31
Indonesia,IDN,1991,64.22
Indonesia,IDN,1992,64.503
Indonesia,IDN,1993,63.8
Indonesia,IDN,1994,63.882
Indonesia,IDN,1995,63.752
Indonesia,IDN,1996,63.619
Indonesia,IDN,1997,63.231
Indonesia,IDN,1998,63.276
Indonesia,IDN,1999,62.948
Indonesia,IDN,2000,63.638
Indonesia,IDN,2001,63.046
Indonesia,IDN,2002,61.62
Indonesia,IDN,2003,61.299
Indonesia,IDN,2004,60.879
Indonesia,IDN,2005,59.283
Indonesia,IDN,2006,59.359
Indonesia,IDN,2007,60.889
Indonesia,IDN,2008,61.589
Indonesia,IDN,2009,62.014
Indonesia,IDN,2010,62.845
Indonesia,IDN,2011,63.465
Indonesia,IDN,2012,64.404
Indonesia,IDN,2013,63.863
Indonesia,IDN,2014,63.927
Indonesia,IDN,2015,63.573
Indonesia,IDN,2016,63.462
Indonesia,IDN,2017,64.171
Indonesia,IDN,2018,64.684
Indonesia,IDN,2019,65.789
Indonesia,IDN,2020,64.533
Indonesia,IDN,2021,63.348
Indonesia,IDN,2022,64.698
Indonesia,IDN,2023,65.653
Indonesia,IDN,2024,65.685
Indonesia,IDN,2025,65.765
Iran,IRN,1991,41.588
Iran,IRN,1992,41.373
Iran,IRN,1993,40.954
Iran,IRN,1994,40.496
Iran,IRN,1995,40.182
Iran,IRN,1996,39.933
Iran,IRN,1997,39.68
Iran,IRN,1998,39.398
Iran,IRN,1999,39.093
Iran,IRN,2000,38.971
Iran,IRN,2001,38.847
Iran,IRN,2002,38.867
Iran,IRN,2003,39.776
Iran,IRN,2004,40.819
Iran,IRN,2005,40.671
Iran,IRN,2006,40.076
Iran,IRN,2007,39.647
Iran,IRN,2008,37.778
Iran,IRN,2009,37.819
Iran,IRN,2010,36.51
Iran,IRN,2011,35.543
Iran,IRN,2012,36.641
Iran,IRN,2013,36.79
Iran,IRN,2014,36.522
Iran,IRN,2015,37.258
Iran,IRN,2016,37.718
Iran,IRN,2017,38.824
Iran,IRN,2018,38.977
Iran,IRN,2019,39.299
Iran,IRN,2020,37.352
Iran,IRN,2021,37.233
Iran,IRN,2022,36.877
Iran,IRN,2023,38.142
Iran,IRN,2024,37.905
Iran,IRN,2025,37.565
Iraq,IRQ,1991,38.784
Iraq,IRQ,1992,38.84
Iraq,IRQ,1993,38.822
Iraq,IRQ,1994,38.872
Iraq,IRQ,1995,38.761
Iraq,IRQ,1996,38.712
Iraq,IRQ,1997,38.765
Iraq,IRQ,1998,38.802
Iraq,IRQ,1999,38.787
Iraq,IRQ,2000,38.712
Iraq,IRQ,2001,38.573
Iraq,IRQ,2002,38.368
Iraq,IRQ,2003,38.175
Iraq,IRQ,2004,38.228
Iraq,IRQ,2005,38.238
Iraq,IRQ,2006,38.255
Iraq,IRQ,2007,38.107
Iraq,IRQ,2008,38.049
Iraq,IRQ,2009,37.937
Iraq,IRQ,2010,37.865
Iraq,IRQ,2011,37.762
Iraq,IRQ,2012,37.723
Iraq,IRQ,2013,38.087
Iraq,IRQ,2014,38.384
Iraq,IRQ,2015,38.364
Iraq,IRQ,2016,38.481
Iraq,IRQ,2017,36.436
Iraq,IRQ,2018,35.693
Iraq,IRQ,2019,34.81
Iraq,IRQ,2020,33.952
Iraq,IRQ,2021,33.248
Iraq,IRQ,2022,35.087
Iraq,IRQ,2023,35.285
Iraq,IRQ,2024,35.201
Iraq,IRQ,2025,35.102
Ireland,IRL,1991,51.31
Ireland,IRL,1992,51.142
Ireland,IRL,1993,51.319
Ireland,IRL,1994,52.383
Ireland,IRL,1995,54.331
Ireland,IRL,1996,55.57
Ireland,IRL,1997,56.034
Ireland,IRL,1998,58.45
Ireland,IRL,1999,60.027
Ireland,IRL,2000,61.579
Ireland,IRL,2001,62.087
Ireland,IRL,2002,61.712
Ireland,IRL,2003,61.43
Ireland,IRL,2004,61.473
Ireland,IRL,2005,62.883
Ireland,IRL,2006,63.208
Ireland,IRL,2007,63.299
Ireland,IRL,2008,61.473
Ireland,IRL,2009,56.003
Ireland,IRL,2010,53.5
Ireland,IRL,2011,52.419
Ireland,IRL,2012,52.073
Ireland,IRL,2013,53.402
Ireland,IRL,2014,54.388
Ireland,IRL,2015,55.658
Ireland,IRL,2016,56.917
Ireland,IRL,2017,57.764
Ireland,IRL,2018,58.575
Ireland,IRL,2019,59.227
Ireland,IRL,2020,57.655
Ireland,IRL,2021,59.506
Ireland,IRL,2022,61.567
Ireland,IRL,2023,63.376
Ireland,IRL,2024,62.218
Ireland,IRL,2025,61.841
Israel,ISR,1991,51.118
Israel,ISR,1992,51.111
Israel,ISR,1993,53.128
Israel,ISR,1994,55.587
Israel,ISR,1995,56.668
Israel,ISR,1996,56.24
Israel,ISR,1997,55.074
Israel,ISR,1998,53.948
Israel,ISR,1999,53.976
Israel,ISR,2000,54.542
Israel,ISR,2001,54.089
Israel,ISR,2002,52.757
Israel,ISR,2003,52.657
Israel,ISR,2004,53.373
Israel,ISR,2005,54.79
Israel,ISR,2006,55.56
Israel,ISR,2007,56.885
Israel,ISR,2008,57.972
Israel,ISR,2009,56.88
Israel,ISR,2010,57.893
Israel,ISR,2011,58.536
Israel,ISR,2012,60.847
Israel,ISR,2013,61.115
Israel,ISR,2014,61.821
Israel,ISR,2015,62.157
Israel,ISR,2016,62.535
Israel,ISR,2017,62.78
Israel,ISR,2018,62.869
Israel,ISR,2019,62.571
Israel,ISR,2020,60.763
Israel,ISR,2021,60.272
Israel,ISR,2022,62.346
Israel,ISR,2023,62.862
Israel,ISR,2024,63.14
Israel,ISR,2025,63.204
Italy,ITA,1991,45.252
Italy,ITA,1992,43.999
Italy,ITA,1993,43.087
Italy,ITA,1994,42.005
Italy,ITA,1995,41.403
Italy,ITA,1996,41.667
Italy,ITA,1997,41.627
Italy,ITA,1998,41.802
Italy,ITA,1999,42.215
Italy,ITA,2000,42.638
Italy,ITA,2001,43.286
Italy,ITA,2002,43.8
Italy,ITA,2003,44.311
Italy,ITA,2004,45.596
Italy,ITA,2005,45.135
Italy,ITA,2006,45.568
Italy,ITA,2007,45.627
Italy,ITA,2008,45.632
Italy,ITA,2009,44.542
Italy,ITA,2010,43.981
Italy,ITA,2011,43.879
Italy,ITA,2012,43.608
Italy,ITA,2013,42.603
Italy,ITA,2014,42.551
Italy,ITA,2015,42.837
Italy,ITA,2016,43.418
Italy,ITA,2017,43.952
Italy,ITA,2018,44.392
Italy,ITA,2019,44.688
Italy,ITA,2020,43.785
Italy,ITA,2021,43.842
Italy,ITA,2022,45.078
Italy,ITA,2023,46.002
Italy,ITA,2024,46.365
Italy,ITA,2025,46.151
Jamaica,JAM,1991,66.473
Jamaica,JAM,1992,66.051
Jamaica,JAM,1993,65.827
Jamaica,JAM,1994,65.393
Jamaica,JAM,1995,65.006
Jamaica,JAM,1996,64.389
Jamaica,JAM,1997,63.882
Jamaica,JAM,1998,63.315
Jamaica,JAM,1999,62.654
Jamaica,JAM,2000,62.168
Jamaica,JAM,2001,61.723
Jamaica,JAM,2002,61.41
Jamaica,JAM,2003,61.127
Jamaica,JAM,2004,61.087
Jamaica,JAM,2005,60.89
Jamaica,JAM,2006,60.65
Jamaica,JAM,2007,60.397
Jamaica,JAM,2008,60.093
Jamaica,JAM,2009,57.627
Jamaica,JAM,2010,55.876
Jamaica,JAM,2011,55.93
Jamaica,JAM,2012,55.451
Jamaica,JAM,2013,55.845
Jamaica,JAM,2014,56.891
Jamaica,JAM,2015,59.716
Jamaica,JAM,2016,59.316
Jamaica,JAM,2017,60.815
Jamaica,JAM,2018,61.902
Jamaica,JAM,2019,63.628
Jamaica,JAM,2020,60.619
Jamaica,JAM,2021,62.286
Jamaica,JAM,2022,64.892
Jamaica,JAM,2023,67.369
Jamaica,JAM,2024,67.255
Jamaica,JAM,2025,67.281
Japan,JPN,1991,62.48
Japan,JPN,1992,62.608
Japan,JPN,1993,62.189
Japan,JPN,1994,61.771
Japan,JPN,1995,61.421
Japan,JPN,1996,61.34
Japan,JPN,1997,61.526
Japan,JPN,1998,60.746
Japan,JPN,1999,59.908
Japan,JPN,2000,59.478
Japan,JPN,2001,58.881
Japan,JPN,2002,57.936
Japan,JPN,2003,57.575
Japan,JPN,2004,57.559
Japan,JPN,2005,57.731
Japan,JPN,2006,57.89
Japan,JPN,2007,58.047
Japan,JPN,2008,57.748
Japan,JPN,2009,56.83
Japan,JPN,2010,56.539
Japan,JPN,2011,56.553
Japan,JPN,2012,56.44
Japan,JPN,2013,56.853
Japan,JPN,2014,57.309
Japan,JPN,2015,57.485
Japan,JPN,2016,58.107
Japan,JPN,2017,58.738
Japan,JPN,2018,59.931
Japan,JPN,2019,60.55
Japan,JPN,2020,60.207
Japan,JPN,2021,60.31
Japan,JPN,2022,60.868
Japan,JPN,2023,61.265
Japan,JPN,2024,61.717
Japan,JPN,2025,61.893
Jordan,JOR,1991,31.037
Jordan,JOR,1992,31.542
Jordan,JOR,1993,31.672
Jordan,JOR,1994,32.795
Jordan,JOR,1995,33.682
Jordan,JOR,1996,34.06
Jordan,JOR,1997,34.037
Jordan,JOR,1998,33.988
Jordan,JOR,1999,34.004
Jordan,JOR,2000,34.002
Jordan,JOR,2001,33.096
Jordan,JOR,2002,32.525
Jordan,JOR,2003,31.977
Jordan,JOR,2004,32.313
Jordan,JOR,2005,32.632
Jordan,JOR,2006,32.422
Jordan,JOR,2007,34.586
Jordan,JOR,2008,34.483
Jordan,JOR,2009,34.927
Jordan,JOR,2010,34.563
Jordan,JOR,2011,33.969
Jordan,JOR,2012,33.364
Jordan,JOR,2013,32.425
Jordan,JOR,2014,32.068
Jordan,JOR,2015,32.735
Jordan,JOR,2016,32.987
Jordan,JOR,2017,32.937
Jordan,JOR,2018,32.024
Jordan,JOR,2019,32.649
Jordan,JOR,2020,32.272
Jordan,JOR,2021,30.999
Jordan,JOR,2022,31.538
Jordan,JOR,2023,33.455
Jordan,JOR,2024,33.328
Jordan,JOR,2025,33.43
Kazakhstan,KAZ,1991,69.723
Kazakhstan,KAZ,1992,69.88
Kazakhstan,KAZ,1993,70.223
Kazakhstan,KAZ,1994,66.256
Kazakhstan,KAZ,1995,64.15
Kazakhstan,KAZ,1996,62.594
Kazakhstan,KAZ,1997,62.353
Kazakhstan,KAZ,1998,62.238
Kazakhstan,KAZ,1999,61.812
Kazakhstan,KAZ,2000,61.911
Kazakhstan,KAZ,2001,63.08
Kazakhstan,KAZ,2002,63.569
Kazakhstan,KAZ,2003,63.872
Kazakhstan,KAZ,2004,63.992
Kazakhstan,KAZ,2005,63.804
Kazakhstan,KAZ,2006,64.252
Kazakhstan,KAZ,2007,65.28
Kazakhstan,KAZ,2008,66.405
Kazakhstan,KAZ,2009,66.37
Kazakhstan,KAZ,2010,66.831
Kazakhstan,KAZ,2011,67.008
Kazakhstan,KAZ,2012,66.985
Kazakhstan,KAZ,2013,66.955
Kazakhstan,KAZ,2014,66.96
Kazakhstan,KAZ,2015,66.957
Kazakhstan,KAZ,2016,66.841
Kazakhstan,KAZ,2017,66.789
Kazakhstan,KAZ,2018,66.729
Kazakhstan,KAZ,2019,66.716
Kazakhstan,KAZ,2020,65.816
Kazakhstan,KAZ,2021,65.498
Kazakhstan,KAZ,2022,66.784
Kazakhstan,KAZ,2023,66.997
Kazakhstan,KAZ,2024,67.176
Kazakhstan,KAZ,2025,64.537
Kenya,KEN,1991,70.91
Kenya,KEN,1992,70.77
Kenya,KEN,1993,70.644
Kenya,KEN,1994,70.592
Kenya,KEN,1995,70.601
Kenya,KEN,1996,70.59
Kenya,KEN,1997,70.49
Kenya,KEN,1998,70.406
Kenya,KEN,1999,70.303
Kenya,KEN,2000,70.421
Kenya,KEN,2001,70.544
Kenya,KEN,2002,70.632
Kenya,KEN,2003,70.782
Kenya,KEN,2004,70.917
Kenya,KEN,2005,71.11
Kenya,KEN,2006,71.274
Kenya,KEN,2007,71.413
Kenya,KEN,2008,71.448
Kenya,KEN,2009,71.515
Kenya,KEN,2010,71.646
Kenya,KEN,2011,71.83
Kenya,KEN,2012,71.96
Kenya,KEN,2013,72.011
Kenya,KEN,2014,72.121
Kenya,KEN,2015,72.237
Kenya,KEN,2016,72.354
Kenya,KEN,2017,69.745
Kenya,KEN,2018,67.099
Kenya,KEN,2019,64.404
Kenya,KEN,2020,63.316
Kenya,KEN,2021,63.621
Kenya,KEN,2022,63.747
Kenya,KEN,2023,63.814
Kenya,KEN,2024,63.719
Kenya,KEN,2025,63.713
Kuwait,KWT,1991,63.537
Kuwait,KWT,1992,62.805
Kuwait,KWT,1993,63.341
Kuwait,KWT,1994,65.413
Kuwait,KWT,1995,66.785
Kuwait,KWT,1996,66.851
Kuwait,KWT,1997,66.331
Kuwait,KWT,1998,65.874
Kuwait,KWT,1999,65.565
Kuwait,KWT,2000,65.404
Kuwait,KWT,2001,65.56
Kuwait,KWT,2002,65.768
Kuwait,KWT,2003,66.261
Kuwait,KWT,2004,66.772
Kuwait,KWT,2005,67.309
Kuwait,KWT,2006,67.199
Kuwait,KWT,2007,66.869
Kuwait,KWT,2008,66.748
Kuwait,KWT,2009,67.099
Kuwait,KWT,2010,67.449
Kuwait,KWT,2011,68.272
Kuwait,KWT,2012,69.149
Kuwait,KWT,2013,69.57
Kuwait,KWT,2014,69.762
Kuwait,KWT,2015,70.733
Kuwait,KWT,2016,71.133
Kuwait,KWT,2017,71.751
Kuwait,KWT,2018,71.947
Kuwait,KWT,2019,71.706
Kuwait,KWT,2020,66.785
Kuwait,KWT,2021,68.488
Kuwait,KWT,2022,72.766
Kuwait,KWT,2023,72.432
Kuwait,KWT,2024,71.977
Kuwait,KWT,2025,71.765
Kyrgyzstan,KGZ,1991,59.942
Kyrgyzstan,KGZ,1992,62.199
Kyrgyzstan,KGZ,1993,64.716
Kyrgyzstan,KGZ,1994,68.331
Kyrgyzstan,KGZ,1995,69.37
Kyrgyzstan,KGZ,1996,68.374
Kyrgyzstan,KGZ,1997,66.958
Kyrgyzstan,KGZ,1998,66.78
Kyrgyzstan,KGZ,1999,66.334
Kyrgyzstan,KGZ,2000,65.561
Kyrgyzstan,KGZ,2001,64.785
Kyrgyzstan,KGZ,2002,64.842
Kyrgyzstan,KGZ,2003,63.834
Kyrgyzstan,KGZ,2004,62.874
Kyrgyzstan,KGZ,2005,62.988
Kyrgyzstan,KGZ,2006,62.588
Kyrgyzstan,KGZ,2007,61.404
Kyrgyzstan,KGZ,2008,60.288
Kyrgyzstan,KGZ,2009,59.985
Kyrgyzstan,KGZ,2010,60.158
Kyrgyzstan,KGZ,2011,60.992
Kyrgyzstan,KGZ,2012,59.176
Kyrgyzstan,KGZ,2013,56.229
Kyrgyzstan,KGZ,2014,56.801
Kyrgyzstan,KGZ,2015,57.049
Kyrgyzstan,KGZ,2016,56.673
Kyrgyzstan,KGZ,2017,54.352
Kyrgyzstan,KGZ,2018,55.795
Kyrgyzstan,KGZ,2019,55.661
Kyrgyzstan,KGZ,2020,53.903
Kyrgyzstan,KGZ,2021,55.986
Kyrgyzstan,KGZ,2022,56.361
Kyrgyzstan,KGZ,2023,54.93
Kyrgyzstan,KGZ,2024,55.468
Kyrgyzstan,KGZ,2025,55.343
Laos,LAO,1991,60.881
Laos,LAO,1992,60.701
Laos,LAO,1993,60.633
Laos,LAO,1994,60.6
Laos,LAO,1995,60.543
Laos,LAO,1996,60.555
Laos,LAO,1997,60.531
Laos,LAO,1998,60.531
Laos,LAO,1999,60.517
Laos,LAO,2000,60.509
Laos,LAO,2001,60.535
Laos,LAO,2002,60.52
Laos,LAO,2003,60.519
Laos,LAO,2004,60.513
Laos,LAO,2005,60.498
Laos,LAO,2006,60.455
Laos,LAO,2007,60.418
Laos,LAO,2008,60.37
Laos,LAO,2009,60.317
Laos,LAO,2010,60.253
Laos,LAO,2011,59.966
Laos,LAO,2012,59.681
Laos,LAO,2013,59.387
Laos,LAO,2014,59.098
Laos,LAO,2015,58.812
Laos,LAO,2016,58.32
Laos,LAO,2017,57.829
Laos,LAO,2018,59.222
Laos,LAO,2019,60.633
Laos,LAO,2020,61.434
Laos,LAO,2021,63.274
Laos,LAO,2022,65.203
Laos,LAO,2023,65.208
Laos,LAO,2024,65.215
Laos,LAO,2025,65.302
Latin America and Caribbean (WB),WB_LAC,1991,57.97334
Latin America and Caribbean (WB),WB_LAC,1992,58.26139
Latin America and Caribbean (WB),WB_LAC,1993,58.75838
Latin America and Caribbean (WB),WB_LAC,1994,58.607925
Latin America and Caribbean (WB),WB_LAC,1995,58.057117
Latin America and Caribbean (WB),WB_LAC,1996,57.395245
Latin America and Caribbean (WB),WB_LAC,1997,58.17729
Latin America and Caribbean (WB),WB_LAC,1998,58.10535
Latin America and Caribbean (WB),WB_LAC,1999,57.495724
Latin America and Caribbean (WB),WB_LAC,2000,57.34031
Latin America and Caribbean (WB),WB_LAC,2001,57.638245
Latin America and Caribbean (WB),WB_LAC,2002,57.472977
Latin America and Caribbean (WB),WB_LAC,2003,57.766674
Latin America and Caribbean (WB),WB_LAC,2004,58.43703
Latin America and Caribbean (WB),WB_LAC,2005,59.07351
Latin America and Caribbean (WB),WB_LAC,2006,59.651257
Latin America and Caribbean (WB),WB_LAC,2007,59.760883
Latin America and Caribbean (WB),WB_LAC,2008,59.925385
Latin America and Caribbean (WB),WB_LAC,2009,59.487064
Latin America and Caribbean (WB),WB_LAC,2010,59.431606
Latin America and Caribbean (WB),WB_LAC,2011,59.432926
Latin America and Caribbean (WB),WB_LAC,2012,59.74829
Latin America and Caribbean (WB),WB_LAC,2013,59.526535
Latin America and Caribbean (WB),WB_LAC,2014,59.389297
Latin America and Caribbean (WB),WB_LAC,2015,59.183613
Latin America and Caribbean (WB),WB_LAC,2016,58.446114
Latin America and Caribbean (WB),WB_LAC,2017,58.357567
Latin America and Caribbean (WB),WB_LAC,2018,58.49178
Latin America and Caribbean (WB),WB_LAC,2019,58.57743
Latin America and Caribbean (WB),WB_LAC,2020,53.385933
Latin America and Caribbean (WB),WB_LAC,2021,56.218277
Latin America and Caribbean (WB),WB_LAC,2022,58.34863
Latin America and Caribbean (WB),WB_LAC,2023,58.76271
Latin America and Caribbean (WB),WB_LAC,2024,59.104977
Latin America and Caribbean (WB),WB_LAC,2025,59.29045
Latvia,LVA,1991,58.97
Latvia,LVA,1992,57.507
Latvia,LVA,1993,51.054
Latvia,LVA,1994,49.363
Latvia,LVA,1995,48.956
Latvia,LVA,1996,47.634
Latvia,LVA,1997,50.578
Latvia,LVA,1998,50.49
Latvia,LVA,1999,49.74
Latvia,LVA,2000,48.171
Latvia,LVA,2001,48.617
Latvia,LVA,2002,49.773
Latvia,LVA,2003,50.035
Latvia,LVA,2004,50.499
Latvia,LVA,2005,51.46
Latvia,LVA,2006,54.804
Latvia,LVA,2007,56.556
Latvia,LVA,2008,56.753
Latvia,LVA,2009,49.552
Latvia,LVA,2010,47.359
Latvia,LVA,2011,49.017
Latvia,LVA,2012,50.697
Latvia,LVA,2013,52.273
Latvia,LVA,2014,52.809
Latvia,LVA,2015,54.108
Latvia,LVA,2016,54.528
Latvia,LVA,2017,55.489
Latvia,LVA,2018,56.792
Latvia,LVA,2019,57.231
Latvia,LVA,2020,56.58
Latvia,LVA,2021,55.563
Latvia,LVA,2022,56.783
Latvia,LVA,2023,57.042
Latvia,LVA,2024,56.64
Latvia,LVA,2025,56.545
Lebanon,LBN,1991,40.98
Lebanon,LBN,1992,40.933
Lebanon,LBN,1993,40.794
Lebanon,LBN,1994,40.651
Lebanon,LBN,1995,40.535
Lebanon,LBN,1996,40.372
Lebanon,LBN,1997,40.315
Lebanon,LBN,1998,40.316
Lebanon,LBN,1999,40.288
Lebanon,LBN,2000,40.378
Lebanon,LBN,2001,40.414
Lebanon,LBN,2002,40.499
Lebanon,LBN,2003,40.561
Lebanon,LBN,2004,40.564
Lebanon,LBN,2005,40.199
Lebanon,LBN,2006,39.822
Lebanon,LBN,2007,39.503
Lebanon,LBN,2008,40.492
Lebanon,LBN,2009,41.492
Lebanon,LBN,2010,41.734
Lebanon,LBN,2011,41.895
Lebanon,LBN,2012,42.045
Lebanon,LBN,2013,42.224
Lebanon,LBN,2014,42.475
Lebanon,LBN,2015,42.671
Lebanon,LBN,2016,42.859
Lebanon,LBN,2017,43.052
Lebanon,LBN,2018,43.224
Lebanon,LBN,2019,43.368
Lebanon,LBN,2020,41.16
Lebanon,LBN,2021,39.73
Lebanon,LBN,2022,38.581
Lebanon,LBN,2023,38.654
Lesotho,LSO,1991,62.252
Lesotho,LSO,1992,62.262
Lesotho,LSO,1993,62.131
Lesotho,LSO,1994,62.03
Lesotho,LSO,1995,61.824
Lesotho,LSO,1996,61.809
Lesotho,LSO,1997,61.63
Lesotho,LSO,1998,61.444
Lesotho,LSO,1999,61.131
Lesotho,LSO,2000,60.701
Lesotho,LSO,2001,60.329
Lesotho,LSO,2002,59.891
Lesotho,LSO,2003,59.463
Lesotho,LSO,2004,58.944
Lesotho,LSO,2005,58.577
Lesotho,LSO,2006,58.101
Lesotho,LSO,2007,57.715
Lesotho,LSO,2008,57.308
Lesotho,LSO,2009,56.656
Lesotho,LSO,2010,56.212
Lesotho,LSO,2011,55.699
Lesotho,LSO,2012,55.448
Lesotho,LSO,2013,54.85
Lesotho,LSO,2014,53.732
Lesotho,LSO,2015,52.592
Lesotho,LSO,2016,51.59
Lesotho,LSO,2017,50.376
Lesotho,LSO,2018,49.161
Lesotho,LSO,2019,47.925
Lesotho,LSO,2020,46.608
Lesotho,LSO,2021,46.452
Lesotho,LSO,2022,47.942
Lesotho,LSO,2023,48.066
Lesotho,LSO,2024,48.039
Lesotho,LSO,2025,47.798
Liberia,LBR,1991,75.215
Liberia,LBR,1992,75.202
Liberia,LBR,1993,75.189
Liberia,LBR,1994,75.197
Liberia,LBR,1995,75.212
Liberia,LBR,1996,75.329
Liberia,LBR,1997,75.459
Liberia,LBR,1998,75.542
Liberia,LBR,1999,75.566
Liberia,LBR,2000,75.542
Liberia,LBR,2001,75.462
Liberia,LBR,2002,75.362
Liberia,LBR,2003,75.206
Liberia,LBR,2004,75.206
Liberia,LBR,2005,75.225
Liberia,LBR,2006,75.344
Liberia,LBR,2007,75.399
Liberia,LBR,2008,75.408
Liberia,LBR,2009,75.384
Liberia,LBR,2010,75.36
Liberia,LBR,2011,75.319
Liberia,LBR,2012,75.311
Liberia,LBR,2013,75.38
Liberia,LBR,2014,75.382
Liberia,LBR,2015,74.997
Liberia,LBR,2016,74.567
Liberia,LBR,2017,74.551
Liberia,LBR,2018,74.522
Liberia,LBR,2019,74.464
Liberia,LBR,2020,72.972
Liberia,LBR,2021,73.405
Liberia,LBR,2022,74.42
Liberia,LBR,2023,74.421
Liberia,LBR,2024,74.379
Liberia,LBR,2025,74.373
Libya,LBY,1991,37.086
Libya,LBY,1992,37.001
Libya,LBY,1993,36.952
Libya,LBY,1994,36.856
Libya,LBY,1995,36.93
Libya,LBY,1996,37.091
Libya,LBY,1997,37.253
Libya,LBY,1998,37.402
Libya,LBY,1999,37.579
Libya,LBY,2000,37.594
Libya,LBY,2001,37.512
Libya,LBY,2002,37.46
Libya,LBY,2003,37.586
Libya,LBY,2004,37.721
Libya,LBY,2005,37.943
Libya,LBY,2006,38.137
Libya,LBY,2007,38.55
Libya,LBY,2008,38.793
Libya,LBY,2009,39.037
Libya,LBY,2010,39.375
Libya,LBY,2011,39.472
Libya,LBY,2012,39.799
Libya,LBY,2013,39.789
Libya,LBY,2014,39.865
Libya,LBY,2015,39.674
Libya,LBY,2016,39.716
Libya,LBY,2017,39.93
Libya,LBY,2018,39.979
Libya,LBY,2019,39.81
Libya,LBY,2020,36.174
Libya,LBY,2021,36.471
Libya,LBY,2022,39.351
Libya,LBY,2023,39.43
Libya,LBY,2024,39.054
Libya,LBY,2025,38.966
Lithuania,LTU,1991,65.418
Lithuania,LTU,1992,64.624
Lithuania,LTU,1993,55.722
Lithuania,LTU,1994,55.101
Lithuania,LTU,1995,52.159
Lithuania,LTU,1996,52.292
Lithuania,LTU,1997,53.054
Lithuania,LTU,1998,52.629
Lithuania,LTU,1999,52.994
Lithuania,LTU,2000,50.596
Lithuania,LTU,2001,48.885
Lithuania,LTU,2002,50.475
Lithuania,LTU,2003,52.253
Lithuania,LTU,2004,50.917
Lithuania,LTU,2005,51.482
Lithuania,LTU,2006,51.95
Lithuania,LTU,2007,53.067
Lithuania,LTU,2008,52.537
Lithuania,LTU,2009,48.743
Lithuania,LTU,2010,46.541
Lithuania,LTU,2011,48.569
Lithuania,LTU,2012,50.028
Lithuania,LTU,2013,51.165
Lithuania,LTU,2014,52.63
Lithuania,LTU,2015,53.755
Lithuania,LTU,2016,55.563
Lithuania,LTU,2017,56.325
Lithuania,LTU,2018,57.761
Lithuania,LTU,2019,58.187
Lithuania,LTU,2020,57.34
Lithuania,LTU,2021,57.871
Lithuania,LTU,2022,59.011
Lithuania,LTU,2023,58.584
Lithuania,LTU,2024,58.78
Lithuania,LTU,2025,58.683
Low-income countries,OWID_LIC,1991,65.21868
Low-income countries,OWID_LIC,1992,65.160614
Low-income countries,OWID_LIC,1993,64.99482
Low-income countries,OWID_LIC,1994,64.8961
Low-income countries,OWID_LIC,1995,64.985
Low-income countries,OWID_LIC,1996,64.95703
Low-income countries,OWID_LIC,1997,64.88851
Low-income countries,OWID_LIC,1998,64.77366
Low-income countries,OWID_LIC,1999,64.66241
Low-income countries,OWID_LIC,2000,64.49625
Low-income countries,OWID_LIC,2001,64.29157
Low-income countries,OWID_LIC,2002,64.107155
Low-income countries,OWID_LIC,2003,63.94281
Low-income countries,OWID_LIC,2004,63.847504
Low-income countries,OWID_LIC,2005,63.71158
Low-income countries,OWID_LIC,2006,63.27466
Low-income countries,OWID_LIC,2007,62.790863
Low-income countries,OWID_LIC,2008,62.306286
Low-income countries,OWID_LIC,2009,62.084023
Low-income countries,OWID_LIC,2010,61.648643
Low-income countries,OWID_LIC,2011,61.791576
Low-income countries,OWID_LIC,2012,60.39783
Low-income countries,OWID_LIC,2013,61.18683
Low-income countries,OWID_LIC,2014,60.472816
Low-income countries,OWID_LIC,2015,59.761852
Low-income countries,OWID_LIC,2016,59.307827
Low-income countries,OWID_LIC,2017,58.809383
Low-income countries,OWID_LIC,2018,58.726868
Low-income countries,OWID_LIC,2019,58.500465
Low-income countries,OWID_LIC,2020,57.612495
Low-income countries,OWID_LIC,2021,57.41527
Low-income countries,OWID_LIC,2022,58.027824
Low-income countries,OWID_LIC,2023,60.228554
Low-income countries,OWID_LIC,2024,60.02309
Low-income countries,OWID_LIC,2025,59.911488
Lower-middle-income countries,OWID_LMC,1991,56.66971
Lower-middle-income countries,OWID_LMC,1992,56.709854
Lower-middle-income countries,OWID_LMC,1993,56.686565
Lower-middle-income countries,OWID_LMC,1994,56.800343
Lower-middle-income countries,OWID_LMC,1995,56.888992
Lower-middle-income countries,OWID_LMC,1996,57.11756
Lower-middle-income countries,OWID_LMC,1997,57.249584
Lower-middle-income countries,OWID_LMC,1998,57.391098
Lower-middle-income countries,OWID_LMC,1999,57.544865
Lower-middle-income countries,OWID_LMC,2000,57.584885
Lower-middle-income countries,OWID_LMC,2001,57.48231
Lower-middle-income countries,OWID_LMC,2002,57.300175
Lower-middle-income countries,OWID_LMC,2003,57.224144
Lower-middle-income countries,OWID_LMC,2004,57.2155
Lower-middle-income countries,OWID_LMC,2005,57.151356
Lower-middle-income countries,OWID_LMC,2006,56.75603
Lower-middle-income countries,OWID_LMC,2007,56.395092
Lower-middle-income countries,OWID_LMC,2008,55.908707
Lower-middle-income countries,OWID_LMC,2009,55.525993
Lower-middle-income countries,OWID_LMC,2010,55.26957
Lower-middle-income countries,OWID_LMC,2011,54.863827
Lower-middle-income countries,OWID_LMC,2012,54.388836
Lower-middle-income countries,OWID_LMC,2013,54.31272
Lower-middle-income countries,OWID_LMC,2014,54.211407
Lower-middle-income countries,OWID_LMC,2015,54.03493
Lower-middle-income countries,OWID_LMC,2016,53.94885
Lower-middle-income countries,OWID_LMC,2017,53.697613
Lower-middle-income countries,OWID_LMC,2018,53.56438
Lower-middle-income countries,OWID_LMC,2019,53.732174
Lower-middle-income countries,OWID_LMC,2020,52.304283
Lower-middle-income countries,OWID_LMC,2021,53.42133
Lower-middle-income countries,OWID_LMC,2022,54.955727
Lower-middle-income countries,OWID_LMC,2023,55.876183
Lower-middle-income countries,OWID_LMC,2024,56.245827
Lower-middle-income countries,OWID_LMC,2025,56.231438
Luxembourg,LUX,1991,51.208
Luxembourg,LUX,1992,51.885
Luxembourg,LUX,1993,51.083
Luxembourg,LUX,1994,50.382
Luxembourg,LUX,1995,48.87
Luxembourg,LUX,1996,49.285
Luxembourg,LUX,1997,49.948
Luxembourg,LUX,1998,49.999
Luxembourg,LUX,1999,51.005
Luxembourg,LUX,2000,52.164
Luxembourg,LUX,2001,52.208
Luxembourg,LUX,2002,52.815
Luxembourg,LUX,2003,51.591
Luxembourg,LUX,2004,51.634
Luxembourg,LUX,2005,52.658
Luxembourg,LUX,2006,52.54
Luxembourg,LUX,2007,52.946
Luxembourg,LUX,2008,52.429
Luxembourg,LUX,2009,54.472
Luxembourg,LUX,2010,54.53
Luxembourg,LUX,2011,53.973
Luxembourg,LUX,2012,55.274
Luxembourg,LUX,2013,54.991
Luxembourg,LUX,2014,55.413
Luxembourg,LUX,2015,55.801
Luxembourg,LUX,2016,55.165
Luxembourg,LUX,2017,55.493
Luxembourg,LUX,2018,55.977
Luxembourg,LUX,2019,56.684
Luxembourg,LUX,2020,56.036
Luxembourg,LUX,2021,58.057
Luxembourg,LUX,2022,58.146
Luxembourg,LUX,2023,58.347
Luxembourg,LUX,2024,57.811
Luxembourg,LUX,2025,57.601
Macao,MAC,1991,56.525
Macao,MAC,1992,56.965
Macao,MAC,1993,58.933
Macao,MAC,1994,60.301
Macao,MAC,1995,61.021
Macao,MAC,1996,61.799
Macao,MAC,1997,63.514
Macao,MAC,1998,62.402
Macao,MAC,1999,61.55
Macao,MAC,2000,61.016
Macao,MAC,2001,60.776
Macao,MAC,2002,60.107
Macao,MAC,2003,58.002
Macao,MAC,2004,59.629
Macao,MAC,2005,61.254
Macao,MAC,2006,63.333
Macao,MAC,2007,66.354
Macao,MAC,2008,67.665
Macao,MAC,2009,67.463
Macao,MAC,2010,67.998
Macao,MAC,2011,69.053
Macao,MAC,2012,69.345
Macao,MAC,2013,69.569
Macao,MAC,2014,70.211
Macao,MAC,2015,69.524
Macao,MAC,2016,68.703
Macao,MAC,2017,68.478
Macao,MAC,2018,68.819
Macao,MAC,2019,68.582
Macao,MAC,2020,66.927
Macao,MAC,2021,67.393
Macao,MAC,2022,65.018
Macao,MAC,2023,66.471
Macao,MAC,2024,66.733
Macao,MAC,2025,66.255
Madagascar,MDG,1991,80.887
Madagascar,MDG,1992,80.745
Madagascar,MDG,1993,80.665
Madagascar,MDG,1994,80.825
Madagascar,MDG,1995,80.833
Madagascar,MDG,1996,80.858
Madagascar,MDG,1997,81.003
Madagascar,MDG,1998,81.117
Madagascar,MDG,1999,81.24
Madagascar,MDG,2000,81.308
Madagascar,MDG,2001,81.742
Madagascar,MDG,2002,81.706
Madagascar,MDG,2003,82.164
Madagascar,MDG,2004,83.095
Madagascar,MDG,2005,84.237
Madagascar,MDG,2006,83.984
Madagascar,MDG,2007,83.777
Madagascar,MDG,2008,83.578
Madagascar,MDG,2009,83.167
Madagascar,MDG,2010,82.79
Madagascar,MDG,2011,84.26
Madagascar,MDG,2012,85.84
Madagascar,MDG,2013,85.409
Madagascar,MDG,2014,84.966
Madagascar,MDG,2015,84.506
Madagascar,MDG,2016,84.157
Madagascar,MDG,2017,83.828
Madagascar,MDG,2018,83.527
Madagascar,MDG,2019,83.25
Madagascar,MDG,2020,81.804
Madagascar,MDG,2021,82.058
Madagascar,MDG,2022,82.725
Madagascar,MDG,2023,82.864
Madagascar,MDG,2024,82.866
Madagascar,MDG,2025,82.895
Malawi,MWI,1991,76.748
Malawi,MWI,1992,76.66
Malawi,MWI,1993,76.76
Malawi,MWI,1994,76.481
Malawi,MWI,1995,76.88
Malawi,MWI,1996,76.849
Malawi,MWI,1997,77.055
Malawi,MWI,1998,76.878
Malawi,MWI,1999,76.813
Malawi,MWI,2000,76.764
Malawi,MWI,2001,76.612
Malawi,MWI,2002,76.582
Malawi,MWI,2003,76.641
Malawi,MWI,2004,76.797
Malawi,MWI,2005,76.822
Malawi,MWI,2006,75.743
Malawi,MWI,2007,74.695
Malawi,MWI,2008,73.601
Malawi,MWI,2009,72.448
Malawi,MWI,2010,71.164
Malawi,MWI,2011,69.836
Malawi,MWI,2012,68.294
Malawi,MWI,2013,66.77
Malawi,MWI,2014,65.226
Malawi,MWI,2015,63.64
Malawi,MWI,2016,61.963
Malawi,MWI,2017,60.264
Malawi,MWI,2018,60.192
Malawi,MWI,2019,60.13
Malawi,MWI,2020,64.36
Malawi,MWI,2021,59.374
Malawi,MWI,2022,59.904
Malawi,MWI,2023,59.843
Malawi,MWI,2024,59.747
Malawi,MWI,2025,59.403
Malaysia,MYS,1991,54.233
Malaysia,MYS,1992,54.577
Malaysia,MYS,1993,54.698
Malaysia,MYS,1994,55.314
Malaysia,MYS,1995,55.953
Malaysia,MYS,1996,56.684
Malaysia,MYS,1997,57.095
Malaysia,MYS,1998,57.018
Malaysia,MYS,1999,57.229
Malaysia,MYS,2000,57.757
Malaysia,MYS,2001,57.613
Malaysia,MYS,2002,57.768
Malaysia,MYS,2003,57.814
Malaysia,MYS,2004,57.985
Malaysia,MYS,2005,58.139
Malaysia,MYS,2006,58.448
Malaysia,MYS,2007,58.677
Malaysia,MYS,2008,58.922
Malaysia,MYS,2009,59.049
Malaysia,MYS,2010,59.557
Malaysia,MYS,2011,60.048
Malaysia,MYS,2012,61.038
Malaysia,MYS,2013,61.955
Malaysia,MYS,2014,63.091
Malaysia,MYS,2015,63.164
Malaysia,MYS,2016,62.851
Malaysia,MYS,2017,62.978
Malaysia,MYS,2018,63.41
Malaysia,MYS,2019,63.678
Malaysia,MYS,2020,62.501
Malaysia,MYS,2021,62.574
Malaysia,MYS,2022,63.62
Malaysia,MYS,2023,63.625
Malaysia,MYS,2024,63.565
Malaysia,MYS,2025,63.631
Maldives,MDV,1991,49.485
Maldives,MDV,1992,49.84
Maldives,MDV,1993,50.192
Maldives,MDV,1994,50.548
Maldives,MDV,1995,50.905
Maldives,MDV,1996,51.48
Maldives,MDV,1997,52.05
Maldives,MDV,1998,52.612
Maldives,MDV,1999,53.171
Maldives,MDV,2000,53.72
Maldives,MDV,2001,52.845
Maldives,MDV,2002,51.983
Maldives,MDV,2003,51.139
Maldives,MDV,2004,50.305
Maldives,MDV,2005,49.404
Maldives,MDV,2006,48.579
Maldives,MDV,2007,47.736
Maldives,MDV,2008,46.971
Maldives,MDV,2009,46.005
Maldives,MDV,2010,47.048
Maldives,MDV,2011,48.106
Maldives,MDV,2012,49.217
Maldives,MDV,2013,50.299
Maldives,MDV,2014,51.389
Maldives,MDV,2015,52.497
Maldives,MDV,2016,53.61
Maldives,MDV,2017,55.999
Maldives,MDV,2018,58.383
Maldives,MDV,2019,60.729
Maldives,MDV,2020,55.144
Maldives,MDV,2021,56.785
Maldives,MDV,2022,60.695
Maldives,MDV,2023,60.782
Maldives,MDV,2024,60.501
Maldives,MDV,2025,60.634
Mali,MLI,1991,69.386
Mali,MLI,1992,69.353
Mali,MLI,1993,69.412
Mali,MLI,1994,69.348
Mali,MLI,1995,69.372
Mali,MLI,1996,69.387
Mali,MLI,1997,69.376
Mali,MLI,1998,69.396
Mali,MLI,1999,69.354
Mali,MLI,2000,69.289
Mali,MLI,2001,69.319
Mali,MLI,2002,69.278
Mali,MLI,2003,69.33
Mali,MLI,2004,69.232
Mali,MLI,2005,69.281
Mali,MLI,2006,69.286
Mali,MLI,2007,69.33
Mali,MLI,2008,69.354
Mali,MLI,2009,69.377
Mali,MLI,2010,69.445
Mali,MLI,2011,69.476
Mali,MLI,2012,69.506
Mali,MLI,2013,69.526
Mali,MLI,2014,69.574
Mali,MLI,2015,69.57
Mali,MLI,2016,68.909
Mali,MLI,2017,68.123
Mali,MLI,2018,67.178
Mali,MLI,2019,65.177
Mali,MLI,2020,63.591
Mali,MLI,2021,64.091
Mali,MLI,2022,65.631
Mali,MLI,2023,65.227
Mali,MLI,2024,65.209
Mali,MLI,2025,65.138
Malta,MLT,1991,46.675
Malta,MLT,1992,46.732
Malta,MLT,1993,46.765
Malta,MLT,1994,46.717
Malta,MLT,1995,46.71
Malta,MLT,1996,46.919
Malta,MLT,1997,47.042
Malta,MLT,1998,47.108
Malta,MLT,1999,47.079
Malta,MLT,2000,46.548
Malta,MLT,2001,46.652
Malta,MLT,2002,46.583
Malta,MLT,2003,46.027
Malta,MLT,2004,44.787
Malta,MLT,2005,45.345
Malta,MLT,2006,45.53
Malta,MLT,2007,46.382
Malta,MLT,2008,46.747
Malta,MLT,2009,46.557
Malta,MLT,2010,47.152
Malta,MLT,2011,48.1
Malta,MLT,2012,49.391
Malta,MLT,2013,50.773
Malta,MLT,2014,52.007
Malta,MLT,2015,52.635
Malta,MLT,2016,53.92
Malta,MLT,2017,55.346
Malta,MLT,2018,56.911
Malta,MLT,2019,57.823
Malta,MLT,2020,58.493
Malta,MLT,2021,60.07
Malta,MLT,2022,61.779
Malta,MLT,2023,62.047
Malta,MLT,2024,62.175
Malta,MLT,2025,62.127
Mauritania,MRT,1991,41.802
Mauritania,MRT,1992,41.721
Mauritania,MRT,1993,41.772
Mauritania,MRT,1994,41.669
Mauritania,MRT,1995,41.724
Mauritania,MRT,1996,41.682
Mauritania,MRT,1997,41.627
Mauritania,MRT,1998,41.498
Mauritania,MRT,1999,41.428
Mauritania,MRT,2000,41.386
Mauritania,MRT,2001,41.155
Mauritania,MRT,2002,40.939
Mauritania,MRT,2003,40.887
Mauritania,MRT,2004,40.767
Mauritania,MRT,2005,40.663
Mauritania,MRT,2006,40.603
Mauritania,MRT,2007,40.342
Mauritania,MRT,2008,40.054
Mauritania,MRT,2009,39.651
Mauritania,MRT,2010,39.521
Mauritania,MRT,2011,39.389
Mauritania,MRT,2012,39.255
Mauritania,MRT,2013,38.785
Mauritania,MRT,2014,38.299
Mauritania,MRT,2015,37.826
Mauritania,MRT,2016,37.311
Mauritania,MRT,2017,36.854
Mauritania,MRT,2018,36.803
Mauritania,MRT,2019,36.77
Mauritania,MRT,2020,36.067
Mauritania,MRT,2021,36.173
Mauritania,MRT,2022,36.632
Mauritania,MRT,2023,36.682
Mauritania,MRT,2024,36.701
Mauritania,MRT,2025,36.564
Mauritius,MUS,1991,54.424
Mauritius,MUS,1992,54.391
Mauritius,MUS,1993,54.271
Mauritius,MUS,1994,54.173
Mauritius,MUS,1995,54.023
Mauritius,MUS,1996,53.924
Mauritius,MUS,1997,53.849
Mauritius,MUS,1998,53.766
Mauritius,MUS,1999,53.57
Mauritius,MUS,2000,53.473
Mauritius,MUS,2001,52.305
Mauritius,MUS,2002,53.477
Mauritius,MUS,2003,55.485
Mauritius,MUS,2004,53.944
Mauritius,MUS,2005,53.622
Mauritius,MUS,2006,53.689
Mauritius,MUS,2007,53.275
Mauritius,MUS,2008,54.124
Mauritius,MUS,2009,54.192
Mauritius,MUS,2010,54.671
Mauritius,MUS,2011,54.075
Mauritius,MUS,2012,54.304
Mauritius,MUS,2013,55.336
Mauritius,MUS,2014,55.495
Mauritius,MUS,2015,55.871
Mauritius,MUS,2016,55.593
Mauritius,MUS,2017,55.844
Mauritius,MUS,2018,55.465
Mauritius,MUS,2019,55.964
Mauritius,MUS,2020,50.908
Mauritius,MUS,2021,48.525
Mauritius,MUS,2022,52.046
Mauritius,MUS,2023,55.709
Mauritius,MUS,2024,55.41
Mauritius,MUS,2025,55.249
Mexico,MEX,1991,56.376
Mexico,MEX,1992,56.815
Mexico,MEX,1993,57.294
Mexico,MEX,1994,56.694
Mexico,MEX,1995,55.187
Mexico,MEX,1996,56.214
Mexico,MEX,1997,58.21
Mexico,MEX,1998,58.217
Mexico,MEX,1999,58.148
Mexico,MEX,2000,57.994
Mexico,MEX,2001,57.388
Mexico,MEX,2002,56.701
Mexico,MEX,2003,56.783
Mexico,MEX,2004,57.038
Mexico,MEX,2005,57.981
Mexico,MEX,2006,58.704
Mexico,MEX,2007,58.711
Mexico,MEX,2008,58.289
Mexico,MEX,2009,57.313
Mexico,MEX,2010,57.189
Mexico,MEX,2011,57.394
Mexico,MEX,2012,58.226
Mexico,MEX,2013,58.029
Mexico,MEX,2014,57.561
Mexico,MEX,2015,57.941
Mexico,MEX,2016,58.099
Mexico,MEX,2017,58.15
Mexico,MEX,2018,58.45
Mexico,MEX,2019,58.995
Mexico,MEX,2020,53.921
Mexico,MEX,2021,57.517
Mexico,MEX,2022,58.961
Mexico,MEX,2023,60.036
Mexico,MEX,2024,59.985
Mexico,MEX,2025,59.962
"Middle East, North Africa, Afghanistan and Pakistan (WB)",WB_MENAP,1991,44.484066
"Middle East, North Africa, Afghanistan and Pakistan (WB)",WB_MENAP,1992,44.447937
"Middle East, North Africa, Afghanistan and Pakistan (WB)",WB_MENAP,1993,44.14887
"Middle East, North Africa, Afghanistan and Pakistan (WB)",WB_MENAP,1994,44.185394
"Middle East, North Africa, Afghanistan and Pakistan (WB)",WB_MENAP,1995,43.622486
"Middle East, North Africa, Afghanistan and Pakistan (WB)",WB_MENAP,1996,44.0307
"Middle East, North Africa, Afghanistan and Pakistan (WB)",WB_MENAP,1997,44.23793
"Middle East, North Africa, Afghanistan and Pakistan (WB)",WB_MENAP,1998,44.01997
"Middle East, North Africa, Afghanistan and Pakistan (WB)",WB_MENAP,1999,44.187138
"Middle East, North Africa, Afghanistan and Pakistan (WB)",WB_MENAP,2000,43.936676
"Middle East, North Africa, Afghanistan and Pakistan (WB)",WB_MENAP,2001,43.669285
"Middle East, North Africa, Afghanistan and Pakistan (WB)",WB_MENAP,2002,43.313232
"Middle East, North Africa, Afghanistan and Pakistan (WB)",WB_MENAP,2003,43.569614
"Middle East, North Africa, Afghanistan and Pakistan (WB)",WB_MENAP,2004,44.133003
"Middle East, North Africa, Afghanistan and Pakistan (WB)",WB_MENAP,2005,44.179977
"Middle East, North Africa, Afghanistan and Pakistan (WB)",WB_MENAP,2006,44.31816
"Middle East, North Africa, Afghanistan and Pakistan (WB)",WB_MENAP,2007,44.570885
"Middle East, North Africa, Afghanistan and Pakistan (WB)",WB_MENAP,2008,44.388382
"Middle East, North Africa, Afghanistan and Pakistan (WB)",WB_MENAP,2009,44.616463
"Middle East, North Africa, Afghanistan and Pakistan (WB)",WB_MENAP,2010,44.841286
"Middle East, North Africa, Afghanistan and Pakistan (WB)",WB_MENAP,2011,44.378662
"Middle East, North Africa, Afghanistan and Pakistan (WB)",WB_MENAP,2012,44.01962
"Middle East, North Africa, Afghanistan and Pakistan (WB)",WB_MENAP,2013,44.318684
"Middle East, North Africa, Afghanistan and Pakistan (WB)",WB_MENAP,2014,44.373386
"Middle East, North Africa, Afghanistan and Pakistan (WB)",WB_MENAP,2015,44.23397
"Middle East, North Africa, Afghanistan and Pakistan (WB)",WB_MENAP,2016,44.471508
"Middle East, North Africa, Afghanistan and Pakistan (WB)",WB_MENAP,2017,43.92694
"Middle East, North Africa, Afghanistan and Pakistan (WB)",WB_MENAP,2018,43.543053
"Middle East, North Africa, Afghanistan and Pakistan (WB)",WB_MENAP,2019,43.577507
"Middle East, North Africa, Afghanistan and Pakistan (WB)",WB_MENAP,2020,42.15462
"Middle East, North Africa, Afghanistan and Pakistan (WB)",WB_MENAP,2021,42.608902
"Middle East, North Africa, Afghanistan and Pakistan (WB)",WB_MENAP,2022,43.121025
"Middle East, North Africa, Afghanistan and Pakistan (WB)",WB_MENAP,2023,43.798527
"Middle East, North Africa, Afghanistan and Pakistan (WB)",WB_MENAP,2024,43.73127
"Middle East, North Africa, Afghanistan and Pakistan (WB)",WB_MENAP,2025,43.660065
Moldova,MDA,1991,57.733
Moldova,MDA,1992,56.96
Moldova,MDA,1993,57.087
Moldova,MDA,1994,55.959
Moldova,MDA,1995,56.23
Moldova,MDA,1996,54.924
Moldova,MDA,1997,54.836
Moldova,MDA,1998,53.878
Moldova,MDA,1999,53.338
Moldova,MDA,2000,54.796
Moldova,MDA,2001,53.677
Moldova,MDA,2002,53.308
Moldova,MDA,2003,53.596
Moldova,MDA,2004,51.6
Moldova,MDA,2005,51.727
Moldova,MDA,2006,55.618
Moldova,MDA,2007,57.228
Moldova,MDA,2008,58.338
Moldova,MDA,2009,58.85
Moldova,MDA,2010,61.487
Moldova,MDA,2011,62.671
Moldova,MDA,2012,63.369
Moldova,MDA,2013,64.013
Moldova,MDA,2014,68.261
Moldova,MDA,2015,68.964
Moldova,MDA,2016,68.795
Moldova,MDA,2017,67.222
Moldova,MDA,2018,66.222
Moldova,MDA,2019,68.29
Moldova,MDA,2020,68.839
Moldova,MDA,2021,71.935
Moldova,MDA,2022,71.872
Moldova,MDA,2023,69.675
Moldova,MDA,2024,71.13
Moldova,MDA,2025,71.202
Mongolia,MNG,1991,54.556
Mongolia,MNG,1992,54.978
Mongolia,MNG,1993,55.258
Mongolia,MNG,1994,55.465
Mongolia,MNG,1995,55.576
Mongolia,MNG,1996,55.706
Mongolia,MNG,1997,55.754
Mongolia,MNG,1998,55.788
Mongolia,MNG,1999,55.86
Mongolia,MNG,2000,55.941
Mongolia,MNG,2001,55.951
Mongolia,MNG,2002,55.904
Mongolia,MNG,2003,55.493
Mongolia,MNG,2004,55.27
Mongolia,MNG,2005,55.104
Mongolia,MNG,2006,54.931
Mongolia,MNG,2007,54.876
Mongolia,MNG,2008,55.201
Mongolia,MNG,2009,55.24
Mongolia,MNG,2010,54.957
Mongolia,MNG,2011,56.953
Mongolia,MNG,2012,57.324
Mongolia,MNG,2013,56.98
Mongolia,MNG,2014,56.782
Mongolia,MNG,2015,56.773
Mongolia,MNG,2016,54.172
Mongolia,MNG,2017,55.378
Mongolia,MNG,2018,56.534
Mongolia,MNG,2019,59.679
Mongolia,MNG,2020,59.364
Mongolia,MNG,2021,56.382
Mongolia,MNG,2022,58.886
Mongolia,MNG,2023,57.683
Mongolia,MNG,2024,57.201
Mongolia,MNG,2025,56.565
Montenegro,MNE,1991,35.681
Montenegro,MNE,1992,35.631
Montenegro,MNE,1993,35.502
Montenegro,MNE,1994,35.268
Montenegro,MNE,1995,35.016
Montenegro,MNE,1996,34.812
Montenegro,MNE,1997,34.623
Montenegro,MNE,1998,34.442
Montenegro,MNE,1999,34.432
Montenegro,MNE,2000,34.301
Montenegro,MNE,2001,34.171
Montenegro,MNE,2002,34.119
Montenegro,MNE,2003,33.925
Montenegro,MNE,2004,33.776
Montenegro,MNE,2005,33.679
Montenegro,MNE,2006,36.232
Montenegro,MNE,2007,38.846
Montenegro,MNE,2008,39.997
Montenegro,MNE,2009,39.037
Montenegro,MNE,2010,38.777
Montenegro,MNE,2011,38.73
Montenegro,MNE,2012,39.644
Montenegro,MNE,2013,39.741
Montenegro,MNE,2014,42.315
Montenegro,MNE,2015,43.18
Montenegro,MNE,2016,43.394
Montenegro,MNE,2017,44.174
Montenegro,MNE,2018,45.429
Montenegro,MNE,2019,46.304
Montenegro,MNE,2020,41.367
Montenegro,MNE,2021,40.144
Montenegro,MNE,2022,47.244
Montenegro,MNE,2023,50.866
Montenegro,MNE,2024,50.544
Montenegro,MNE,2025,50.099
Morocco,MAR,1991,44.297
Morocco,MAR,1992,44.204
Morocco,MAR,1993,44.118
Morocco,MAR,1994,44.155
Morocco,MAR,1995,44.136
Morocco,MAR,1996,44.424
Morocco,MAR,1997,44.132
Morocco,MAR,1998,44.442
Morocco,MAR,1999,44.161
Morocco,MAR,2000,44.353
Morocco,MAR,2001,44.882
Morocco,MAR,2002,44.815
Morocco,MAR,2003,44.633
Morocco,MAR,2004,45.171
Morocco,MAR,2005,45.065
Morocco,MAR,2006,45.728
Morocco,MAR,2007,45.769
Morocco,MAR,2008,45.749
Morocco,MAR,2009,45.611
Morocco,MAR,2010,45.1
Morocco,MAR,2011,44.78
Morocco,MAR,2012,44.058
Morocco,MAR,2013,43.851
Morocco,MAR,2014,43.398
Morocco,MAR,2015,42.979
Morocco,MAR,2016,42.221
Morocco,MAR,2017,41.305
Morocco,MAR,2018,41.581
Morocco,MAR,2019,41.918
Morocco,MAR,2020,39.556
Morocco,MAR,2021,40.52
Morocco,MAR,2022,40.13
Morocco,MAR,2023,40.29
Morocco,MAR,2024,40.111
Morocco,MAR,2025,39.987
Mozambique,MOZ,1991,81.683
Mozambique,MOZ,1992,81.513
Mozambique,MOZ,1993,81.606
Mozambique,MOZ,1994,81.592
Mozambique,MOZ,1995,81.66
Mozambique,MOZ,1996,81.627
Mozambique,MOZ,1997,81.674
Mozambique,MOZ,1998,82.079
Mozambique,MOZ,1999,82.409
Mozambique,MOZ,2000,82.607
Mozambique,MOZ,2001,82.937
Mozambique,MOZ,2002,83.211
Mozambique,MOZ,2003,83.572
Mozambique,MOZ,2004,83.006
Mozambique,MOZ,2005,82.439
Mozambique,MOZ,2006,81.927
Mozambique,MOZ,2007,81.364
Mozambique,MOZ,2008,80.798
Mozambique,MOZ,2009,80.165
Mozambique,MOZ,2010,79.552
Mozambique,MOZ,2011,78.938
Mozambique,MOZ,2012,78.332
Mozambique,MOZ,2013,77.684
Mozambique,MOZ,2014,77.029
Mozambique,MOZ,2015,76.345
Mozambique,MOZ,2016,76.135
Mozambique,MOZ,2017,75.875
Mozambique,MOZ,2018,75.626
Mozambique,MOZ,2019,75.396
Mozambique,MOZ,2020,74.227
Mozambique,MOZ,2021,73.848
Mozambique,MOZ,2022,73.466
Mozambique,MOZ,2023,73.562
Mozambique,MOZ,2024,73.529
Mozambique,MOZ,2025,73.493
Myanmar,MMR,1991,67.697
Myanmar,MMR,1992,67.603
Myanmar,MMR,1993,67.546
Myanmar,MMR,1994,67.484
Myanmar,MMR,1995,67.39
Myanmar,MMR,1996,67.312
Myanmar,MMR,1997,67.238
Myanmar,MMR,1998,67.162
Myanmar,MMR,1999,67.028
Myanmar,MMR,2000,66.86
Myanmar,MMR,2001,66.712
Myanmar,MMR,2002,66.535
Myanmar,MMR,2003,66.323
Myanmar,MMR,2004,66.114
Myanmar,MMR,2005,65.897
Myanmar,MMR,2006,65.676
Myanmar,MMR,2007,65.465
Myanmar,MMR,2008,65.274
Myanmar,MMR,2009,65.076
Myanmar,MMR,2010,64.896
Myanmar,MMR,2011,64.785
Myanmar,MMR,2012,64.644
Myanmar,MMR,2013,64.487
Myanmar,MMR,2014,64.346
Myanmar,MMR,2015,64.216
Myanmar,MMR,2016,62.707
Myanmar,MMR,2017,61.182
Myanmar,MMR,2018,61.883
Myanmar,MMR,2019,60.255
Myanmar,MMR,2020,59.263
Myanmar,MMR,2021,52.796
Myanmar,MMR,2022,53.527
Myanmar,MMR,2023,53.549
Myanmar,MMR,2024,53.537
Myanmar,MMR,2025,53.41
Namibia,NAM,1991,44.551
Namibia,NAM,1992,44.682
Namibia,NAM,1993,44.577
Namibia,NAM,1994,44.394
Namibia,NAM,1995,42.912
Namibia,NAM,1996,41.686
Namibia,NAM,1997,40.419
Namibia,NAM,1998,41.312
Namibia,NAM,1999,42.237
Namibia,NAM,2000,43.142
Namibia,NAM,2001,42.983
Namibia,NAM,2002,42.919
Namibia,NAM,2003,42.832
Namibia,NAM,2004,43.061
Namibia,NAM,2005,43.272
Namibia,NAM,2006,43.639
Namibia,NAM,2007,43.708
Namibia,NAM,2008,43.993
Namibia,NAM,2009,44.063
Namibia,NAM,2010,44.368
Namibia,NAM,2011,46.099
Namibia,NAM,2012,47.884
Namibia,NAM,2013,49.961
Namibia,NAM,2014,49.56
Namibia,NAM,2015,48.031
Namibia,NAM,2016,46.336
Namibia,NAM,2017,46.692
Namibia,NAM,2018,47.175
Namibia,NAM,2019,47.18
Namibia,NAM,2020,44.224
Namibia,NAM,2021,44.66
Namibia,NAM,2022,47.353
Namibia,NAM,2023,47.617
Namibia,NAM,2024,47.593
Namibia,NAM,2025,47.488
Nepal,NPL,1991,37.197
Nepal,NPL,1992,37.205
Nepal,NPL,1993,37.197
Nepal,NPL,1994,37.19
Nepal,NPL,1995,37.154
Nepal,NPL,1996,37.129
Nepal,NPL,1997,37.074
Nepal,NPL,1998,37.047
Nepal,NPL,1999,37.019
Nepal,NPL,2000,37.008
Nepal,NPL,2001,37.005
Nepal,NPL,2002,36.95
Nepal,NPL,2003,36.91
Nepal,NPL,2004,36.889
Nepal,NPL,2005,36.877
Nepal,NPL,2006,36.804
Nepal,NPL,2007,36.717
Nepal,NPL,2008,36.667
Nepal,NPL,2009,36.619
Nepal,NPL,2010,36.587
Nepal,NPL,2011,36.496
Nepal,NPL,2012,36.37
Nepal,NPL,2013,36.191
Nepal,NPL,2014,36.055
Nepal,NPL,2015,35.943
Nepal,NPL,2016,35.8
Nepal,NPL,2017,35.66
Nepal,NPL,2018,35.533
Nepal,NPL,2019,35.599
Nepal,NPL,2020,34.253
Nepal,NPL,2021,34.677
Nepal,NPL,2022,35.224
Nepal,NPL,2023,35.269
Nepal,NPL,2024,35.185
Nepal,NPL,2025,35.137
Netherlands,NLD,1991,61.704
Netherlands,NLD,1992,63.029
Netherlands,NLD,1993,62.602
Netherlands,NLD,1994,62.037
Netherlands,NLD,1995,62.033
Netherlands,NLD,1996,62.646
Netherlands,NLD,1997,63.409
Netherlands,NLD,1998,64.335
Netherlands,NLD,1999,65.091
Netherlands,NLD,2000,65.956
Netherlands,NLD,2001,66.509
Netherlands,NLD,2002,66.138
Netherlands,NLD,2003,65.239
Netherlands,NLD,2004,64.29
Netherlands,NLD,2005,63.258
Netherlands,NLD,2006,63.802
Netherlands,NLD,2007,64.378
Netherlands,NLD,2008,64.696
Netherlands,NLD,2009,63.91
Netherlands,NLD,2010,63.182
Netherlands,NLD,2011,63.081
Netherlands,NLD,2012,62.892
Netherlands,NLD,2013,61.903
Netherlands,NLD,2014,61.25
Netherlands,NLD,2015,61.897
Netherlands,NLD,2016,62.299
Netherlands,NLD,2017,62.928
Netherlands,NLD,2018,63.838
Netherlands,NLD,2019,64.453
Netherlands,NLD,2020,64.002
Netherlands,NLD,2021,63.733
Netherlands,NLD,2022,64.858
Netherlands,NLD,2023,65.327
Netherlands,NLD,2024,64.966
Netherlands,NLD,2025,64.643
New Caledonia,NCL,1991,53.053
New Caledonia,NCL,1992,52.818
New Caledonia,NCL,1993,52.805
New Caledonia,NCL,1994,52.84
New Caledonia,NCL,1995,53.169
New Caledonia,NCL,1996,53.238
New Caledonia,NCL,1997,53.471
New Caledonia,NCL,1998,53.301
New Caledonia,NCL,1999,53.48
New Caledonia,NCL,2000,53.649
New Caledonia,NCL,2001,53.9
New Caledonia,NCL,2002,54.026
New Caledonia,NCL,2003,54.165
New Caledonia,NCL,2004,54.276
New Caledonia,NCL,2005,54.495
New Caledonia,NCL,2006,54.771
New Caledonia,NCL,2007,55.059
New Caledonia,NCL,2008,55.21
New Caledonia,NCL,2009,55.353
New Caledonia,NCL,2010,55.323
New Caledonia,NCL,2011,55.281
New Caledonia,NCL,2012,55.112
New Caledonia,NCL,2013,54.845
New Caledonia,NCL,2014,54.575
New Caledonia,NCL,2015,54.154
New Caledonia,NCL,2016,53.66
New Caledonia,NCL,2017,53.175
New Caledonia,NCL,2018,52.042
New Caledonia,NCL,2019,51.375
New Caledonia,NCL,2020,49.858
New Caledonia,NCL,2021,50.728
New Caledonia,NCL,2022,51.424
New Caledonia,NCL,2023,50.995
New Caledonia,NCL,2024,50.631
New Caledonia,NCL,2025,50.116
New Zealand,NZL,1991,56.693
New Zealand,NZL,1992,56.228
New Zealand,NZL,1993,56.703
New Zealand,NZL,1994,58.36
New Zealand,NZL,1995,60.157
New Zealand,NZL,1996,61.056
New Zealand,NZL,1997,60.547
New Zealand,NZL,1998,59.592
New Zealand,NZL,1999,60.116
New Zealand,NZL,2000,60.795
New Zealand,NZL,2001,61.79
New Zealand,NZL,2002,62.556
New Zealand,NZL,2003,62.707
New Zealand,NZL,2004,63.769
New Zealand,NZL,2005,64.636
New Zealand,NZL,2006,65.129
New Zealand,NZL,2007,65.52
New Zealand,NZL,2008,65.136
New Zealand,NZL,2009,63.6
New Zealand,NZL,2010,63.112
New Zealand,NZL,2011,63.495
New Zealand,NZL,2012,62.953
New Zealand,NZL,2013,63.47
New Zealand,NZL,2014,64.601
New Zealand,NZL,2015,64.695
New Zealand,NZL,2016,65.966
New Zealand,NZL,2017,67.142
New Zealand,NZL,2018,67.45
New Zealand,NZL,2019,67.291
New Zealand,NZL,2020,66.653
New Zealand,NZL,2021,67.738
New Zealand,NZL,2022,68.589
New Zealand,NZL,2023,68.833
New Zealand,NZL,2024,67.22
New Zealand,NZL,2025,66.781
Nicaragua,NIC,1991,53.317
Nicaragua,NIC,1992,53.314
Nicaragua,NIC,1993,53.216
Nicaragua,NIC,1994,53.349
Nicaragua,NIC,1995,53.616
Nicaragua,NIC,1996,54.289
Nicaragua,NIC,1997,54.78
Nicaragua,NIC,1998,55.196
Nicaragua,NIC,1999,55.536
Nicaragua,NIC,2000,55.861
Nicaragua,NIC,2001,56.161
Nicaragua,NIC,2002,56.305
Nicaragua,NIC,2003,56.575
Nicaragua,NIC,2004,57.628
Nicaragua,NIC,2005,58.595
Nicaragua,NIC,2006,58.958
Nicaragua,NIC,2007,59.546
Nicaragua,NIC,2008,59.046
Nicaragua,NIC,2009,58.125
Nicaragua,NIC,2010,58.646
Nicaragua,NIC,2011,59.736
Nicaragua,NIC,2012,60.953
Nicaragua,NIC,2013,61.224
Nicaragua,NIC,2014,62.034
Nicaragua,NIC,2015,62.036
Nicaragua,NIC,2016,62.67
Nicaragua,NIC,2017,63.177
Nicaragua,NIC,2018,61.767
Nicaragua,NIC,2019,61.449
Nicaragua,NIC,2020,60.386
Nicaragua,NIC,2021,61.293
Nicaragua,NIC,2022,62.379
Nicaragua,NIC,2023,62.795
Nicaragua,NIC,2024,62.745
Nicaragua,NIC,2025,62.744
Niger,NER,1991,77.63
Niger,NER,1992,77.635
Niger,NER,1993,77.65
Niger,NER,1994,77.675
Niger,NER,1995,77.678
Niger,NER,1996,77.684
Niger,NER,1997,77.705
Niger,NER,1998,77.835
Niger,NER,1999,77.872
Niger,NER,2000,77.885
Niger,NER,2001,77.901
Niger,NER,2002,77.687
Niger,NER,2003,77.475
Niger,NER,2004,77.051
Niger,NER,2005,76.829
Niger,NER,2006,77.335
Niger,NER,2007,77.785
Niger,NER,2008,78.176
Niger,NER,2009,78.511
Niger,NER,2010,78.928
Niger,NER,2011,79.265
Niger,NER,2012,75.959
Niger,NER,2013,74.606
Niger,NER,2014,73.18
Niger,NER,2015,72.935
Niger,NER,2016,72.716
Niger,NER,2017,72.487
Niger,NER,2018,72.277
Niger,NER,2019,72.053
Niger,NER,2020,73.707
Niger,NER,2021,75.899
Niger,NER,2022,79.291
Niger,NER,2023,79.236
Niger,NER,2024,79.262
Niger,NER,2025,79.427
Nigeria,NGA,1991,79.235
Nigeria,NGA,1992,79.872
Nigeria,NGA,1993,80.061
Nigeria,NGA,1994,80.548
Nigeria,NGA,1995,80.604
Nigeria,NGA,1996,80.5
Nigeria,NGA,1997,80.479
Nigeria,NGA,1998,80.388
Nigeria,NGA,1999,80.271
Nigeria,NGA,2000,80.075
Nigeria,NGA,2001,79.938
Nigeria,NGA,2002,79.898
Nigeria,NGA,2003,79.665
Nigeria,NGA,2004,79.476
Nigeria,NGA,2005,79.109
Nigeria,NGA,2006,78.89
Nigeria,NGA,2007,78.694
Nigeria,NGA,2008,78.514
Nigeria,NGA,2009,78.45
Nigeria,NGA,2010,78.239
Nigeria,NGA,2011,78.061
Nigeria,NGA,2012,78.007
Nigeria,NGA,2013,77.844
Nigeria,NGA,2014,77.615
Nigeria,NGA,2015,77.453
Nigeria,NGA,2016,77.206
Nigeria,NGA,2017,76.982
Nigeria,NGA,2018,76.851
Nigeria,NGA,2019,76.785
Nigeria,NGA,2020,74.782
Nigeria,NGA,2021,75.812
Nigeria,NGA,2022,78.158
Nigeria,NGA,2023,80.021
Nigeria,NGA,2024,80.053
Nigeria,NGA,2025,79.988
North America (WB),WB_NA,1991,60.460407
North America (WB),WB_NA,1992,60.119045
North America (WB),WB_NA,1993,60.328426
North America (WB),WB_NA,1994,61.12058
North America (WB),WB_NA,1995,61.53405
North America (WB),WB_NA,1996,61.77187
North America (WB),WB_NA,1997,62.356243
North America (WB),WB_NA,1998,62.65994
North America (WB),WB_NA,1999,62.95601
North America (WB),WB_NA,2000,63.237865
North America (WB),WB_NA,2001,62.539276
North America (WB),WB_NA,2002,61.743084
North America (WB),WB_NA,2003,61.38612
North America (WB),WB_NA,2004,61.491154
North America (WB),WB_NA,2005,61.790524
North America (WB),WB_NA,2006,62.19569
North America (WB),WB_NA,2007,62.090405
North America (WB),WB_NA,2008,61.410866
North America (WB),WB_NA,2009,58.7059
North America (WB),WB_NA,2010,57.969418
North America (WB),WB_NA,2011,57.978172
North America (WB),WB_NA,2012,58.389866
North America (WB),WB_NA,2013,58.48777
North America (WB),WB_NA,2014,58.883217
North America (WB),WB_NA,2015,59.21954
North America (WB),WB_NA,2016,59.559128
North America (WB),WB_NA,2017,60.00446
North America (WB),WB_NA,2018,60.316734
North America (WB),WB_NA,2019,60.703144
North America (WB),WB_NA,2020,56.736397
North America (WB),WB_NA,2021,58.43109
North America (WB),WB_NA,2022,59.780357
North America (WB),WB_NA,2023,60.03908
North America (WB),WB_NA,2024,59.595566
North America (WB),WB_NA,2025,59.219162
North Korea,PRK,1991,79.28
North Korea,PRK,1992,79.415
North Korea,PRK,1993,79.437
North Korea,PRK,1994,79.409
North Korea,PRK,1995,79.492
North Korea,PRK,1996,79.538
North Korea,PRK,1997,79.59
North Korea,PRK,1998,79.45
North Korea,PRK,1999,79.189
North Korea,PRK,2000,79.208
North Korea,PRK,2001,79.135
North Korea,PRK,2002,79.15
North Korea,PRK,2003,79.11
North Korea,PRK,2004,79.125
North Korea,PRK,2005,79.106
North Korea,PRK,2006,79.155
North Korea,PRK,2007,79.187
North Korea,PRK,2008,79.197
North Korea,PRK,2009,79.221
North Korea,PRK,2010,79.287
North Korea,PRK,2011,79.202
North Korea,PRK,2012,79.165
North Korea,PRK,2013,79.135
North Korea,PRK,2014,79.172
North Korea,PRK,2015,79.189
North Korea,PRK,2016,79.089
North Korea,PRK,2017,79.222
North Korea,PRK,2018,79.377
North Korea,PRK,2019,79.354
North Korea,PRK,2020,77.697
North Korea,PRK,2021,77.731
North Korea,PRK,2022,79.309
North Korea,PRK,2023,79.316
North Korea,PRK,2024,79.255
North Korea,PRK,2025,79.24
North Macedonia,MKD,1991,42.483
North Macedonia,MKD,1992,41.129
North Macedonia,MKD,1993,40.016
North Macedonia,MKD,1994,38.393
North Macedonia,MKD,1995,35.021
North Macedonia,MKD,1996,33.051
North Macedonia,MKD,1997,34.424
North Macedonia,MKD,1998,34.827
North Macedonia,MKD,1999,35.549
North Macedonia,MKD,2000,35.759
North Macedonia,MKD,2001,36.761
North Macedonia,MKD,2002,36.089
North Macedonia,MKD,2003,33.86
North Macedonia,MKD,2004,33.534
North Macedonia,MKD,2005,33.392
North Macedonia,MKD,2006,33.871
North Macedonia,MKD,2007,35.157
North Macedonia,MKD,2008,36.141
North Macedonia,MKD,2009,37.004
North Macedonia,MKD,2010,35.565
North Macedonia,MKD,2011,37.349
North Macedonia,MKD,2012,37.395
North Macedonia,MKD,2013,38.803
North Macedonia,MKD,2014,39.204
North Macedonia,MKD,2015,39.749
North Macedonia,MKD,2016,40.447
North Macedonia,MKD,2017,41.007
North Macedonia,MKD,2018,41.599
North Macedonia,MKD,2019,43.789
North Macedonia,MKD,2020,43.47
North Macedonia,MKD,2021,43.461
North Macedonia,MKD,2022,45.264
North Macedonia,MKD,2023,44.934
North Macedonia,MKD,2024,45.799
North Macedonia,MKD,2025,45.57
Norway,NOR,1991,58.552
Norway,NOR,1992,58.638
Norway,NOR,1993,59.054
Norway,NOR,1994,59.968
Norway,NOR,1995,59.914
Norway,NOR,1996,61.373
Norway,NOR,1997,62.284
Norway,NOR,1998,63.489
Norway,NOR,1999,64.237
Norway,NOR,2000,64.475
Norway,NOR,2001,64.589
Norway,NOR,2002,64.594
Norway,NOR,2003,64.544
Norway,NOR,2004,64.756
Norway,NOR,2005,64.932
Norway,NOR,2006,65.855
Norway,NOR,2007,66.714
Norway,NOR,2008,66.7
Norway,NOR,2009,65.914
Norway,NOR,2010,64.957
Norway,NOR,2011,64.996
Norway,NOR,2012,64.976
Norway,NOR,2013,64.652
Norway,NOR,2014,64.236
Norway,NOR,2015,63.703
Norway,NOR,2016,63.102
Norway,NOR,2017,62.925
Norway,NOR,2018,63.403
Norway,NOR,2019,63.505
Norway,NOR,2020,62.772
Norway,NOR,2021,62.817
Norway,NOR,2022,63.833
Norway,NOR,2023,63.587
Norway,NOR,2024,63.201
Norway,NOR,2025,62.564
Oman,OMN,1991,54.897
Oman,OMN,1992,55.608
Oman,OMN,1993,56.421
Oman,OMN,1994,56.456
Oman,OMN,1995,55.818
Oman,OMN,1996,55.278
Oman,OMN,1997,54.74
Oman,OMN,1998,54.383
Oman,OMN,1999,54.099
Oman,OMN,2000,53.685
Oman,OMN,2001,53.483
Oman,OMN,2002,53.497
Oman,OMN,2003,53.511
Oman,OMN,2004,53.6
Oman,OMN,2005,53.775
Oman,OMN,2006,54.161
Oman,OMN,2007,54.662
Oman,OMN,2008,55.375
Oman,OMN,2009,56.255
Oman,OMN,2010,57.31
Oman,OMN,2011,60.28
Oman,OMN,2012,63.629
Oman,OMN,2013,65.391
Oman,OMN,2014,66.278
Oman,OMN,2015,67.081
Oman,OMN,2016,67.993
Oman,OMN,2017,68.924
Oman,OMN,2018,69.248
Oman,OMN,2019,68.351
Oman,OMN,2020,64.018
Oman,OMN,2021,64.533
Oman,OMN,2022,65.999
Oman,OMN,2023,66.16
Oman,OMN,2024,66.102
Oman,OMN,2025,66.154
Pakistan,PAK,1991,49.384
Pakistan,PAK,1992,49.388
Pakistan,PAK,1993,48.907
Pakistan,PAK,1994,48.855
Pakistan,PAK,1995,48.065
Pakistan,PAK,1996,48.944
Pakistan,PAK,1997,49.814
Pakistan,PAK,1998,49.64
Pakistan,PAK,1999,49.866
Pakistan,PAK,2000,50.101
Pakistan,PAK,2001,50.122
Pakistan,PAK,2002,50.14
Pakistan,PAK,2003,50.28
Pakistan,PAK,2004,50.427
Pakistan,PAK,2005,50.087
Pakistan,PAK,2006,49.741
Pakistan,PAK,2007,49.846
Pakistan,PAK,2008,49.872
Pakistan,PAK,2009,50.265
Pakistan,PAK,2010,50.664
Pakistan,PAK,2011,50.37
Pakistan,PAK,2012,49.238
Pakistan,PAK,2013,49.931
Pakistan,PAK,2014,50.066
Pakistan,PAK,2015,50.17
Pakistan,PAK,2016,50.501
Pakistan,PAK,2017,49.693
Pakistan,PAK,2018,48.911
Pakistan,PAK,2019,49.105
Pakistan,PAK,2020,48.495
Pakistan,PAK,2021,49.388
Pakistan,PAK,2022,49.633
Pakistan,PAK,2023,49.63
Pakistan,PAK,2024,49.435
Pakistan,PAK,2025,49.498
Palestine,PSE,1991,36.044
Palestine,PSE,1992,36.006
Palestine,PSE,1993,35.996
Palestine,PSE,1994,35.964
Palestine,PSE,1995,35.976
Palestine,PSE,1996,35.997
Palestine,PSE,1997,36.026
Palestine,PSE,1998,35.976
Palestine,PSE,1999,35.964
Palestine,PSE,2000,35.977
Palestine,PSE,2001,28.754
Palestine,PSE,2002,26.045
Palestine,PSE,2003,29.843
Palestine,PSE,2004,29.349
Palestine,PSE,2005,30.907
Palestine,PSE,2006,31.285
Palestine,PSE,2007,32.621
Palestine,PSE,2008,30.354
Palestine,PSE,2009,31.445
Palestine,PSE,2010,31.431
Palestine,PSE,2011,34.083
Palestine,PSE,2012,33.675
Palestine,PSE,2013,33.485
Palestine,PSE,2014,33.473
Palestine,PSE,2015,33.852
Palestine,PSE,2016,33.291
Palestine,PSE,2017,32.705
Palestine,PSE,2018,32.043
Palestine,PSE,2019,33.052
Palestine,PSE,2020,30.336
Palestine,PSE,2021,31.922
Palestine,PSE,2022,34.004
Panama,PAN,1991,54.096
Panama,PAN,1992,55.277
Panama,PAN,1993,56.31
Panama,PAN,1994,56.608
Panama,PAN,1995,57.315
Panama,PAN,1996,57.339
Panama,PAN,1997,57.566
Panama,PAN,1998,58.828
Panama,PAN,1999,58.801
Panama,PAN,2000,59.1
Panama,PAN,2001,59.339
Panama,PAN,2002,59.631
Panama,PAN,2003,59.777
Panama,PAN,2004,60.463
Panama,PAN,2005,60.689
Panama,PAN,2006,60.022
Panama,PAN,2007,60.454
Panama,PAN,2008,61.954
Panama,PAN,2009,59.8
Panama,PAN,2010,61.085
Panama,PAN,2011,60.467
Panama,PAN,2012,62.56
Panama,PAN,2013,63.328
Panama,PAN,2014,62.813
Panama,PAN,2015,62.805
Panama,PAN,2016,63.064
Panama,PAN,2017,62.355
Panama,PAN,2018,64.083
Panama,PAN,2019,64.224
Panama,PAN,2020,56.664
Panama,PAN,2021,56.409
Panama,PAN,2022,60.953
Panama,PAN,2023,60.881
Panama,PAN,2024,60.715
Panama,PAN,2025,60.761
Papua New Guinea,PNG,1991,47.124
Papua New Guinea,PNG,1992,47.019
Papua New Guinea,PNG,1993,46.852
Papua New Guinea,PNG,1994,46.789
Papua New Guinea,PNG,1995,46.847
Papua New Guinea,PNG,1996,46.706
Papua New Guinea,PNG,1997,46.804
Papua New Guinea,PNG,1998,46.954
Papua New Guinea,PNG,1999,46.95
Papua New Guinea,PNG,2000,47.082
Papua New Guinea,PNG,2001,47.211
Papua New Guinea,PNG,2002,47.304
Papua New Guinea,PNG,2003,47.39
Papua New Guinea,PNG,2004,47.452
Papua New Guinea,PNG,2005,47.461
Papua New Guinea,PNG,2006,47.468
Papua New Guinea,PNG,2007,47.434
Papua New Guinea,PNG,2008,47.504
Papua New Guinea,PNG,2009,47.471
Papua New Guinea,PNG,2010,47.375
Papua New Guinea,PNG,2011,47.462
Papua New Guinea,PNG,2012,47.767
Papua New Guinea,PNG,2013,48.061
Papua New Guinea,PNG,2014,48.271
Papua New Guinea,PNG,2015,48.55
Papua New Guinea,PNG,2016,48.847
Papua New Guinea,PNG,2017,49.117
Papua New Guinea,PNG,2018,49.486
Papua New Guinea,PNG,2019,49.783
Papua New Guinea,PNG,2020,49.523
Papua New Guinea,PNG,2021,50.106
Papua New Guinea,PNG,2022,50.591
Papua New Guinea,PNG,2023,50.585
Papua New Guinea,PNG,2024,50.596
Papua New Guinea,PNG,2025,50.731
Paraguay,PRY,1991,65.67
Paraguay,PRY,1992,65.663
Paraguay,PRY,1993,65.83
Paraguay,PRY,1994,66.546
Paraguay,PRY,1995,67.662
Paraguay,PRY,1996,64.264
Paraguay,PRY,1997,66.398
Paraguay,PRY,1998,66.855
Paraguay,PRY,1999,65.875
Paraguay,PRY,2000,63.893
Paraguay,PRY,2001,64.621
Paraguay,PRY,2002,62.291
Paraguay,PRY,2003,62.992
Paraguay,PRY,2004,66.724
Paraguay,PRY,2005,66.888
Paraguay,PRY,2006,63.508
Paraguay,PRY,2007,65.573
Paraguay,PRY,2008,66.243
Paraguay,PRY,2009,65.821
Paraguay,PRY,2010,64.643
Paraguay,PRY,2011,64.745
Paraguay,PRY,2012,68.365
Paraguay,PRY,2013,66.803
Paraguay,PRY,2014,64.534
Paraguay,PRY,2015,64.831
Paraguay,PRY,2016,66.289
Paraguay,PRY,2017,66.679
Paraguay,PRY,2018,67.4
Paraguay,PRY,2019,67.617
Paraguay,PRY,2020,64.824
Paraguay,PRY,2021,66.661
Paraguay,PRY,2022,65.812
Paraguay,PRY,2023,66.652
Paraguay,PRY,2024,66.275
Paraguay,PRY,2025,66.873
Peru,PER,1991,56.21
Peru,PER,1992,55.915
Peru,PER,1993,56.974
Peru,PER,1994,58.051
Peru,PER,1995,59.958
Peru,PER,1996,61.147
Peru,PER,1997,62.562
Peru,PER,1998,63.441
Peru,PER,1999,64.744
Peru,PER,2000,62.518
Peru,PER,2001,65.303
Peru,PER,2002,66.523
Peru,PER,2003,68.053
Peru,PER,2004,68.674
Peru,PER,2005,69.553
Peru,PER,2006,72.965
Peru,PER,2007,75.036
Peru,PER,2008,75.07
Peru,PER,2009,75.466
Peru,PER,2010,76.389
Peru,PER,2011,75.917
Peru,PER,2012,75.919
Peru,PER,2013,75.079
Peru,PER,2014,74.592
Peru,PER,2015,73.42
Peru,PER,2016,72.557
Peru,PER,2017,74.154
Peru,PER,2018,74.484
Peru,PER,2019,74.748
Peru,PER,2020,63.976
Peru,PER,2021,68.264
Peru,PER,2022,71.277
Peru,PER,2023,69.125
Peru,PER,2024,69.023
Peru,PER,2025,69.127
Philippines,PHL,1991,59.131
Philippines,PHL,1992,59.095
Philippines,PHL,1993,59.087
Philippines,PHL,1994,59.109
Philippines,PHL,1995,59.116
Philippines,PHL,1996,59.093
Philippines,PHL,1997,59.048
Philippines,PHL,1998,59.044
Philippines,PHL,1999,58.996
Philippines,PHL,2000,58.947
Philippines,PHL,2001,58.975
Philippines,PHL,2002,58.993
Philippines,PHL,2003,58.987
Philippines,PHL,2004,59.337
Philippines,PHL,2005,59.252
Philippines,PHL,2006,58.93
Philippines,PHL,2007,59.155
Philippines,PHL,2008,58.794
Philippines,PHL,2009,59.065
Philippines,PHL,2010,59.22
Philippines,PHL,2011,59.995
Philippines,PHL,2012,59.57
Philippines,PHL,2013,59.297
Philippines,PHL,2014,59.933
Philippines,PHL,2015,59.521
Philippines,PHL,2016,59.93
Philippines,PHL,2017,57.632
Philippines,PHL,2018,57.602
Philippines,PHL,2019,58.115
Philippines,PHL,2020,53.365
Philippines,PHL,2021,54.552
Philippines,PHL,2022,59.843
Philippines,PHL,2023,60.069
Philippines,PHL,2024,60.05
Philippines,PHL,2025,59.979
Poland,POL,1991,52.986
Poland,POL,1992,52.715
Poland,POL,1993,51.727
Poland,POL,1994,50.891
Poland,POL,1995,50.653
Poland,POL,1996,50.725
Poland,POL,1997,50.942
Poland,POL,1998,51.105
Poland,POL,1999,49.229
Poland,POL,2000,47.203
Poland,POL,2001,45.869
Poland,POL,2002,44.185
Poland,POL,2003,44.014
Poland,POL,2004,44.318
Poland,POL,2005,45.156
Poland,POL,2006,46.718
Poland,POL,2007,48.851
Poland,POL,2008,50.724
Poland,POL,2009,50.76
Poland,POL,2010,50.782
Poland,POL,2011,50.996
Poland,POL,2012,51.071
Poland,POL,2013,50.89
Poland,POL,2014,51.954
Poland,POL,2015,52.81
Poland,POL,2016,53.788
Poland,POL,2017,54.761
Poland,POL,2018,55.327
Poland,POL,2019,55.593
Poland,POL,2020,55.586
Poland,POL,2021,56.78
Poland,POL,2022,57.289
Poland,POL,2023,57.605
Poland,POL,2024,57.009
Poland,POL,2025,56.577
Portugal,PRT,1991,58.589
Portugal,PRT,1992,56.606
Portugal,PRT,1993,55.45
Portugal,PRT,1994,54.581
Portugal,PRT,1995,54.145
Portugal,PRT,1996,54.23
Portugal,PRT,1997,55.258
Portugal,PRT,1998,57.758
Portugal,PRT,1999,57.868
Portugal,PRT,2000,58.484
Portugal,PRT,2001,59.097
Portugal,PRT,2002,59.227
Portugal,PRT,2003,58.182
Portugal,PRT,2004,57.618
Portugal,PRT,2005,57.154
Portugal,PRT,2006,57.301
Portugal,PRT,2007,57.226
Portugal,PRT,2008,57.319
Portugal,PRT,2009,55.522
Portugal,PRT,2010,54.609
Portugal,PRT,2011,52.784
Portugal,PRT,2012,50.803
Portugal,PRT,2013,49.638
Portugal,PRT,2014,50.619
Portugal,PRT,2015,51.291
Portugal,PRT,2016,51.955
Portugal,PRT,2017,53.654
Portugal,PRT,2018,54.846
Portugal,PRT,2019,55.189
Portugal,PRT,2020,53.643
Portugal,PRT,2021,53.016
Portugal,PRT,2022,54.238
Portugal,PRT,2023,54.75
Portugal,PRT,2024,54.644
Portugal,PRT,2025,54.576
Puerto Rico,PRI,1991,38.255
Puerto Rico,PRI,1992,37.855
Puerto Rico,PRI,1993,39.152
Puerto Rico,PRI,1994,39.805
Puerto Rico,PRI,1995,39.678
Puerto Rico,PRI,1996,40.486
Puerto Rico,PRI,1997,41.117
Puerto Rico,PRI,1998,41.15
Puerto Rico,PRI,1999,41.74
Puerto Rico,PRI,2000,41.309
Puerto Rico,PRI,2001,40.818
Puerto Rico,PRI,2002,40.684
Puerto Rico,PRI,2003,41.208
Puerto Rico,PRI,2004,41.858
Puerto Rico,PRI,2005,42.286
Puerto Rico,PRI,2006,42.03
Puerto Rico,PRI,2007,41.088
Puerto Rico,PRI,2008,39.657
Puerto Rico,PRI,2009,36.72
Puerto Rico,PRI,2010,35.154
Puerto Rico,PRI,2011,34.142
Puerto Rico,PRI,2012,34.112
Puerto Rico,PRI,2013,33.678
Puerto Rico,PRI,2014,32.97
Puerto Rico,PRI,2015,33.459
Puerto Rico,PRI,2016,33.653
Puerto Rico,PRI,2017,34.107
Puerto Rico,PRI,2018,35.032
Puerto Rico,PRI,2019,35.388
Puerto Rico,PRI,2020,35.76
Puerto Rico,PRI,2021,38.029
Puerto Rico,PRI,2022,39.319
Puerto Rico,PRI,2023,39.722
Puerto Rico,PRI,2024,40.212
Puerto Rico,PRI,2025,40.216
Qatar,QAT,1991,83.115
Qatar,QAT,1992,82.792
Qatar,QAT,1993,82.956
Qatar,QAT,1994,83.041
Qatar,QAT,1995,83.107
Qatar,QAT,1996,83.109
Qatar,QAT,1997,82.191
Qatar,QAT,1998,81.887
Qatar,QAT,1999,81.945
Qatar,QAT,2000,81.916
Qatar,QAT,2001,82.12
Qatar,QAT,2002,82.222
Qatar,QAT,2003,82.493
Qatar,QAT,2004,81.658
Qatar,QAT,2005,81.844
Qatar,QAT,2006,83.018
Qatar,QAT,2007,84.884
Qatar,QAT,2008,85.827
Qatar,QAT,2009,86.224
Qatar,QAT,2010,86.169
Qatar,QAT,2011,85.971
Qatar,QAT,2012,85.856
Qatar,QAT,2013,86.054
Qatar,QAT,2014,86.574
Qatar,QAT,2015,87.125
Qatar,QAT,2016,87.344
Qatar,QAT,2017,87.375
Qatar,QAT,2018,87.407
Qatar,QAT,2019,87.345
Qatar,QAT,2020,86.983
Qatar,QAT,2021,86.243
Qatar,QAT,2022,87.461
Qatar,QAT,2023,87.437
Qatar,QAT,2024,87.106
Qatar,QAT,2025,86.9
Romania,ROU,1991,46.162
Romania,ROU,1992,46.512
Romania,ROU,1993,46.573
Romania,ROU,1994,46.508
Romania,ROU,1995,46.346
Romania,ROU,1996,46.874
Romania,ROU,1997,47.794
Romania,ROU,1998,47.98
Romania,ROU,1999,47.844
Romania,ROU,2000,47.508
Romania,ROU,2001,47.553
Romania,ROU,2002,46.602
Romania,ROU,2003,47.196
Romania,ROU,2004,46.668
Romania,ROU,2005,46.904
Romania,ROU,2006,46.9
Romania,ROU,2007,47.455
Romania,ROU,2008,48.018
Romania,ROU,2009,43.969
Romania,ROU,2010,46.762
Romania,ROU,2011,46.325
Romania,ROU,2012,46.642
Romania,ROU,2013,46.527
Romania,ROU,2014,47.081
Romania,ROU,2015,47.749
Romania,ROU,2016,47.931
Romania,ROU,2017,49.283
Romania,ROU,2018,49.664
Romania,ROU,2019,49.985
Romania,ROU,2020,49.38
Romania,ROU,2021,49.534
Romania,ROU,2022,49.682
Romania,ROU,2023,48.847
Romania,ROU,2024,48.683
Romania,ROU,2025,48.255
Russia,RUS,1991,63.442
Russia,RUS,1992,62.451
Russia,RUS,1993,60.084
Russia,RUS,1994,56.844
Russia,RUS,1995,55.61
Russia,RUS,1996,54.55
Russia,RUS,1997,52.07
Russia,RUS,1998,50.408
Russia,RUS,1999,53.268
Russia,RUS,2000,54.789
Russia,RUS,2001,54.567
Russia,RUS,2002,55.546
Russia,RUS,2003,55.057
Russia,RUS,2004,55.87
Russia,RUS,2005,56.574
Russia,RUS,2006,56.908
Russia,RUS,2007,58.303
Russia,RUS,2008,58.668
Russia,RUS,2009,57.458
Russia,RUS,2010,58.007
Russia,RUS,2011,58.803
Russia,RUS,2012,59.511
Russia,RUS,2013,59.4
Russia,RUS,2014,59.562
Russia,RUS,2015,59.183
Russia,RUS,2016,59.357
Russia,RUS,2017,59.222
Russia,RUS,2018,59.403
Russia,RUS,2019,58.913
Russia,RUS,2020,57.939
Russia,RUS,2021,59.024
Russia,RUS,2022,59.541
Russia,RUS,2023,60.224
Russia,RUS,2024,60.322
Russia,RUS,2025,59.809
Rwanda,RWA,1991,55.07
Rwanda,RWA,1992,55.153
Rwanda,RWA,1993,55.058
Rwanda,RWA,1994,55.413
Rwanda,RWA,1995,56.152
Rwanda,RWA,1996,56.197
Rwanda,RWA,1997,56.234
Rwanda,RWA,1998,55.823
Rwanda,RWA,1999,55.271
Rwanda,RWA,2000,54.854
Rwanda,RWA,2001,54.535
Rwanda,RWA,2002,54.494
Rwanda,RWA,2003,54.209
Rwanda,RWA,2004,54.088
Rwanda,RWA,2005,53.938
Rwanda,RWA,2006,54.058
Rwanda,RWA,2007,54.042
Rwanda,RWA,2008,54.06
Rwanda,RWA,2009,53.959
Rwanda,RWA,2010,53.899
Rwanda,RWA,2011,53.765
Rwanda,RWA,2012,53.752
Rwanda,RWA,2013,53.631
Rwanda,RWA,2014,53.528
Rwanda,RWA,2015,53.466
Rwanda,RWA,2016,53.418
Rwanda,RWA,2017,53.281
Rwanda,RWA,2018,53.882
Rwanda,RWA,2019,51.883
Rwanda,RWA,2020,55.248
Rwanda,RWA,2021,49.017
Rwanda,RWA,2022,51.089
Rwanda,RWA,2023,55.8
Rwanda,RWA,2024,56.323
Rwanda,RWA,2025,56.446
Saint Lucia,LCA,1991,52.609
Saint Lucia,LCA,1992,52.685
Saint Lucia,LCA,1993,52.622
Saint Lucia,LCA,1994,52.589
Saint Lucia,LCA,1995,53.426
Saint Lucia,LCA,1996,53.203
Saint Lucia,LCA,1997,50.66
Saint Lucia,LCA,1998,50.029
Saint Lucia,LCA,1999,52.361
Saint Lucia,LCA,2000,53.478
Saint Lucia,LCA,2001,52.258
Saint Lucia,LCA,2002,51.306
Saint Lucia,LCA,2003,50.383
Saint Lucia,LCA,2004,51.4
Saint Lucia,LCA,2005,53.115
Saint Lucia,LCA,2006,55.125
Saint Lucia,LCA,2007,56.688
Saint Lucia,LCA,2008,57.785
Saint Lucia,LCA,2009,56.275
Saint Lucia,LCA,2010,55.351
Saint Lucia,LCA,2011,54.421
Saint Lucia,LCA,2012,55.873
Saint Lucia,LCA,2013,53.87
Saint Lucia,LCA,2014,54.327
Saint Lucia,LCA,2015,54.866
Saint Lucia,LCA,2016,55.519
Saint Lucia,LCA,2017,56.095
Saint Lucia,LCA,2018,56.373
Saint Lucia,LCA,2019,58.057
Saint Lucia,LCA,2020,40.184
Saint Lucia,LCA,2021,52.063
Saint Lucia,LCA,2022,58.137
Saint Lucia,LCA,2023,60.272
Saint Lucia,LCA,2024,61.271
Saint Lucia,LCA,2025,61.813
Saint Vincent and the Grenadines,VCT,1991,50.27
Saint Vincent and the Grenadines,VCT,1992,50.671
Saint Vincent and the Grenadines,VCT,1993,50.821
Saint Vincent and the Grenadines,VCT,1994,50.765
Saint Vincent and the Grenadines,VCT,1995,50.998
Saint Vincent and the Grenadines,VCT,1996,50.938
Saint Vincent and the Grenadines,VCT,1997,51.254
Saint Vincent and the Grenadines,VCT,1998,51.182
Saint Vincent and the Grenadines,VCT,1999,51.3
Saint Vincent and the Grenadines,VCT,2000,51.231
Saint Vincent and the Grenadines,VCT,2001,51.154
Saint Vincent and the Grenadines,VCT,2002,51.662
Saint Vincent and the Grenadines,VCT,2003,52.307
Saint Vincent and the Grenadines,VCT,2004,52.79
Saint Vincent and the Grenadines,VCT,2005,53.02
Saint Vincent and the Grenadines,VCT,2006,53.455
Saint Vincent and the Grenadines,VCT,2007,53.785
Saint Vincent and the Grenadines,VCT,2008,54.002
Saint Vincent and the Grenadines,VCT,2009,53.693
Saint Vincent and the Grenadines,VCT,2010,53.322
Saint Vincent and the Grenadines,VCT,2011,53.291
Saint Vincent and the Grenadines,VCT,2012,53.449
Saint Vincent and the Grenadines,VCT,2013,53.839
Saint Vincent and the Grenadines,VCT,2014,53.968
Saint Vincent and the Grenadines,VCT,2015,54.104
Saint Vincent and the Grenadines,VCT,2016,54.273
Saint Vincent and the Grenadines,VCT,2017,54.361
Saint Vincent and the Grenadines,VCT,2018,54.505
Saint Vincent and the Grenadines,VCT,2019,54.453
Saint Vincent and the Grenadines,VCT,2020,52.796
Saint Vincent and the Grenadines,VCT,2021,53.168
Saint Vincent and the Grenadines,VCT,2022,54.528
Saint Vincent and the Grenadines,VCT,2023,55.411
Saint Vincent and the Grenadines,VCT,2024,55.727
Saint Vincent and the Grenadines,VCT,2025,55.676
Samoa,WSM,1991,55.135
Samoa,WSM,1992,54.991
Samoa,WSM,1993,54.745
Samoa,WSM,1994,54.82
Samoa,WSM,1995,54.507
Samoa,WSM,1996,54.206
Samoa,WSM,1997,54.208
Samoa,WSM,1998,54.07
Samoa,WSM,1999,53.9
Samoa,WSM,2000,53.639
Samoa,WSM,2001,53.266
Samoa,WSM,2002,53.076
Samoa,WSM,2003,52.892
Samoa,WSM,2004,52.75
Samoa,WSM,2005,52.535
Samoa,WSM,2006,52.399
Samoa,WSM,2007,52.292
Samoa,WSM,2008,52.088
Samoa,WSM,2009,52.019
Samoa,WSM,2010,51.834
Samoa,WSM,2011,51.663
Samoa,WSM,2012,50.069
Samoa,WSM,2013,50.056
Samoa,WSM,2014,50.057
Samoa,WSM,2015,49.841
Samoa,WSM,2016,49.559
Samoa,WSM,2017,49.316
Samoa,WSM,2018,47.821
Samoa,WSM,2019,46.206
Samoa,WSM,2020,44.02
Samoa,WSM,2021,42.552
Samoa,WSM,2022,41.525
Samoa,WSM,2023,41.301
Samoa,WSM,2024,40.992
Samoa,WSM,2025,40.409
Sao Tome and Principe,STP,1991,21.111
Sao Tome and Principe,STP,1992,21.083
Sao Tome and Principe,STP,1993,21.126
Sao Tome and Principe,STP,1994,21.121
Sao Tome and Principe,STP,1995,21.106
Sao Tome and Principe,STP,1996,21.062
Sao Tome and Principe,STP,1997,20.979
Sao Tome and Principe,STP,1998,20.902
Sao Tome and Principe,STP,1999,20.817
Sao Tome and Principe,STP,2000,20.703
Sao Tome and Principe,STP,2001,20.321
Sao Tome and Principe,STP,2002,19.841
Sao Tome and Principe,STP,2003,20.123
Sao Tome and Principe,STP,2004,20.163
Sao Tome and Principe,STP,2005,20.067
Sao Tome and Principe,STP,2006,20.017
Sao Tome and Principe,STP,2007,20.171
Sao Tome and Principe,STP,2008,20.323
Sao Tome and Principe,STP,2009,20.396
Sao Tome and Principe,STP,2010,20.513
Sao Tome and Principe,STP,2011,20.594
Sao Tome and Principe,STP,2012,20.748
Sao Tome and Principe,STP,2013,21.028
Sao Tome and Principe,STP,2014,21.278
Sao Tome and Principe,STP,2015,21.458
Sao Tome and Principe,STP,2016,21.631
Sao Tome and Principe,STP,2017,21.777
Sao Tome and Principe,STP,2018,21.721
Sao Tome and Principe,STP,2019,21.6
Sao Tome and Principe,STP,2020,20.885
Sao Tome and Principe,STP,2021,21.079
Sao Tome and Principe,STP,2022,21.402
Sao Tome and Principe,STP,2023,21.328
Sao Tome and Principe,STP,2024,21.272
Sao Tome and Principe,STP,2025,21.21
Saudi Arabia,SAU,1991,47.511
Saudi Arabia,SAU,1992,47.649
Saudi Arabia,SAU,1993,47.402
Saudi Arabia,SAU,1994,47.155
Saudi Arabia,SAU,1995,46.937
Saudi Arabia,SAU,1996,46.776
Saudi Arabia,SAU,1997,46.58
Saudi Arabia,SAU,1998,46.375
Saudi Arabia,SAU,1999,46.125
Saudi Arabia,SAU,2000,46.756
Saudi Arabia,SAU,2001,46.137
Saudi Arabia,SAU,2002,45.45
Saudi Arabia,SAU,2003,45.227
Saudi Arabia,SAU,2004,45.123
Saudi Arabia,SAU,2005,45.151
Saudi Arabia,SAU,2006,45.323
Saudi Arabia,SAU,2007,45.859
Saudi Arabia,SAU,2008,46.636
Saudi Arabia,SAU,2009,46.916
Saudi Arabia,SAU,2010,48.572
Saudi Arabia,SAU,2011,50.291
Saudi Arabia,SAU,2012,52.28
Saudi Arabia,SAU,2013,53.951
Saudi Arabia,SAU,2014,54.976
Saudi Arabia,SAU,2015,56.403
Saudi Arabia,SAU,2016,57.286
Saudi Arabia,SAU,2017,55.515
Saudi Arabia,SAU,2018,55.835
Saudi Arabia,SAU,2019,57.753
Saudi Arabia,SAU,2020,57.633
Saudi Arabia,SAU,2021,59.306
Saudi Arabia,SAU,2022,60.235
Saudi Arabia,SAU,2023,62.718
Saudi Arabia,SAU,2024,62.907
Saudi Arabia,SAU,2025,63.12
Senegal,SEN,1991,49.606
Senegal,SEN,1992,49.485
Senegal,SEN,1993,49.42
Senegal,SEN,1994,49.293
Senegal,SEN,1995,49.257
Senegal,SEN,1996,49.182
Senegal,SEN,1997,49.143
Senegal,SEN,1998,49.077
Senegal,SEN,1999,49.06
Senegal,SEN,2000,49.009
Senegal,SEN,2001,48.932
Senegal,SEN,2002,48.78
Senegal,SEN,2003,48.725
Senegal,SEN,2004,48.684
Senegal,SEN,2005,48.693
Senegal,SEN,2006,48.622
Senegal,SEN,2007,48.111
Senegal,SEN,2008,47.615
Senegal,SEN,2009,47.13
Senegal,SEN,2010,46.648
Senegal,SEN,2011,46.133
Senegal,SEN,2012,45.155
Senegal,SEN,2013,44.155
Senegal,SEN,2014,43.295
Senegal,SEN,2015,42.412
Senegal,SEN,2016,47.883
Senegal,SEN,2017,44.126
Senegal,SEN,2018,46.683
Senegal,SEN,2019,49.26
Senegal,SEN,2020,48.976
Senegal,SEN,2021,49.906
Senegal,SEN,2022,50.472
Senegal,SEN,2023,50.437
Senegal,SEN,2024,50.404
Senegal,SEN,2025,50.596
Serbia,SRB,1991,51.19
Serbia,SRB,1992,51.104
Serbia,SRB,1993,50.889
Serbia,SRB,1994,50.401
Serbia,SRB,1995,49.843
Serbia,SRB,1996,49.318
Serbia,SRB,1997,48.25
Serbia,SRB,1998,47.886
Serbia,SRB,1999,48.518
Serbia,SRB,2000,48.722
Serbia,SRB,2001,48.204
Serbia,SRB,2002,47.287
Serbia,SRB,2003,46.232
Serbia,SRB,2004,44.075
Serbia,SRB,2005,42.504
Serbia,SRB,2006,42.276
Serbia,SRB,2007,43.839
Serbia,SRB,2008,45.575
Serbia,SRB,2009,42.748
Serbia,SRB,2010,40.117
Serbia,SRB,2011,38.327
Serbia,SRB,2012,38.117
Serbia,SRB,2013,39.821
Serbia,SRB,2014,41.682
Serbia,SRB,2015,42.176
Serbia,SRB,2016,44.89
Serbia,SRB,2017,46.337
Serbia,SRB,2018,47.091
Serbia,SRB,2019,48.443
Serbia,SRB,2020,48.564
Serbia,SRB,2021,50.648
Serbia,SRB,2022,52.25
Serbia,SRB,2023,53.292
Serbia,SRB,2024,54.879
Serbia,SRB,2025,54.929
Sierra Leone,SLE,1991,61.709
Sierra Leone,SLE,1992,61.579
Sierra Leone,SLE,1993,61.588
Sierra Leone,SLE,1994,61.578
Sierra Leone,SLE,1995,61.694
Sierra Leone,SLE,1996,61.723
Sierra Leone,SLE,1997,61.715
Sierra Leone,SLE,1998,61.818
Sierra Leone,SLE,1999,61.821
Sierra Leone,SLE,2000,61.945
Sierra Leone,SLE,2001,61.894
Sierra Leone,SLE,2002,62.113
Sierra Leone,SLE,2003,62.133
Sierra Leone,SLE,2004,63.849
Sierra Leone,SLE,2005,62.798
Sierra Leone,SLE,2006,61.845
Sierra Leone,SLE,2007,60.9
Sierra Leone,SLE,2008,59.962
Sierra Leone,SLE,2009,59.002
Sierra Leone,SLE,2010,58.075
Sierra Leone,SLE,2011,57.156
Sierra Leone,SLE,2012,56.266
Sierra Leone,SLE,2013,55.364
Sierra Leone,SLE,2014,54.284
Sierra Leone,SLE,2015,53.674
Sierra Leone,SLE,2016,53.117
Sierra Leone,SLE,2017,52.676
Sierra Leone,SLE,2018,52.191
Sierra Leone,SLE,2019,52.086
Sierra Leone,SLE,2020,51.428
Sierra Leone,SLE,2021,51.708
Sierra Leone,SLE,2022,51.981
Sierra Leone,SLE,2023,51.974
Sierra Leone,SLE,2024,51.922
Sierra Leone,SLE,2025,51.691
Singapore,SGP,1991,60.316
Singapore,SGP,1992,60.218
Singapore,SGP,1993,60.535
Singapore,SGP,1994,61.038
Singapore,SGP,1995,61.581
Singapore,SGP,1996,61.933
Singapore,SGP,1997,63.119
Singapore,SGP,1998,62.954
Singapore,SGP,1999,62.099
Singapore,SGP,2000,62.947
Singapore,SGP,2001,62.999
Singapore,SGP,2002,60.971
Singapore,SGP,2003,60.862
Singapore,SGP,2004,60.799
Singapore,SGP,2005,61.553
Singapore,SGP,2006,63.12
Singapore,SGP,2007,62.943
Singapore,SGP,2008,63.977
Singapore,SGP,2009,62.669
Singapore,SGP,2010,64.595
Singapore,SGP,2011,64.755
Singapore,SGP,2012,65.416
Singapore,SGP,2013,65.152
Singapore,SGP,2014,65.992
Singapore,SGP,2015,66.895
Singapore,SGP,2016,66.419
Singapore,SGP,2017,66.047
Singapore,SGP,2018,66.103
Singapore,SGP,2019,66.847
Singapore,SGP,2020,65.895
Singapore,SGP,2021,67.406
Singapore,SGP,2022,67.23
Singapore,SGP,2023,67.004
Singapore,SGP,2024,67.308
Singapore,SGP,2025,67.709
Slovakia,SVK,1991,58.097
Slovakia,SVK,1992,56.356
Slovakia,SVK,1993,54.576
Slovakia,SVK,1994,51.71
Slovakia,SVK,1995,51.984
Slovakia,SVK,1996,53.335
Slovakia,SVK,1997,52.578
Slovakia,SVK,1998,51.744
Slovakia,SVK,1999,49.722
Slovakia,SVK,2000,48.597
Slovakia,SVK,2001,48.672
Slovakia,SVK,2002,48.815
Slovakia,SVK,2003,49.721
Slovakia,SVK,2004,49.135
Slovakia,SVK,2005,49.785
Slovakia,SVK,2006,51.151
Slovakia,SVK,2007,52.169
Slovakia,SVK,2008,53.545
Slovakia,SVK,2009,51.644
Slovakia,SVK,2010,50.37
Slovakia,SVK,2011,50.784
Slovakia,SVK,2012,50.917
Slovakia,SVK,2013,50.82
Slovakia,SVK,2014,52.89
Slovakia,SVK,2015,52.773
Slovakia,SVK,2016,54.2
Slovakia,SVK,2017,55.017
Slovakia,SVK,2018,55.819
Slovakia,SVK,2019,56.125
Slovakia,SVK,2020,54.948
Slovakia,SVK,2021,56.051
Slovakia,SVK,2022,57.4
Slovakia,SVK,2023,57.597
Slovakia,SVK,2024,57.576
Slovakia,SVK,2025,57.184
Slovenia,SVN,1991,54.222
Slovenia,SVN,1992,53.661
Slovenia,SVN,1993,53.115
Slovenia,SVN,1994,53.131
Slovenia,SVN,1995,53.613
Slovenia,SVN,1996,53.65
Slovenia,SVN,1997,54.623
Slovenia,SVN,1998,55.058
Slovenia,SVN,1999,53.974
Slovenia,SVN,2000,53.576
Slovenia,SVN,2001,54.506
Slovenia,SVN,2002,54.919
Slovenia,SVN,2003,53.038
Slovenia,SVN,2004,55.539
Slovenia,SVN,2005,55.481
Slovenia,SVN,2006,55.928
Slovenia,SVN,2007,57.097
Slovenia,SVN,2008,57.17
Slovenia,SVN,2009,56.149
Slovenia,SVN,2010,55.066
Slovenia,SVN,2011,53.408
Slovenia,SVN,2012,52.717
Slovenia,SVN,2013,51.806
Slovenia,SVN,2014,52.259
Slovenia,SVN,2015,52.43
Slovenia,SVN,2016,52.296
Slovenia,SVN,2017,54.708
Slovenia,SVN,2018,55.935
Slovenia,SVN,2019,55.787
Slovenia,SVN,2020,54.937
Slovenia,SVN,2021,55.61
Slovenia,SVN,2022,56.684
Slovenia,SVN,2023,55.936
Slovenia,SVN,2024,55.809
Slovenia,SVN,2025,55.737
Solomon Islands,SLB,1991,81.696
Solomon Islands,SLB,1992,81.432
Solomon Islands,SLB,1993,81.421
Solomon Islands,SLB,1994,81.275
Solomon Islands,SLB,1995,81.023
Solomon Islands,SLB,1996,81.102
Solomon Islands,SLB,1997,81.208
Solomon Islands,SLB,1998,81.221
Solomon Islands,SLB,1999,81.385
Solomon Islands,SLB,2000,81.928
Solomon Islands,SLB,2001,82.235
Solomon Islands,SLB,2002,82.452
Solomon Islands,SLB,2003,82.726
Solomon Islands,SLB,2004,82.836
Solomon Islands,SLB,2005,82.866
Solomon Islands,SLB,2006,82.855
Solomon Islands,SLB,2007,82.84
Solomon Islands,SLB,2008,82.769
Solomon Islands,SLB,2009,82.802
Solomon Islands,SLB,2010,82.972
Solomon Islands,SLB,2011,83.151
Solomon Islands,SLB,2012,83.476
Solomon Islands,SLB,2013,83.688
Solomon Islands,SLB,2014,83.751
Solomon Islands,SLB,2015,83.806
Solomon Islands,SLB,2016,83.719
Solomon Islands,SLB,2017,83.707
Solomon Islands,SLB,2018,83.695
Solomon Islands,SLB,2019,83.684
Solomon Islands,SLB,2020,82.794
Solomon Islands,SLB,2021,83.169
Solomon Islands,SLB,2022,83.042
Solomon Islands,SLB,2023,83.064
Solomon Islands,SLB,2024,83.059
Solomon Islands,SLB,2025,83.089
Somalia,SOM,1991,27.526
Somalia,SOM,1992,27.301
Somalia,SOM,1993,27.288
Somalia,SOM,1994,27.111
Somalia,SOM,1995,27.277
Somalia,SOM,1996,27.35
Somalia,SOM,1997,27.57
Somalia,SOM,1998,27.622
Somalia,SOM,1999,27.639
Somalia,SOM,2000,27.72
Somalia,SOM,2001,27.747
Somalia,SOM,2002,27.773
Somalia,SOM,2003,27.803
Somalia,SOM,2004,27.84
Somalia,SOM,2005,27.898
Somalia,SOM,2006,27.971
Somalia,SOM,2007,28.041
Somalia,SOM,2008,28.041
Somalia,SOM,2009,28.018
Somalia,SOM,2010,27.984
Somalia,SOM,2011,27.894
Somalia,SOM,2012,27.807
Somalia,SOM,2013,27.82
Somalia,SOM,2014,27.823
Somalia,SOM,2015,27.84
Somalia,SOM,2016,27.782
Somalia,SOM,2017,27.809
Somalia,SOM,2018,27.693
Somalia,SOM,2019,27.623
Somalia,SOM,2020,27.163
Somalia,SOM,2021,27.1
Somalia,SOM,2022,27.438
Somalia,SOM,2023,27.48
Somalia,SOM,2024,27.477
Somalia,SOM,2025,27.433
South Africa,ZAF,1991,44.606
South Africa,ZAF,1992,44.427
South Africa,ZAF,1993,44.416
South Africa,ZAF,1994,44.571
South Africa,ZAF,1995,44.85
South Africa,ZAF,1996,44.978
South Africa,ZAF,1997,44.885
South Africa,ZAF,1998,44.612
South Africa,ZAF,1999,44.349
South Africa,ZAF,2000,44.214
South Africa,ZAF,2001,44.094
South Africa,ZAF,2002,43.935
South Africa,ZAF,2003,43.689
South Africa,ZAF,2004,43.591
South Africa,ZAF,2005,43.516
South Africa,ZAF,2006,43.505
South Africa,ZAF,2007,43.439
South Africa,ZAF,2008,43.286
South Africa,ZAF,2009,41.264
South Africa,ZAF,2010,39.365
South Africa,ZAF,2011,39.317
South Africa,ZAF,2012,39.524
South Africa,ZAF,2013,40.041
South Africa,ZAF,2014,40.044
South Africa,ZAF,2015,40.862
South Africa,ZAF,2016,40.195
South Africa,ZAF,2017,40.393
South Africa,ZAF,2018,40.319
South Africa,ZAF,2019,39.534
South Africa,ZAF,2020,35.779
South Africa,ZAF,2021,34.332
South Africa,ZAF,2022,35.701
South Africa,ZAF,2023,37.359
South Africa,ZAF,2024,37.632
South Africa,ZAF,2025,37.58
South Asia (WB),WB_SA,1991,53.407967
South Asia (WB),WB_SA,1992,53.408215
South Asia (WB),WB_SA,1993,53.4402
South Asia (WB),WB_SA,1994,53.529392
South Asia (WB),WB_SA,1995,53.790497
South Asia (WB),WB_SA,1996,54.101437
South Asia (WB),WB_SA,1997,54.359715
South Asia (WB),WB_SA,1998,54.691467
South Asia (WB),WB_SA,1999,54.946007
South Asia (WB),WB_SA,2000,55.191574
South Asia (WB),WB_SA,2001,55.036427
South Asia (WB),WB_SA,2002,54.8417
South Asia (WB),WB_SA,2003,54.7181
South Asia (WB),WB_SA,2004,54.60112
South Asia (WB),WB_SA,2005,54.505974
South Asia (WB),WB_SA,2006,53.795498
South Asia (WB),WB_SA,2007,53.039543
South Asia (WB),WB_SA,2008,52.269436
South Asia (WB),WB_SA,2009,51.531418
South Asia (WB),WB_SA,2010,50.957985
South Asia (WB),WB_SA,2011,50.391396
South Asia (WB),WB_SA,2012,49.807865
South Asia (WB),WB_SA,2013,49.599915
South Asia (WB),WB_SA,2014,49.440315
South Asia (WB),WB_SA,2015,49.304245
South Asia (WB),WB_SA,2016,49.13876
South Asia (WB),WB_SA,2017,49.204407
South Asia (WB),WB_SA,2018,49.056217
South Asia (WB),WB_SA,2019,49.468575
South Asia (WB),WB_SA,2020,48.172386
South Asia (WB),WB_SA,2021,49.752075
South Asia (WB),WB_SA,2022,51.480915
South Asia (WB),WB_SA,2023,52.66858
South Asia (WB),WB_SA,2024,53.268467
South Asia (WB),WB_SA,2025,53.247784
South Korea,KOR,1991,58.66
South Korea,KOR,1992,58.876
South Korea,KOR,1993,58.673
South Korea,KOR,1994,59.617
South Korea,KOR,1995,60.192
South Korea,KOR,1996,60.406
South Korea,KOR,1997,60.404
South Korea,KOR,1998,56.021
South Korea,KOR,1999,56.362
South Korea,KOR,2000,58.285
South Korea,KOR,2001,58.849
South Korea,KOR,2002,59.74
South Korea,KOR,2003,59.067
South Korea,KOR,2004,59.701
South Korea,KOR,2005,59.414
South Korea,KOR,2006,59.463
South Korea,KOR,2007,59.47
South Korea,KOR,2008,59.013
South Korea,KOR,2009,58.199
South Korea,KOR,2010,58.328
South Korea,KOR,2011,58.822
South Korea,KOR,2012,59.215
South Korea,KOR,2013,59.517
South Korea,KOR,2014,60.358
South Korea,KOR,2015,60.361
South Korea,KOR,2016,60.34
South Korea,KOR,2017,60.612
South Korea,KOR,2018,60.357
South Korea,KOR,2019,60.635
South Korea,KOR,2020,59.826
South Korea,KOR,2021,60.274
South Korea,KOR,2022,61.971
South Korea,KOR,2023,62.547
South Korea,KOR,2024,62.67
South Korea,KOR,2025,62.624
South Sudan,SSD,1991,65.189
South Sudan,SSD,1992,65.177
South Sudan,SSD,1993,65.314
South Sudan,SSD,1994,65.26
South Sudan,SSD,1995,65.265
South Sudan,SSD,1996,65.307
South Sudan,SSD,1997,65.5
South Sudan,SSD,1998,65.438
South Sudan,SSD,1999,65.356
South Sudan,SSD,2000,65.212
South Sudan,SSD,2001,65.242
South Sudan,SSD,2002,65.314
South Sudan,SSD,2003,65.353
South Sudan,SSD,2004,65.309
South Sudan,SSD,2005,65.218
South Sudan,SSD,2006,65.119
South Sudan,SSD,2007,65.016
South Sudan,SSD,2008,64.893
South Sudan,SSD,2009,64.707
South Sudan,SSD,2010,64.561
South Sudan,SSD,2011,64.357
South Sudan,SSD,2012,64.146
South Sudan,SSD,2013,64.237
South Sudan,SSD,2014,64.433
South Sudan,SSD,2015,64.627
South Sudan,SSD,2016,64.468
South Sudan,SSD,2017,64.627
South Sudan,SSD,2018,64.697
South Sudan,SSD,2019,64.58
South Sudan,SSD,2020,62.801
South Sudan,SSD,2021,63.249
South Sudan,SSD,2022,64.363
South Sudan,SSD,2023,64.325
Spain,ESP,1991,41.814
Spain,ESP,1992,40.984
Spain,ESP,1993,38.823
Spain,ESP,1994,38.128
Spain,ESP,1995,38.752
Spain,ESP,1996,39.252
Spain,ESP,1997,40.377
Spain,ESP,1998,41.674
Spain,ESP,1999,43.76
Spain,ESP,2000,45.599
Spain,ESP,2001,46.703
Spain,ESP,2002,47.68
Spain,ESP,2003,48.634
Spain,ESP,2004,49.55
Spain,ESP,2005,51.679
Spain,ESP,2006,52.947
Spain,ESP,2007,53.533
Spain,ESP,2008,52.435
Spain,ESP,2009,48.67
Spain,ESP,2010,47.569
Spain,ESP,2011,46.673
Spain,ESP,2012,44.678
Spain,ESP,2013,43.701
Spain,ESP,2014,44.378
Spain,ESP,2015,45.693
Spain,ESP,2016,46.873
Spain,ESP,2017,48.049
Spain,ESP,2018,48.842
Spain,ESP,2019,49.499
Spain,ESP,2020,47.641
Spain,ESP,2021,48.73
Spain,ESP,2022,50.068
Spain,ESP,2023,50.574
Spain,ESP,2024,51.249
Spain,ESP,2025,51.453
Sri Lanka,LKA,1991,50.399
Sri Lanka,LKA,1992,48.569
Sri Lanka,LKA,1993,48.881
Sri Lanka,LKA,1994,49.608
Sri Lanka,LKA,1995,48.146
Sri Lanka,LKA,1996,49.112
Sri Lanka,LKA,1997,49.385
Sri Lanka,LKA,1998,53.426
Sri Lanka,LKA,1999,52.221
Sri Lanka,LKA,2000,51.269
Sri Lanka,LKA,2001,50.971
Sri Lanka,LKA,2002,50.288
Sri Lanka,LKA,2003,50.378
Sri Lanka,LKA,2004,50.081
Sri Lanka,LKA,2005,50.26
Sri Lanka,LKA,2006,50.684
Sri Lanka,LKA,2007,50.757
Sri Lanka,LKA,2008,50.945
Sri Lanka,LKA,2009,50.392
Sri Lanka,LKA,2010,50.745
Sri Lanka,LKA,2011,50.69
Sri Lanka,LKA,2012,50.53
Sri Lanka,LKA,2013,49.874
Sri Lanka,LKA,2014,49.454
Sri Lanka,LKA,2015,51.243
Sri Lanka,LKA,2016,51.446
Sri Lanka,LKA,2017,51.807
Sri Lanka,LKA,2018,49.488
Sri Lanka,LKA,2019,49.809
Sri Lanka,LKA,2020,47.786
Sri Lanka,LKA,2021,47.354
Sri Lanka,LKA,2022,47.476
Sri Lanka,LKA,2023,45.254
Sri Lanka,LKA,2024,46.54
Sri Lanka,LKA,2025,46.574
Sub-Saharan Africa (WB),WB_SSA,1991,68.50744
Sub-Saharan Africa (WB),WB_SSA,1992,68.599266
Sub-Saharan Africa (WB),WB_SSA,1993,68.63111
Sub-Saharan Africa (WB),WB_SSA,1994,68.82234
Sub-Saharan Africa (WB),WB_SSA,1995,69.02817
Sub-Saharan Africa (WB),WB_SSA,1996,69.06117
Sub-Saharan Africa (WB),WB_SSA,1997,69.04622
Sub-Saharan Africa (WB),WB_SSA,1998,68.9657
Sub-Saharan Africa (WB),WB_SSA,1999,68.83585
Sub-Saharan Africa (WB),WB_SSA,2000,68.774796
Sub-Saharan Africa (WB),WB_SSA,2001,68.77464
Sub-Saharan Africa (WB),WB_SSA,2002,68.79568
Sub-Saharan Africa (WB),WB_SSA,2003,68.78259
Sub-Saharan Africa (WB),WB_SSA,2004,68.82343
Sub-Saharan Africa (WB),WB_SSA,2005,68.819725
Sub-Saharan Africa (WB),WB_SSA,2006,68.74012
Sub-Saharan Africa (WB),WB_SSA,2007,68.594765
Sub-Saharan Africa (WB),WB_SSA,2008,68.37587
Sub-Saharan Africa (WB),WB_SSA,2009,68.02245
Sub-Saharan Africa (WB),WB_SSA,2010,67.560104
Sub-Saharan Africa (WB),WB_SSA,2011,67.61466
Sub-Saharan Africa (WB),WB_SSA,2012,67.17621
Sub-Saharan Africa (WB),WB_SSA,2013,67.6124
Sub-Saharan Africa (WB),WB_SSA,2014,66.95142
Sub-Saharan Africa (WB),WB_SSA,2015,66.53567
Sub-Saharan Africa (WB),WB_SSA,2016,66.17318
Sub-Saharan Africa (WB),WB_SSA,2017,65.55657
Sub-Saharan Africa (WB),WB_SSA,2018,65.19941
Sub-Saharan Africa (WB),WB_SSA,2019,64.784065
Sub-Saharan Africa (WB),WB_SSA,2020,63.34904
Sub-Saharan Africa (WB),WB_SSA,2021,63.45706
Sub-Saharan Africa (WB),WB_SSA,2022,64.441414
Sub-Saharan Africa (WB),WB_SSA,2023,66.31381
Sub-Saharan Africa (WB),WB_SSA,2024,66.357796
Sub-Saharan Africa (WB),WB_SSA,2025,66.3243
Sudan,SDN,1991,42.426
Sudan,SDN,1992,42.596
Sudan,SDN,1993,42.89
Sudan,SDN,1994,43.088
Sudan,SDN,1995,43.365
Sudan,SDN,1996,43.694
Sudan,SDN,1997,43.687
Sudan,SDN,1998,43.477
Sudan,SDN,1999,43.237
Sudan,SDN,2000,42.91
Sudan,SDN,2001,42.691
Sudan,SDN,2002,42.473
Sudan,SDN,2003,42.235
Sudan,SDN,2004,41.981
Sudan,SDN,2005,41.724
Sudan,SDN,2006,41.478
Sudan,SDN,2007,41.228
Sudan,SDN,2008,40.919
Sudan,SDN,2009,42.363
Sudan,SDN,2010,41.348
Sudan,SDN,2011,40.278
Sudan,SDN,2012,39.716
Sudan,SDN,2013,39.189
Sudan,SDN,2014,38.67
Sudan,SDN,2015,38.192
Sudan,SDN,2016,37.572
Sudan,SDN,2017,36.896
Sudan,SDN,2018,36.247
Sudan,SDN,2019,35.65
Sudan,SDN,2020,34.428
Sudan,SDN,2021,34.101
Sudan,SDN,2022,34.698
Suriname,SUR,1991,39.938
Suriname,SUR,1992,39.887
Suriname,SUR,1993,40.447
Suriname,SUR,1994,41.942
Suriname,SUR,1995,43.954
Suriname,SUR,1996,42.454
Suriname,SUR,1997,42.3
Suriname,SUR,1998,41.961
Suriname,SUR,1999,40.271
Suriname,SUR,2000,41.097
Suriname,SUR,2001,41.979
Suriname,SUR,2002,42.887
Suriname,SUR,2003,43.801
Suriname,SUR,2004,44.722
Suriname,SUR,2005,45.324
Suriname,SUR,2006,45.914
Suriname,SUR,2007,46.487
Suriname,SUR,2008,47.082
Suriname,SUR,2009,47.662
Suriname,SUR,2010,49.002
Suriname,SUR,2011,49.313
Suriname,SUR,2012,49.528
Suriname,SUR,2013,50.856
Suriname,SUR,2014,51.189
Suriname,SUR,2015,51.55
Suriname,SUR,2016,51.672
Suriname,SUR,2017,51.7
Suriname,SUR,2018,51.901
Suriname,SUR,2019,51.941
Suriname,SUR,2020,47.928
Suriname,SUR,2021,48.609
Suriname,SUR,2022,49.152
Suriname,SUR,2023,49.458
Suriname,SUR,2024,49.732
Suriname,SUR,2025,49.606
Sweden,SWE,1991,64.137
Sweden,SWE,1992,61.168
Sweden,SWE,1993,57.518
Sweden,SWE,1994,56.697
Sweden,SWE,1995,57.597
Sweden,SWE,1996,56.989
Sweden,SWE,1997,56.213
Sweden,SWE,1998,56.526
Sweden,SWE,1999,57.835
Sweden,SWE,2000,58.605
Sweden,SWE,2001,59.723
Sweden,SWE,2002,59.541
Sweden,SWE,2003,59.16
Sweden,SWE,2004,58.233
Sweden,SWE,2005,58.297
Sweden,SWE,2006,58.86
Sweden,SWE,2007,59.777
Sweden,SWE,2008,59.883
Sweden,SWE,2009,58.068
Sweden,SWE,2010,57.755
Sweden,SWE,2011,58.573
Sweden,SWE,2012,58.46
Sweden,SWE,2013,58.712
Sweden,SWE,2014,58.816
Sweden,SWE,2015,59.171
Sweden,SWE,2016,59.599
Sweden,SWE,2017,60.065
Sweden,SWE,2018,60.395
Sweden,SWE,2019,60.17
Sweden,SWE,2020,58.834
Sweden,SWE,2021,58.526
Sweden,SWE,2022,59.77
Sweden,SWE,2023,59.989
Sweden,SWE,2024,59.298
Sweden,SWE,2025,58.979
Switzerland,CHE,1991,63.643
Switzerland,CHE,1992,63.213
Switzerland,CHE,1993,62.733
Switzerland,CHE,1994,61.717
Switzerland,CHE,1995,62.104
Switzerland,CHE,1996,64.944
Switzerland,CHE,1997,64.549
Switzerland,CHE,1998,65.441
Switzerland,CHE,1999,65.667
Switzerland,CHE,2000,65.507
Switzerland,CHE,2001,66.083
Switzerland,CHE,2002,65.769
Switzerland,CHE,2003,65.055
Switzerland,CHE,2004,64.36
Switzerland,CHE,2005,63.989
Switzerland,CHE,2006,64.631
Switzerland,CHE,2007,65.153
Switzerland,CHE,2008,65.908
Switzerland,CHE,2009,65.47
Switzerland,CHE,2010,63.791
Switzerland,CHE,2011,64.548
Switzerland,CHE,2012,64.551
Switzerland,CHE,2013,64.393
Switzerland,CHE,2014,64.71
Switzerland,CHE,2015,64.942
Switzerland,CHE,2016,65.286
Switzerland,CHE,2017,65.25
Switzerland,CHE,2018,65.343
Switzerland,CHE,2019,65.321
Switzerland,CHE,2020,64.709
Switzerland,CHE,2021,64.341
Switzerland,CHE,2022,64.313
Switzerland,CHE,2023,64.727
Switzerland,CHE,2024,64.189
Switzerland,CHE,2025,63.494
Syria,SYR,1991,47.518
Syria,SYR,1992,47.299
Syria,SYR,1993,47.041
Syria,SYR,1994,46.247
Syria,SYR,1995,45.651
Syria,SYR,1996,45.803
Syria,SYR,1997,45.923
Syria,SYR,1998,46.053
Syria,SYR,1999,46.482
Syria,SYR,2000,46.011
Syria,SYR,2001,44.146
Syria,SYR,2002,43.66
Syria,SYR,2003,43.146
Syria,SYR,2004,42.826
Syria,SYR,2005,42.466
Syria,SYR,2006,42.067
Syria,SYR,2007,40.524
Syria,SYR,2008,38.825
Syria,SYR,2009,39.445
Syria,SYR,2010,39.024
Syria,SYR,2011,39.656
Syria,SYR,2012,33.79
Syria,SYR,2013,32.302
Syria,SYR,2014,32.152
Syria,SYR,2015,32.334
Syria,SYR,2016,32.512
Syria,SYR,2017,32.608
Syria,SYR,2018,32.68
Syria,SYR,2019,32.777
Syria,SYR,2020,30.46
Syria,SYR,2021,30.925
Syria,SYR,2022,32.383
Syria,SYR,2023,32.205
Syria,SYR,2024,32.048
Syria,SYR,2025,31.891
Tajikistan,TJK,1991,54.005
Tajikistan,TJK,1992,53.991
Tajikistan,TJK,1993,53.55
Tajikistan,TJK,1994,53.275
Tajikistan,TJK,1995,53.11
Tajikistan,TJK,1996,52.78
Tajikistan,TJK,1997,52.725
Tajikistan,TJK,1998,52.45
Tajikistan,TJK,1999,52.56
Tajikistan,TJK,2000,52.725
Tajikistan,TJK,2001,52.945
Tajikistan,TJK,2002,52.835
Tajikistan,TJK,2003,52.89
Tajikistan,TJK,2004,51.1
Tajikistan,TJK,2005,49.08
Tajikistan,TJK,2006,46.96
Tajikistan,TJK,2007,45.308
Tajikistan,TJK,2008,42.367
Tajikistan,TJK,2009,39.522
Tajikistan,TJK,2010,39.143
Tajikistan,TJK,2011,38.767
Tajikistan,TJK,2012,38.401
Tajikistan,TJK,2013,38.03
Tajikistan,TJK,2014,37.656
Tajikistan,TJK,2015,37.283
Tajikistan,TJK,2016,36.912
Tajikistan,TJK,2017,36.142
Tajikistan,TJK,2018,35.311
Tajikistan,TJK,2019,34.53
Tajikistan,TJK,2020,34
Tajikistan,TJK,2021,34.222
Tajikistan,TJK,2022,35.161
Tajikistan,TJK,2023,35.413
Tajikistan,TJK,2024,35.647
Tajikistan,TJK,2025,35.623
Tanzania,TZA,1991,83.537
Tanzania,TZA,1992,83.442
Tanzania,TZA,1993,83.205
Tanzania,TZA,1994,83.144
Tanzania,TZA,1995,83.261
Tanzania,TZA,1996,83.455
Tanzania,TZA,1997,83.586
Tanzania,TZA,1998,83.626
Tanzania,TZA,1999,83.673
Tanzania,TZA,2000,83.736
Tanzania,TZA,2001,83.85
Tanzania,TZA,2002,84.215
Tanzania,TZA,2003,84.569
Tanzania,TZA,2004,84.894
Tanzania,TZA,2005,85.177
Tanzania,TZA,2006,85.434
Tanzania,TZA,2007,85.208
Tanzania,TZA,2008,84.938
Tanzania,TZA,2009,84.671
Tanzania,TZA,2010,83.69
Tanzania,TZA,2011,82.773
Tanzania,TZA,2012,82.429
Tanzania,TZA,2013,82.102
Tanzania,TZA,2014,82.182
Tanzania,TZA,2015,82.248
Tanzania,TZA,2016,82.274
Tanzania,TZA,2017,82.305
Tanzania,TZA,2018,82.332
Tanzania,TZA,2019,82.357
Tanzania,TZA,2020,81.353
Tanzania,TZA,2021,82.162
Tanzania,TZA,2022,82.453
Tanzania,TZA,2023,82.455
Tanzania,TZA,2024,82.445
Tanzania,TZA,2025,82.4
Thailand,THA,1991,73.146
Thailand,THA,1992,74.047
Thailand,THA,1993,73.888
Thailand,THA,1994,73.948
Thailand,THA,1995,74.427
Thailand,THA,1996,74.686
Thailand,THA,1997,74.763
Thailand,THA,1998,71.957
Thailand,THA,1999,71.119
Thailand,THA,2000,71.727
Thailand,THA,2001,71.641
Thailand,THA,2002,71.937
Thailand,THA,2003,71.89
Thailand,THA,2004,71.915
Thailand,THA,2005,72.052
Thailand,THA,2006,71.598
Thailand,THA,2007,72.013
Thailand,THA,2008,72.017
Thailand,THA,2009,71.75
Thailand,THA,2010,71.211
Thailand,THA,2011,72.743
Thailand,THA,2012,72.403
Thailand,THA,2013,69.796
Thailand,THA,2014,69.392
Thailand,THA,2015,68.856
Thailand,THA,2016,67.845
Thailand,THA,2017,66.965
Thailand,THA,2018,67.28
Thailand,THA,2019,66.46
Thailand,THA,2020,66.285
Thailand,THA,2021,66.139
Thailand,THA,2022,66.549
Thailand,THA,2023,67.317
Thailand,THA,2024,66.604
Thailand,THA,2025,66.157
Togo,TGO,1991,56.724
Togo,TGO,1992,56.574
Togo,TGO,1993,56.336
Togo,TGO,1994,56.451
Togo,TGO,1995,56.512
Togo,TGO,1996,56.672
Togo,TGO,1997,56.585
Togo,TGO,1998,56.403
Togo,TGO,1999,56.26
Togo,TGO,2000,56.036
Togo,TGO,2001,56.018
Togo,TGO,2002,55.993
Togo,TGO,2003,56.033
Togo,TGO,2004,55.974
Togo,TGO,2005,55.85
Togo,TGO,2006,55.763
Togo,TGO,2007,55.966
Togo,TGO,2008,56.262
Togo,TGO,2009,56.507
Togo,TGO,2010,56.789
Togo,TGO,2011,57.031
Togo,TGO,2012,57.006
Togo,TGO,2013,56.967
Togo,TGO,2014,56.917
Togo,TGO,2015,56.857
Togo,TGO,2016,56.384
Togo,TGO,2017,55.9
Togo,TGO,2018,56.35
Togo,TGO,2019,56.806
Togo,TGO,2020,56.154
Togo,TGO,2021,56.36
Togo,TGO,2022,56.797
Togo,TGO,2023,56.796
Togo,TGO,2024,56.758
Togo,TGO,2025,56.692
Tonga,TON,1991,55.945
Tonga,TON,1992,57.01
Tonga,TON,1993,58.114
Tonga,TON,1994,58.913
Tonga,TON,1995,58.503
Tonga,TON,1996,57.955
Tonga,TON,1997,57.422
Tonga,TON,1998,56.97
Tonga,TON,1999,56.584
Tonga,TON,2000,56.232
Tonga,TON,2001,55.816
Tonga,TON,2002,55.465
Tonga,TON,2003,55.019
Tonga,TON,2004,55.602
Tonga,TON,2005,56.159
Tonga,TON,2006,56.74
Tonga,TON,2007,56.451
Tonga,TON,2008,56.237
Tonga,TON,2009,55.969
Tonga,TON,2010,55.652
Tonga,TON,2011,55.278
Tonga,TON,2012,54.979
Tonga,TON,2013,54.666
Tonga,TON,2014,54.304
Tonga,TON,2015,53.927
Tonga,TON,2016,53.567
Tonga,TON,2017,53.188
Tonga,TON,2018,52.781
Tonga,TON,2019,52.31
Tonga,TON,2020,50.968
Tonga,TON,2021,50.838
Tonga,TON,2022,50.349
Tonga,TON,2023,49.765
Tonga,TON,2024,49.209
Tonga,TON,2025,48.808
Trinidad and Tobago,TTO,1991,48.247
Trinidad and Tobago,TTO,1992,47.84
Trinidad and Tobago,TTO,1993,47.803
Trinidad and Tobago,TTO,1994,49.506
Trinidad and Tobago,TTO,1995,51.061
Trinidad and Tobago,TTO,1996,52.396
Trinidad and Tobago,TTO,1997,53.392
Trinidad and Tobago,TTO,1998,54.106
Trinidad and Tobago,TTO,1999,54.848
Trinidad and Tobago,TTO,2000,55.443
Trinidad and Tobago,TTO,2001,56.203
Trinidad and Tobago,TTO,2002,56.497
Trinidad and Tobago,TTO,2003,57.46
Trinidad and Tobago,TTO,2004,59.885
Trinidad and Tobago,TTO,2005,61.18
Trinidad and Tobago,TTO,2006,62.37
Trinidad and Tobago,TTO,2007,62.343
Trinidad and Tobago,TTO,2008,62.785
Trinidad and Tobago,TTO,2009,61.516
Trinidad and Tobago,TTO,2010,61.241
Trinidad and Tobago,TTO,2011,60.633
Trinidad and Tobago,TTO,2012,61.257
Trinidad and Tobago,TTO,2013,61.961
Trinidad and Tobago,TTO,2014,62.319
Trinidad and Tobago,TTO,2015,61.515
Trinidad and Tobago,TTO,2016,60.052
Trinidad and Tobago,TTO,2017,59.477
Trinidad and Tobago,TTO,2018,59.009
Trinidad and Tobago,TTO,2019,58.547
Trinidad and Tobago,TTO,2020,56.171
Trinidad and Tobago,TTO,2021,55.07
Trinidad and Tobago,TTO,2022,55.792
Trinidad and Tobago,TTO,2023,57.278
Trinidad and Tobago,TTO,2024,56.223
Trinidad and Tobago,TTO,2025,55.828
Tunisia,TUN,1991,41.3
Tunisia,TUN,1992,41.437
Tunisia,TUN,1993,41.27
Tunisia,TUN,1994,41.243
Tunisia,TUN,1995,41.079
Tunisia,TUN,1996,41.243
Tunisia,TUN,1997,41.337
Tunisia,TUN,1998,41.233
Tunisia,TUN,1999,41.019
Tunisia,TUN,2000,40.803
Tunisia,TUN,2001,40.714
Tunisia,TUN,2002,40.298
Tunisia,TUN,2003,39.975
Tunisia,TUN,2004,39.793
Tunisia,TUN,2005,40.15
Tunisia,TUN,2006,40.671
Tunisia,TUN,2007,40.868
Tunisia,TUN,2008,41.002
Tunisia,TUN,2009,40.892
Tunisia,TUN,2010,41.237
Tunisia,TUN,2011,38.899
Tunisia,TUN,2012,39.744
Tunisia,TUN,2013,40.163
Tunisia,TUN,2014,40.824
Tunisia,TUN,2015,40.296
Tunisia,TUN,2016,40.296
Tunisia,TUN,2017,40.208
Tunisia,TUN,2018,41.095
Tunisia,TUN,2019,41.158
Tunisia,TUN,2020,37.474
Tunisia,TUN,2021,37.706
Tunisia,TUN,2022,39.304
Tunisia,TUN,2023,38.865
Tunisia,TUN,2024,38.508
Tunisia,TUN,2025,38.388
Turkey,TUR,1991,52.318
Turkey,TUR,1992,51.226
Turkey,TUR,1993,47.479
Turkey,TUR,1994,49.962
Turkey,TUR,1995,49.988
Turkey,TUR,1996,50.172
Turkey,TUR,1997,48.958
Turkey,TUR,1998,49.159
Turkey,TUR,1999,48.649
Turkey,TUR,2000,46.704
Turkey,TUR,2001,45.646
Turkey,TUR,2002,44.442
Turkey,TUR,2003,43.236
Turkey,TUR,2004,41.287
Turkey,TUR,2005,41.493
Turkey,TUR,2006,41.54
Turkey,TUR,2007,41.475
Turkey,TUR,2008,41.745
Turkey,TUR,2009,41.164
Turkey,TUR,2010,43.007
Turkey,TUR,2011,44.983
Turkey,TUR,2012,45.357
Turkey,TUR,2013,45.902
Turkey,TUR,2014,45.511
Turkey,TUR,2015,46.014
Turkey,TUR,2016,46.333
Turkey,TUR,2017,47.063
Turkey,TUR,2018,47.382
Turkey,TUR,2019,45.681
Turkey,TUR,2020,42.848
Turkey,TUR,2021,45.212
Turkey,TUR,2022,47.503
Turkey,TUR,2023,48.308
Turkey,TUR,2024,49.43
Turkey,TUR,2025,49.746
Turkmenistan,TKM,1991,47.795
Turkmenistan,TKM,1992,50.005
Turkmenistan,TKM,1993,50.098
Turkmenistan,TKM,1994,51.355
Turkmenistan,TKM,1995,50.754
Turkmenistan,TKM,1996,48.965
Turkmenistan,TKM,1997,50.589
Turkmenistan,TKM,1998,49.148
Turkmenistan,TKM,1999,47.002
Turkmenistan,TKM,2000,47.079
Turkmenistan,TKM,2001,47.224
Turkmenistan,TKM,2002,47.857
Turkmenistan,TKM,2003,48.141
Turkmenistan,TKM,2004,48.203
Turkmenistan,TKM,2005,47.338
Turkmenistan,TKM,2006,46.743
Turkmenistan,TKM,2007,46.181
Turkmenistan,TKM,2008,45.332
Turkmenistan,TKM,2009,45.338
Turkmenistan,TKM,2010,44.689
Turkmenistan,TKM,2011,43.675
Turkmenistan,TKM,2012,43.029
Turkmenistan,TKM,2013,42.504
Turkmenistan,TKM,2014,42.023
Turkmenistan,TKM,2015,41.786
Turkmenistan,TKM,2016,41.581
Turkmenistan,TKM,2017,41.375
Turkmenistan,TKM,2018,41.199
Turkmenistan,TKM,2019,41.03
Turkmenistan,TKM,2020,39.682
Turkmenistan,TKM,2021,39.842
Turkmenistan,TKM,2022,40.506
Turkmenistan,TKM,2023,40.309
Turkmenistan,TKM,2024,40.473
Turkmenistan,TKM,2025,40.238
Uganda,UGA,1991,70.807
Uganda,UGA,1992,70.795
Uganda,UGA,1993,70.907
Uganda,UGA,1994,71.041
Uganda,UGA,1995,71.433
Uganda,UGA,1996,71.641
Uganda,UGA,1997,71.756
Uganda,UGA,1998,71.701
Uganda,UGA,1999,71.69
Uganda,UGA,2000,71.674
Uganda,UGA,2001,71.685
Uganda,UGA,2002,71.642
Uganda,UGA,2003,71.493
Uganda,UGA,2004,72.098
Uganda,UGA,2005,72.623
Uganda,UGA,2006,72.245
Uganda,UGA,2007,71.835
Uganda,UGA,2008,71.425
Uganda,UGA,2009,70.861
Uganda,UGA,2010,70.692
Uganda,UGA,2011,77.332
Uganda,UGA,2012,67.436
Uganda,UGA,2013,82.91
Uganda,UGA,2014,75.386
Uganda,UGA,2015,73.558
Uganda,UGA,2016,71.562
Uganda,UGA,2017,69.299
Uganda,UGA,2018,72.364
Uganda,UGA,2019,74.881
Uganda,UGA,2020,75.029
Uganda,UGA,2021,76.591
Uganda,UGA,2022,77.722
Uganda,UGA,2023,77.795
Uganda,UGA,2024,77.781
Uganda,UGA,2025,77.831
Ukraine,UKR,1991,58.155
Ukraine,UKR,1992,57.93
Ukraine,UKR,1993,57.647
Ukraine,UKR,1994,57.422
Ukraine,UKR,1995,55.083
Ukraine,UKR,1996,53.686
Ukraine,UKR,1997,52.731
Ukraine,UKR,1998,51.142
Ukraine,UKR,1999,50.625
Ukraine,UKR,2000,50.51
Ukraine,UKR,2001,50.673
Ukraine,UKR,2002,50.991
Ukraine,UKR,2003,51.392
Ukraine,UKR,2004,51.443
Ukraine,UKR,2005,52.02
Ukraine,UKR,2006,52.009
Ukraine,UKR,2007,52.668
Ukraine,UKR,2008,52.668
Ukraine,UKR,2009,51.28
Ukraine,UKR,2010,51.703
Ukraine,UKR,2011,51.849
Ukraine,UKR,2012,52.036
Ukraine,UKR,2013,52.244
Ukraine,UKR,2014,51.068
Ukraine,UKR,2015,51.147
Ukraine,UKR,2016,51.035
Ukraine,UKR,2017,50.956
Ukraine,UKR,2018,51.357
Ukraine,UKR,2019,51.703
Ukraine,UKR,2020,49.867
Ukraine,UKR,2021,49.266
United Arab Emirates,ARE,1991,73.432
United Arab Emirates,ARE,1992,73.667
United Arab Emirates,ARE,1993,74.048
United Arab Emirates,ARE,1994,74.42
United Arab Emirates,ARE,1995,74.789
United Arab Emirates,ARE,1996,74.636
United Arab Emirates,ARE,1997,73.918
United Arab Emirates,ARE,1998,73.327
United Arab Emirates,ARE,1999,72.964
United Arab Emirates,ARE,2000,72.831
United Arab Emirates,ARE,2001,72.825
United Arab Emirates,ARE,2002,72.996
United Arab Emirates,ARE,2003,73.28
United Arab Emirates,ARE,2004,73.803
United Arab Emirates,ARE,2005,74.315
United Arab Emirates,ARE,2006,74.934
United Arab Emirates,ARE,2007,75.051
United Arab Emirates,ARE,2008,74.887
United Arab Emirates,ARE,2009,74.35
United Arab Emirates,ARE,2010,74.498
United Arab Emirates,ARE,2011,74.881
United Arab Emirates,ARE,2012,75.256
United Arab Emirates,ARE,2013,75.691
United Arab Emirates,ARE,2014,76.119
United Arab Emirates,ARE,2015,76.599
United Arab Emirates,ARE,2016,77.16
United Arab Emirates,ARE,2017,76.82
United Arab Emirates,ARE,2018,77.339
United Arab Emirates,ARE,2019,77.614
United Arab Emirates,ARE,2020,75.398
United Arab Emirates,ARE,2021,74.661
United Arab Emirates,ARE,2022,75.023
United Arab Emirates,ARE,2023,76.681
United Arab Emirates,ARE,2024,76.789
United Arab Emirates,ARE,2025,76.885
United Kingdom,GBR,1991,56.678
United Kingdom,GBR,1992,55.525
United Kingdom,GBR,1993,54.713
United Kingdom,GBR,1994,54.959
United Kingdom,GBR,1995,55.357
United Kingdom,GBR,1996,55.73
United Kingdom,GBR,1997,56.559
United Kingdom,GBR,1998,56.999
United Kingdom,GBR,1999,57.4
United Kingdom,GBR,2000,57.928
United Kingdom,GBR,2001,58.103
United Kingdom,GBR,2002,58.168
United Kingdom,GBR,2003,58.418
United Kingdom,GBR,2004,58.596
United Kingdom,GBR,2005,58.654
United Kingdom,GBR,2006,58.7
United Kingdom,GBR,2007,58.598
United Kingdom,GBR,2008,58.61
United Kingdom,GBR,2009,57.231
United Kingdom,GBR,2010,56.874
United Kingdom,GBR,2011,56.715
United Kingdom,GBR,2012,56.858
United Kingdom,GBR,2013,57.202
United Kingdom,GBR,2014,58.156
United Kingdom,GBR,2015,58.793
United Kingdom,GBR,2016,59.344
United Kingdom,GBR,2017,59.603
United Kingdom,GBR,2018,60.023
United Kingdom,GBR,2019,60.335
United Kingdom,GBR,2020,59.775
United Kingdom,GBR,2021,58.959
United Kingdom,GBR,2022,59.573
United Kingdom,GBR,2023,59.323
United Kingdom,GBR,2024,58.871
United Kingdom,GBR,2025,58.457
United States,USA,1991,60.58
United States,USA,1992,60.358
United States,USA,1993,60.64
United States,USA,1994,61.468
United States,USA,1995,61.897
United States,USA,1996,62.189
United States,USA,1997,62.781
United States,USA,1998,63.033
United States,USA,1999,63.27
United States,USA,2000,63.506
United States,USA,2001,62.746
United States,USA,2002,61.793
United States,USA,2003,61.314
United States,USA,2004,61.407
United States,USA,2005,61.742
United States,USA,2006,62.162
United States,USA,2007,61.99
United States,USA,2008,61.226
United States,USA,2009,58.412
United States,USA,2010,57.592
United States,USA,2011,57.574
United States,USA,2012,58.017
United States,USA,2013,58.108
United States,USA,2014,58.595
United States,USA,2015,58.979
United States,USA,2016,59.391
United States,USA,2017,59.824
United States,USA,2018,60.153
United States,USA,2019,60.543
United States,USA,2020,56.598
United States,USA,2021,58.211
United States,USA,2022,59.538
United States,USA,2023,59.821
United States,USA,2024,59.467
United States,USA,2025,59.114
United States Virgin Islands,VIR,1991,61.934
United States Virgin Islands,VIR,1992,62.777
United States Virgin Islands,VIR,1993,62.69
United States Virgin Islands,VIR,1994,62.834
United States Virgin Islands,VIR,1995,58.987
United States Virgin Islands,VIR,1996,55.202
United States Virgin Islands,VIR,1997,54.64
United States Virgin Islands,VIR,1998,54.113
United States Virgin Islands,VIR,1999,52.94
United States Virgin Islands,VIR,2000,54.011
United States Virgin Islands,VIR,2001,56.062
United States Virgin Islands,VIR,2002,54.979
United States Virgin Islands,VIR,2003,53.434
United States Virgin Islands,VIR,2004,55.259
United States Virgin Islands,VIR,2005,56.129
United States Virgin Islands,VIR,2006,56.685
United States Virgin Islands,VIR,2007,57.316
United States Virgin Islands,VIR,2008,56.96
United States Virgin Islands,VIR,2009,56.048
United States Virgin Islands,VIR,2010,54.163
United States Virgin Islands,VIR,2011,54.506
United States Virgin Islands,VIR,2012,53.467
United States Virgin Islands,VIR,2013,50.228
United States Virgin Islands,VIR,2014,49.585
United States Virgin Islands,VIR,2015,51.819
United States Virgin Islands,VIR,2016,51.48
United States Virgin Islands,VIR,2017,52.367
United States Virgin Islands,VIR,2018,48.621
United States Virgin Islands,VIR,2019,46.145
United States Virgin Islands,VIR,2020,44.919
United States Virgin Islands,VIR,2021,46.327
United States Virgin Islands,VIR,2022,47.931
United States Virgin Islands,VIR,2023,48.367
United States Virgin Islands,VIR,2024,48.249
United States Virgin Islands,VIR,2025,48.136
Upper-middle-income countries,OWID_UMC,1991,68.538345
Upper-middle-income countries,OWID_UMC,1992,68.25068
Upper-middle-income countries,OWID_UMC,1993,67.71087
Upper-middle-income countries,OWID_UMC,1994,67.32538
Upper-middle-income countries,OWID_UMC,1995,66.76132
Upper-middle-income countries,OWID_UMC,1996,66.22041
Upper-middle-income countries,OWID_UMC,1997,65.94498
Upper-middle-income countries,OWID_UMC,1998,65.4704
Upper-middle-income countries,OWID_UMC,1999,64.95834
Upper-middle-income countries,OWID_UMC,2000,64.62718
Upper-middle-income countries,OWID_UMC,2001,64.196976
Upper-middle-income countries,OWID_UMC,2002,63.691208
Upper-middle-income countries,OWID_UMC,2003,63.410595
Upper-middle-income countries,OWID_UMC,2004,63.330597
Upper-middle-income countries,OWID_UMC,2005,63.100403
Upper-middle-income countries,OWID_UMC,2006,63.04428
Upper-middle-income countries,OWID_UMC,2007,63.04455
Upper-middle-income countries,OWID_UMC,2008,62.811813
Upper-middle-income countries,OWID_UMC,2009,62.43721
Upper-middle-income countries,OWID_UMC,2010,62.32571
Upper-middle-income countries,OWID_UMC,2011,62.365646
Upper-middle-income countries,OWID_UMC,2012,62.28446
Upper-middle-income countries,OWID_UMC,2013,61.907692
Upper-middle-income countries,OWID_UMC,2014,61.651035
Upper-middle-income countries,OWID_UMC,2015,61.406487
Upper-middle-income countries,OWID_UMC,2016,61.0394
Upper-middle-income countries,OWID_UMC,2017,60.841522
Upper-middle-income countries,OWID_UMC,2018,60.703693
Upper-middle-income countries,OWID_UMC,2019,60.455685
Upper-middle-income countries,OWID_UMC,2020,58.009487
Upper-middle-income countries,OWID_UMC,2021,59.310966
Upper-middle-income countries,OWID_UMC,2022,59.41206
Upper-middle-income countries,OWID_UMC,2023,59.81853
Upper-middle-income countries,OWID_UMC,2024,59.43441
Upper-middle-income countries,OWID_UMC,2025,59.23104
Uruguay,URY,1991,52.372
Uruguay,URY,1992,52.439
Uruguay,URY,1993,51.865
Uruguay,URY,1994,52.857
Uruguay,URY,1995,53.259
Uruguay,URY,1996,53.115
Uruguay,URY,1997,53.72
Uruguay,URY,1998,55.297
Uruguay,URY,1999,53.536
Uruguay,URY,2000,52.567
Uruguay,URY,2001,52.289
Uruguay,URY,2002,49.987
Uruguay,URY,2003,49.264
Uruguay,URY,2004,51.763
Uruguay,URY,2005,52.367
Uruguay,URY,2006,55.26
Uruguay,URY,2007,57.816
Uruguay,URY,2008,58.869
Uruguay,URY,2009,59.732
Uruguay,URY,2010,59.683
Uruguay,URY,2011,61.853
Uruguay,URY,2012,61.015
Uruguay,URY,2013,60.665
Uruguay,URY,2014,61.561
Uruguay,URY,2015,60.072
Uruguay,URY,2016,59.546
Uruguay,URY,2017,59.056
Uruguay,URY,2018,58.371
Uruguay,URY,2019,57.883
Uruguay,URY,2020,54.741
Uruguay,URY,2021,57.021
Uruguay,URY,2022,58.204
Uruguay,URY,2023,59.188
Uruguay,URY,2024,59.681
Uruguay,URY,2025,60.105
Uzbekistan,UZB,1991,55.837
Uzbekistan,UZB,1992,55.615
Uzbekistan,UZB,1993,54.751
Uzbekistan,UZB,1994,53.601
Uzbekistan,UZB,1995,53.289
Uzbekistan,UZB,1996,51.349
Uzbekistan,UZB,1997,51.151
Uzbekistan,UZB,1998,49.688
Uzbekistan,UZB,1999,49.679
Uzbekistan,UZB,2000,49.968
Uzbekistan,UZB,2001,50.361
Uzbekistan,UZB,2002,50.669
Uzbekistan,UZB,2003,50.959
Uzbekistan,UZB,2004,51.346
Uzbekistan,UZB,2005,51.652
Uzbekistan,UZB,2006,51.877
Uzbekistan,UZB,2007,52.231
Uzbekistan,UZB,2008,52.214
Uzbekistan,UZB,2009,52.612
Uzbekistan,UZB,2010,52.406
Uzbekistan,UZB,2011,52.795
Uzbekistan,UZB,2012,53.08
Uzbekistan,UZB,2013,53.161
Uzbekistan,UZB,2014,53.207
Uzbekistan,UZB,2015,53.387
Uzbekistan,UZB,2016,53.534
Uzbekistan,UZB,2017,53.176
Uzbekistan,UZB,2018,53.503
Uzbekistan,UZB,2019,53.831
Uzbekistan,UZB,2020,52.579
Uzbekistan,UZB,2021,53.024
Uzbekistan,UZB,2022,55.114
Uzbekistan,UZB,2023,55.182
Uzbekistan,UZB,2024,55.14
Uzbekistan,UZB,2025,54.841
Vanuatu,VUT,1991,70.835
Vanuatu,VUT,1992,70.858
Vanuatu,VUT,1993,70.649
Vanuatu,VUT,1994,70.657
Vanuatu,VUT,1995,70.645
Vanuatu,VUT,1996,70.676
Vanuatu,VUT,1997,70.522
Vanuatu,VUT,1998,70.54
Vanuatu,VUT,1999,70.524
Vanuatu,VUT,2000,70.47
Vanuatu,VUT,2001,70.48
Vanuatu,VUT,2002,70.499
Vanuatu,VUT,2003,70.417
Vanuatu,VUT,2004,70.561
Vanuatu,VUT,2005,70.745
Vanuatu,VUT,2006,70.715
Vanuatu,VUT,2007,68.977
Vanuatu,VUT,2008,67.002
Vanuatu,VUT,2009,64.699
Vanuatu,VUT,2010,61.371
Vanuatu,VUT,2011,60.691
Vanuatu,VUT,2012,60.012
Vanuatu,VUT,2013,59.344
Vanuatu,VUT,2014,58.676
Vanuatu,VUT,2015,58.046
Vanuatu,VUT,2016,57.414
Vanuatu,VUT,2017,56.766
Vanuatu,VUT,2018,56.082
Vanuatu,VUT,2019,55.406
Vanuatu,VUT,2020,55.691
Vanuatu,VUT,2021,55.501
Vanuatu,VUT,2022,55.459
Vanuatu,VUT,2023,55.472
Vanuatu,VUT,2024,55.434
Vanuatu,VUT,2025,55.163
Venezuela,VEN,1991,58.426
Venezuela,VEN,1992,59.776
Venezuela,VEN,1993,60.362
Venezuela,VEN,1994,58.818
Venezuela,VEN,1995,57.843
Venezuela,VEN,1996,56.721
Venezuela,VEN,1997,57.358
Venezuela,VEN,1998,57.264
Venezuela,VEN,1999,54.607
Venezuela,VEN,2000,55.057
Venezuela,VEN,2001,55.757
Venezuela,VEN,2002,53.076
Venezuela,VEN,2003,52.044
Venezuela,VEN,2004,54.102
Venezuela,VEN,2005,57.422
Venezuela,VEN,2006,59.278
Venezuela,VEN,2007,59.727
Venezuela,VEN,2008,60.279
Venezuela,VEN,2009,60.138
Venezuela,VEN,2010,59.312
Venezuela,VEN,2011,59.234
Venezuela,VEN,2012,58.948
Venezuela,VEN,2013,57.913
Venezuela,VEN,2014,57.914
Venezuela,VEN,2015,57.885
Venezuela,VEN,2016,57.93
Venezuela,VEN,2017,56.881
Venezuela,VEN,2018,55.011
Venezuela,VEN,2019,51.914
Venezuela,VEN,2020,44.55
Venezuela,VEN,2021,45.195
Venezuela,VEN,2022,48.01
Venezuela,VEN,2023,48.589
Venezuela,VEN,2024,49.28
Venezuela,VEN,2025,49.171
Vietnam,VNM,1991,76.391
Vietnam,VNM,1992,76.227
Vietnam,VNM,1993,76.126
Vietnam,VNM,1994,75.996
Vietnam,VNM,1995,75.804
Vietnam,VNM,1996,75.625
Vietnam,VNM,1997,73.955
Vietnam,VNM,1998,73.602
Vietnam,VNM,1999,72.773
Vietnam,VNM,2000,71.734
Vietnam,VNM,2001,72.844
Vietnam,VNM,2002,72.838
Vietnam,VNM,2003,72.429
Vietnam,VNM,2004,72.402
Vietnam,VNM,2005,72.704
Vietnam,VNM,2006,73.07
Vietnam,VNM,2007,73.511
Vietnam,VNM,2008,74.159
Vietnam,VNM,2009,74.718
Vietnam,VNM,2010,75.418
Vietnam,VNM,2011,75.609
Vietnam,VNM,2012,75.539
Vietnam,VNM,2013,76.217
Vietnam,VNM,2014,76.335
Vietnam,VNM,2015,75.999
Vietnam,VNM,2016,75.542
Vietnam,VNM,2017,75.753
Vietnam,VNM,2018,76.582
Vietnam,VNM,2019,75.327
Vietnam,VNM,2020,72.803
Vietnam,VNM,2021,71.981
Vietnam,VNM,2022,73.314
Vietnam,VNM,2023,72.335
Vietnam,VNM,2024,71.963
Vietnam,VNM,2025,71.67
World,OWID_WRL,1991,62.049473
World,OWID_WRL,1992,61.819675
World,OWID_WRL,1993,61.404133
World,OWID_WRL,1994,61.191166
World,OWID_WRL,1995,61.000298
World,OWID_WRL,1996,60.84247
World,OWID_WRL,1997,60.769447
World,OWID_WRL,1998,60.571724
World,OWID_WRL,1999,60.514652
World,OWID_WRL,2000,60.49762
World,OWID_WRL,2001,60.257385
World,OWID_WRL,2002,59.947407
World,OWID_WRL,2003,59.77713
World,OWID_WRL,2004,59.797287
World,OWID_WRL,2005,59.784916
World,OWID_WRL,2006,59.737446
World,OWID_WRL,2007,59.706917
World,OWID_WRL,2008,59.4346
World,OWID_WRL,2009,58.81201
World,OWID_WRL,2010,58.62531
World,OWID_WRL,2011,58.5515
World,OWID_WRL,2012,58.32912
World,OWID_WRL,2013,58.198112
World,OWID_WRL,2014,58.090103
World,OWID_WRL,2015,57.943
World,OWID_WRL,2016,57.813416
World,OWID_WRL,2017,57.682903
World,OWID_WRL,2018,57.640923
World,OWID_WRL,2019,57.618633
World,OWID_WRL,2020,55.715626
World,OWID_WRL,2021,56.733776
World,OWID_WRL,2022,57.557167
World,OWID_WRL,2023,58.23077
World,OWID_WRL,2024,58.194542
World,OWID_WRL,2025,58.057785
Yemen,YEM,1991,40.465
Yemen,YEM,1992,40.456
Yemen,YEM,1993,40.458
Yemen,YEM,1994,40.438
Yemen,YEM,1995,40.481
Yemen,YEM,1996,40.555
Yemen,YEM,1997,40.602
Yemen,YEM,1998,40.658
Yemen,YEM,1999,40.72
Yemen,YEM,2000,39.974
Yemen,YEM,2001,39.232
Yemen,YEM,2002,38.547
Yemen,YEM,2003,37.876
Yemen,YEM,2004,37.277
Yemen,YEM,2005,36.752
Yemen,YEM,2006,36.253
Yemen,YEM,2007,35.788
Yemen,YEM,2008,35.346
Yemen,YEM,2009,34.962
Yemen,YEM,2010,34.644
Yemen,YEM,2011,33.743
Yemen,YEM,2012,33.065
Yemen,YEM,2013,32.428
Yemen,YEM,2014,31.993
Yemen,YEM,2015,26.328
Yemen,YEM,2016,26.336
Yemen,YEM,2017,26.427
Yemen,YEM,2018,26.874
Yemen,YEM,2019,27.095
Yemen,YEM,2020,26.651
Yemen,YEM,2021,26.392
Yemen,YEM,2022,27.337
Yemen,YEM,2023,27.497
Yemen,YEM,2024,27.554
Yemen,YEM,2025,27.369
Zambia,ZMB,1991,48.361
Zambia,ZMB,1992,47.948
Zambia,ZMB,1993,47.86
Zambia,ZMB,1994,48.46
Zambia,ZMB,1995,49.571
Zambia,ZMB,1996,50.492
Zambia,ZMB,1997,51.697
Zambia,ZMB,1998,52.446
Zambia,ZMB,1999,52.135
Zambia,ZMB,2000,51.852
Zambia,ZMB,2001,51.523
Zambia,ZMB,2002,51.042
Zambia,ZMB,2003,50.658
Zambia,ZMB,2004,50.246
Zambia,ZMB,2005,49.872
Zambia,ZMB,2006,51.417
Zambia,ZMB,2007,52.958
Zambia,ZMB,2008,54.47
Zambia,ZMB,2009,52.855
Zambia,ZMB,2010,51.272
Zambia,ZMB,2011,52.793
Zambia,ZMB,2012,54.342
Zambia,ZMB,2013,54.63
Zambia,ZMB,2014,54.974
Zambia,ZMB,2015,55.266
Zambia,ZMB,2016,55.597
Zambia,ZMB,2017,55.924
Zambia,ZMB,2018,55.533
Zambia,ZMB,2019,56.247
Zambia,ZMB,2020,57.2
Zambia,ZMB,2021,56.975
Zambia,ZMB,2022,55.964
Zambia,ZMB,2023,58.33
Zambia,ZMB,2024,58.251
Zambia,ZMB,2025,58.268
Zimbabwe,ZWE,1991,63.645
Zimbabwe,ZWE,1992,63.596
Zimbabwe,ZWE,1993,63.625
Zimbabwe,ZWE,1994,63.538
Zimbabwe,ZWE,1995,62.964
Zimbabwe,ZWE,1996,62.345
Zimbabwe,ZWE,1997,61.589
Zimbabwe,ZWE,1998,61.731
Zimbabwe,ZWE,1999,61.801
Zimbabwe,ZWE,2000,61.884
Zimbabwe,ZWE,2001,62.043
Zimbabwe,ZWE,2002,62.215
Zimbabwe,ZWE,2003,62.415
Zimbabwe,ZWE,2004,62.69
Zimbabwe,ZWE,2005,62.585
Zimbabwe,ZWE,2006,62.528
Zimbabwe,ZWE,2007,62.397
Zimbabwe,ZWE,2008,62.196
Zimbabwe,ZWE,2009,62.225
Zimbabwe,ZWE,2010,62.319
Zimbabwe,ZWE,2011,62.469
Zimbabwe,ZWE,2012,62.75
Zimbabwe,ZWE,2013,62.875
Zimbabwe,ZWE,2014,63
Zimbabwe,ZWE,2015,62.559
Zimbabwe,ZWE,2016,62.175
Zimbabwe,ZWE,2017,61.799
Zimbabwe,ZWE,2018,61.421
Zimbabwe,ZWE,2019,60.944
Zimbabwe,ZWE,2020,59.093
Zimbabwe,ZWE,2021,59.159
Zimbabwe,ZWE,2022,58.636
Zimbabwe,ZWE,2023,61.449
Zimbabwe,ZWE,2024,61.335
Zimbabwe,ZWE,2025,61.424