"Data Source","World Development Indicators",

"Last Updated Date","2026-04-08",

"Country Name","Country Code","Indicator Name","Indicator Code","1960","1961","1962","1963","1964","1965","1966","1967","1968","1969","1970","1971","1972","1973","1974","1975","1976","1977","1978","1979","1980","1981","1982","1983","1984","1985","1986","1987","1988","1989","1990","1991","1992","1993","1994","1995","1996","1997","1998","1999","2000","2001","2002","2003","2004","2005","2006","2007","2008","2009","2010","2011","2012","2013","2014","2015","2016","2017","2018","2019","2020","2021","2022","2023","2024","2025",
"Aruba","ABW","Age dependency ratio (% of working-age population)","SP.POP.DPND","83.0461589735044","81.9690917425185","81.0583167234617","79.7943477163765","78.152923352812","76.3547096617772","74.5909929204593","73.469387755102","73.0199179847686","72.6414266920041","72.1922009639258","71.5111020336708","69.8095544568938","67.2691800080335","64.7690048571106","62.3680472383923","60.0263201184405","57.9060865814869","56.1598342145115","54.7032226026502","53.6206984973588","53.1031170210077","52.7165786063204","52.1591353677621","51.5467643232304","50.6884093350259","49.621770066159","48.5436649424999","47.7390438247012","47.557551937114","48.3884698148455","50.238252661818","51.0352827876029","50.4215576196795","49.7915138411644","48.4495619338157","46.6724378566507","45.3563969547935","44.3940185451221","43.6697806335828","43.3179869318272","43.2308391159286","43.0780227806007","42.8753336810776","42.6913039565648","42.6369612856099","42.7685060178669","42.9917617327489","43.260508496231","43.5354448619784","43.4533955008381","43.0477704342006","42.8649842877335","43.0385229703024","43.5153583617747","44.2477876106195","45.1551319021681","46.125005039442","47.1166704939956","48.0999783009656","48.8784687945596","49.3199495334618","49.8010748935576","50.499754678629","51.2895227154925","",
"Africa Eastern and Southern","AFE","Age dependency ratio (% of working-age population)","SP.POP.DPND","88.9677901516107","89.3222844022383","89.6850638309247","90.1224754792289","90.5506447144692","91.013816216356","91.5444584507984","92.0497306900274","92.516704370843","92.9576487526757","93.4292377555176","93.9458028567404","94.4694545386609","94.9234242975106","95.2067166471228","95.3781533431628","95.5880747369405","95.7630864792576","95.7824590916827","95.8103500668991","95.7845173175987","95.7123971445204","95.634275008347","95.3843429603511","95.0562447772691","94.7505109025836","94.4805490238082","94.2721097383902","94.0649981124854","93.8586172624529","93.6538623439767","93.4111683219832","93.3363751975131","93.2577324771106","92.9463649287734","92.8644391951083","93.2692342815653","93.5619051844311","93.2877514272758","92.8254342830759","92.3979511109114","91.9550701725296","91.5270061828141","91.1357231031945","90.7728755792482","90.4539572577438","90.1559484991249","89.8314530134578","89.4556744056117","89.0526986405176","88.5725762183229","87.977208607463","87.3607761347659","86.7370985760153","86.0934422011175","85.3786910237359","84.6520152076131","83.880531648472","83.0340977254466","82.2360975117786","81.4337765865991","80.6343383343277","79.8794634848445","79.1475199128058","78.4380513561385","",
"Afghanistan","AFG","Age dependency ratio (% of working-age population)","SP.POP.DPND","81.0613894386502","81.2840359519206","81.5068083352119","81.8545805002831","82.3730133850468","83.0962139283287","83.9487837199585","84.793913350911","85.6302795087328","86.456962149139","87.257666613481","88.026352404817","88.7756358202595","89.5107402157941","90.2437777766589","90.9672209131238","91.6743266335102","92.3750674680591","93.0651831676898","93.747143749577","94.4517656835338","95.1597438213452","95.8169549452993","96.3518916570271","96.8321378522571","97.3022747294073","97.7738465721445","98.2227033395005","98.6703927392961","99.131117841189","99.6645090710183","100.333805677725","101.130964399038","101.99673440322","102.99668425802","104.092606744234","105.223953365424","106.412388709347","107.593615693214","108.686030843852","109.586047730495","110.219341359285","110.534611030603","110.557539565476","110.285308007212","109.728525433204","108.889135191956","107.737250564546","106.334375525183","104.799467490534","103.144455694301","101.458308292088","99.7731309368865","98.063558808759","96.3463937851296","94.6132337112821","92.8898712202104","91.2936186853936","89.8496059758101","88.5120276122222","87.2478169146763","86.0834681804276","84.9624893289139","83.8361728436287","82.7768483158234","",
"Africa Western and Central","AFW","Age dependency ratio (% of working-age population)","SP.POP.DPND","81.4393851941419","81.8088714764138","82.2805891535436","82.8974943527169","83.6223912452171","84.2597376583467","84.7993074576667","85.3297244639072","85.8646655740796","86.4149620879178","86.9377748338114","87.4554583249935","87.9955264044059","88.5347060381631","89.0957957959494","89.6941290093764","90.3379105444759","91.0047580507985","91.681550207181","92.3311427309639","92.9487109682837","93.5219899812318","93.9887265725108","94.477549100526","95.0064977408023","95.435633131976","95.716907296398","95.8630902318826","95.8644634287521","95.7324735807295","95.5004706695765","95.1618512715231","94.6970023922692","94.1549605137338","93.5966525244117","93.0273577879225","92.502897988124","92.0247942396789","91.4824365700981","90.9764938920588","90.6290643578467","90.422433777545","90.2668318862323","90.1097566702839","89.9803135779368","89.9259612441891","89.9597111103669","90.0156508383548","89.9582234720043","89.8164999687242","89.7112435925986","89.603454905227","89.5026076691843","89.3486868815622","89.117557358818","88.8085731719333","88.3034388121926","87.6188298125453","86.8118075528579","85.8861608427101","84.7988623219246","83.6096594416288","82.3934755924962","81.1022875892635","79.8023373708457","",
"Angola","AGO","Age dependency ratio (% of working-age population)","SP.POP.DPND","79.9383931522572","81.1686330123961","82.5253514534538","84.076362664797","85.9405929138764","87.8780795677633","89.6834092671677","91.3318499692916","92.7722642082821","94.0047440185614","95.4042122434371","96.4083230339013","96.1495451328131","95.1960032741815","94.1598216870328","93.1631350537773","92.2385730139114","91.284609068902","90.3302220940526","89.5063305567818","88.7723039240146","88.1806528985316","87.7435755520231","87.3798032539328","87.1597473936693","87.2055148279918","87.5777569552296","88.1947011485805","88.8791407611864","89.5708841239709","90.2569092408058","91.0097669157643","91.7442494683851","92.4413661617916","93.0993791707479","93.5234970290837","93.7288649060103","93.7802905353552","93.7057826773577","93.5866772056373","93.3950546591747","93.1426057931913","92.8689882806235","92.580157249846","92.303774744203","92.0716996645369","91.8966478141105","91.7757132003252","91.7437443702865","91.7835468670602","91.8283866159677","91.8569027197923","91.8993770017946","91.9497035468882","92.0505618911043","92.1805019005926","92.1880041070431","92.0715542905016","91.902769414907","91.6470396304726","91.3698274972374","91.0363983104785","90.5895118569742","90.0552252752265","89.4060806363382","",
"Albania","ALB","Age dependency ratio (% of working-age population)","SP.POP.DPND","87.4824468277266","89.0174463626839","89.6692213484952","89.8996428513712","89.8532357416597","89.7554170304477","89.686199951057","89.5820433137926","89.315233153249","88.701197458234","87.7159347826851","86.4821210612807","85.0541106434373","83.4649625561658","81.7235289296203","79.8356762221833","77.8331850501631","75.7925553751931","73.9440901379276","72.2706705167925","70.7316870571562","69.3754795818512","68.0832991746992","66.8113480235745","65.6343045042569","64.7705503224261","64.002947309251","63.070270396046","62.3500734423783","61.9029347682159","61.4824255907926","61.0785706431672","60.7871692686772","60.5915833011548","60.4038280450256","60.2826958882289","60.1606949122209","59.8927067398816","59.5026684639966","59.0642631536668","58.5977290277002","57.8351705993426","56.7367022110026","55.6139978139615","54.5211229067505","53.4435407688365","52.4132353218301","51.4388391998976","50.4759629154815","49.4627290108976","48.4034139161967","47.3939165172533","46.6305614201807","46.2294891341532","46.0990797197022","46.063682495576","46.0418641879175","46.1747781810153","46.5089324540399","47.0423753077936","47.6864712685303","48.4416017247105","49.2510463435051","50.0239258237319","50.9742938346485","",
"Andorra","AND","Age dependency ratio (% of working-age population)","SP.POP.DPND","51.5697211155378","51.3987043580683","51.3517203713818","51.3400228629493","51.2680730030813","51.1473229132025","51.7534758248599","53.1869619885869","54.2800682655169","54.6204482959753","54.2744613483667","53.4201488265598","52.2347480106101","50.8643494309443","49.4139173194579","48.0304887799158","46.8349378959445","45.7442819647544","44.7106670792626","43.6437484297797","42.3819187457722","40.8770466949666","40.3083939624281","40.4507998061076","40.1206536510988","39.3083060491433","38.7181898146744","38.6107798365281","38.2255041817012","38.2304751501912","37.8932466442953","36.2351244139921","35.2413901556849","34.9716284824438","34.9654293651954","35.5820021638134","36.1854287721091","36.5122903259838","36.7852883951547","37.3996319839411","38.2609244758777","38.9898478228751","39.5564042303173","38.8803389762757","37.3267802372418","36.7306571534535","36.5890914083685","36.3435022980084","36.443115338105","37.0265105110991","38.3349616907492","39.2481203007519","39.2727668213457","39.4617752884009","39.5371281507834","39.3616405028095","39.1038735787242","38.7983591750715","38.3256344663857","38.0123080254823","38.1539010890912","38.19592628516","38.168706445238","38.2484697192491","38.5649541718808","",
"Arab World","ARB","Age dependency ratio (% of working-age population)","SP.POP.DPND","88.5877544300781","89.5076324450856","90.3417445396099","91.1663660820701","91.9089258331803","92.5461776861808","93.0695748862774","93.4342802627345","93.6072155787516","93.6449819904526","93.6622980967734","93.6859612320513","93.7315776109436","93.8022393343724","93.767722554103","93.7722591178196","93.8985245231955","93.7127921431441","93.1731815526429","92.615356167159","92.0862070861094","91.5880715222524","91.0938229848363","90.5711481106102","90.0713502956121","89.5727483118674","89.0692841416272","88.5316610514587","87.9397336030833","87.3004149214729","86.5999433863454","85.5906781251167","84.6026329881113","83.6431779807627","82.6369556271296","81.5404686694342","80.3854706576366","79.1606548500184","77.8227645209978","76.4246596174675","75.0620389023281","73.7283831972865","72.4017145905041","71.0991195019205","69.827730375053","68.6103181536626","67.3554334257029","66.0812022566949","65.1021958530032","64.4105960115012","63.9926835019862","63.6170461343068","63.3889756559187","63.4202826235924","63.5583753221543","63.534064295947","63.422729290121","63.345819094422","63.2816800096952","63.0627189004981","62.7149980171102","62.3866911370144","61.6662320347199","60.8736861542823","60.1776794320846","",
"United Arab Emirates","ARE","Age dependency ratio (% of working-age population)","SP.POP.DPND","67.0044887526863","63.8855568355919","61.2212891385351","59.0900539320206","57.3723318288429","55.7407148515774","53.828129835451","51.2244382731633","48.901997386597","47.2791519434629","45.5140087246652","43.813718293777","42.4458355531877","41.4936629239713","40.9492932174815","40.7244956682687","40.2226750606209","39.6547418429368","39.5564676059253","39.7832157757117","40.0836060667497","41.1264659840378","42.7861396926053","44.2593085665438","45.6120066629353","46.8107095634497","47.6450884884073","47.6759664281768","46.8769022377521","45.6031927970083","44.1092156907403","42.5639437112041","41.066545883166","39.6473016268041","38.272105724528","36.8700363669481","35.4838440474638","33.9063010927674","32.0313687412118","30.1512914467431","28.3894784230497","26.8321411139091","25.5807133564786","24.7137727030423","24.2034056488981","23.8508434184053","23.501200223279","22.9934856247938","22.5722525422506","22.4572001454064","22.3929290494442","22.3254188260817","22.3511283233596","22.4163226622205","22.4573333412344","22.4526561983721","22.3933808829188","22.3131514262999","22.2647153045603","22.2156206400823","22.1652541679088","22.1412793084987","22.1229936023157","22.0026623838262","21.769960468876","",
"Argentina","ARG","Age dependency ratio (% of working-age population)","SP.POP.DPND","57.4596515380821","57.5425154277645","57.5454430590788","57.4958259943449","57.4331658776972","57.3274461491482","57.158750271918","56.9916067996698","56.8680946746556","56.8090614593154","56.840614737403","56.9725645615859","57.1902082085568","57.5076504015073","57.9132089064774","58.3864821235626","58.9675879453518","59.6529069513677","60.3878298432888","61.1212136531302","61.8360931237676","62.5270329198226","63.1125476534823","63.5288357430349","63.8090883783565","64.0091845105698","64.1501961418179","64.2246109226988","64.2417825960992","64.1902648259784","64.0659888263892","63.909043570366","63.7003214972916","63.4247592212681","63.1273809200644","62.7992211452248","62.4265471122743","62.0324271385077","61.6256924207643","61.2236911618814","60.8399424011737","60.442088771688","60.0100181534326","59.5157720560259","58.9908808603745","58.4885317167095","58.0003526705021","57.5050434620378","57.0741876732807","56.735685768345","56.452142111234","56.2739537637124","56.1467747951315","56.0487044709811","56.0256427923844","56.0522891497333","56.0461721346243","55.9728015245357","55.8529254060554","55.5931801951266","55.0207968902513","54.2195244410156","53.3385463867822","52.4243366823125","51.5609570038159","",
"Armenia","ARM","Age dependency ratio (% of working-age population)","SP.POP.DPND","75.988581594573","79.0425163322499","80.9256263211586","81.7520667878334","81.9830955256447","81.8584981007435","81.3720146605331","80.5835507646749","79.541476304022","78.2010736040721","76.51698051323","74.4778298337747","72.1392167471562","69.6032388141969","66.9488044257098","64.275574092735","61.8149893459853","59.8247584516544","58.2484612726029","56.8419974689271","55.6549481077707","54.8073566537288","54.2728147962453","54.054508049934","54.0877702111514","54.2115957465929","54.3557514827273","54.5646327968531","54.8419655474463","54.6633485910906","54.7782354435487","55.6070325851032","58.0371569902749","61.4842213799892","63.7380996295148","64.6941692969785","64.5626640928773","64.1123326604617","61.8430046181047","58.1037949459291","54.813388611356","52.4889483731996","51.0703531395798","50.0136226039065","48.9919306433595","47.8193074702708","46.4862231466127","45.1305540220802","44.0261431322025","43.2941291937252","42.9172236658305","42.8588952887091","43.1066653605776","43.5955735295585","44.220347328995","45.0074829961521","45.9130890185114","46.8188831337656","47.4127303230816","47.8107543362811","48.1754870679756","48.4759951441955","48.7601980797249","48.7129653645231","49.1198808417762","",
"American Samoa","ASM","Age dependency ratio (% of working-age population)","SP.POP.DPND","107.492528084098","105.427435387674","103.477596254896","102.209334438001","101.555693839452","101.341935483871","101.233950308488","101.075616659927","100.665883274579","99.8106060606061","98.1959518920505","96.0341758632965","93.9517805182209","92.0702465383316","90.249044669917","88.2285128730626","85.9998758303843","83.6733465727869","81.3492063492064","78.9977349943375","77.2011374822268","76.1130630866852","75.2283907238229","74.4049622541713","73.628653083802","72.9226551098925","72.3272310240836","71.8416860678838","71.4021850192565","70.9837306091563","71.0367083501412","71.5893209102312","72.1416786604416","72.5930768701397","72.958288336933","73.2514240296728","73.4291193966778","73.4367023991832","73.219596180936","72.7465372685114","72.1969834635653","71.6757439894081","71.1209740298686","70.518691448924","69.803652012791","68.9081145584726","67.8297112235784","66.6211360869436","65.4113952179195","64.3520985023383","63.0731980984439","61.5414042728503","60.3372175141243","59.578051591171","59.0853640393942","58.6831917894547","58.2654266759565","57.8470671032098","57.4556926788531","57.1339154383","56.3403292698253","55.1793707836832","54.2501595405233","53.9939725849833","53.9689856122214","",
"Antigua and Barbuda","ATG","Age dependency ratio (% of working-age population)","SP.POP.DPND","78.3265450113851","78.3564668769716","78.7616137681611","79.3964266979356","81.6279427604247","85.0469019995063","88.0442166368184","90.8313788421183","93.2584615384615","95.1174024703436","94.4698933156531","91.6646926447945","88.7204649668507","85.6083770841747","82.3427270139482","78.9482536300947","75.6964536661982","72.8335588633288","70.245912534893","67.9900679560899","65.9413020551997","63.9121948746546","62.0597358415049","60.4759786476868","59.6348784568448","59.8693166349033","60.5390014236831","61.14863162139","61.8123553498309","62.5927542557835","63.3241829388305","62.9067077872012","61.4094884839979","60.0673597891346","59.0174854288093","58.1267537045196","57.375714963941","56.6389629858248","55.781683626272","54.8429814604616","54.1272323265575","53.4690419028789","52.5567394145839","51.5419787917113","50.4654318863849","49.2426514697061","48.0901725183266","47.099596716117","46.2576513962144","45.5499645518839","44.7352796485097","43.8770748616759","43.0773266872172","42.3716756931533","41.8515085655842","41.382691060896","41.0194517155441","40.8522629964658","40.6810867681644","40.6075902613192","40.7838869387943","41.0892979909862","41.4482905722469","41.7566725911073","42.0142359533545","",
"Australia","AUS","Age dependency ratio (% of working-age population)","SP.POP.DPND","63.2222379817799","63.2465399843496","62.9147980702587","62.5192110323087","62.1427527039159","61.6947564213605","61.2036688189545","60.6213469159721","59.9961629698613","59.5133042654818","59.1444095229612","58.7879631433217","58.4387607797154","57.9794312669632","57.3649924069642","56.6920349957976","55.9692902880469","55.2251952209624","54.5477873716232","53.9751887134935","53.5227205162343","53.1270550791218","52.7001715938254","52.2039480254237","51.6528322662871","51.0763595144409","50.5057401022417","50.0137894953746","49.6764812795347","49.4876259242506","49.4681242875355","49.6170680136445","49.811919085308","49.9860771260875","50.0950366169999","50.109195672058","50.0490001668879","49.9340260684314","49.7980120889248","49.6367192474489","49.4598371499961","49.286835461901","49.0739278664306","48.8445617344122","48.6497650677502","48.4752997933678","48.3296763998251","48.2183232721235","48.1253903251165","48.1482571709664","48.3638611109409","48.7682383229883","49.3289726898378","49.9243673123919","50.4910608998852","51.0633010294012","51.6034455745862","52.0424214921712","52.4455151692804","52.9197584315896","53.6061246381616","54.2558157593525","54.5847718434653","54.8330501591457","55.211692188952","",
"Austria","AUT","Age dependency ratio (% of working-age population)","SP.POP.DPND","52.1229971572206","53.4733521856902","54.4818799915066","55.3032605016409","56.3857995011277","57.5516861278075","58.697427074508","59.8295064804957","60.89409729756","61.832378498313","62.4252704446403","62.666125637827","62.592277375343","62.2429436831327","61.9031913667403","61.5360809383067","60.7218576755347","59.6311060491015","58.471015453968","57.2297462222411","55.7948257381617","54.0227333129563","52.1419397397284","50.2778046063219","48.8302310604152","48.1062333955257","47.8156085814275","47.7625962533165","47.8903835884214","48.0160355911332","48.0917909291909","48.2285247680827","48.4171903074154","48.6512460320535","48.9373545320685","49.1627810262895","49.1944566289136","49.0458626050382","48.814859865565","48.4964969480677","48.1071501989905","47.6678889861432","47.2188927886777","46.8524301443133","46.9768541067","47.5504023020352","48.0318641277387","48.2157973934847","48.2132469576325","48.254000464131","48.1046425720335","47.8895152059342","48.0162294769948","48.309248026685","48.5645070083682","48.7326907012931","48.9558627535325","49.3109345699699","49.6838960625127","50.0670998710729","50.5184076844052","51.1110949880295","51.8277987141945","52.5940837665189","53.4552149204625","",
"Azerbaijan","AZE","Age dependency ratio (% of working-age population)","SP.POP.DPND","81.8006975134221","87.0610543019314","91.3350556540963","94.4315383437986","96.6722665695544","98.1780949447507","99.0686185593861","99.2733451280719","98.7643952055545","97.6243939013685","95.899705774516","93.656204316416","90.9297015215023","87.7916138272382","84.3745499069739","80.8091048931491","76.8238689282748","72.6342354093862","68.4335679393564","65.2719107167454","63.3775460032238","61.7779065802403","60.6307134625797","59.8920423029028","59.3446824533431","58.8947368671808","58.5393297104292","58.2885083097812","58.4666498837617","59.5157643696168","60.7608042252363","61.6403223780662","62.2755975821056","62.8456271137093","63.0401091319686","62.7881655671631","62.1572070772658","61.1585362468694","59.776051037878","57.9315133943277","55.931513815901","53.8473400300442","51.7884755585068","49.8064583738137","48.0296012903785","46.4150522686018","44.8703115705014","43.3860991042067","41.8635190360907","40.3857954835192","39.274311233566","38.7078975091925","38.81041962457","39.5493100261129","40.4458230491559","41.3385630702997","42.2694499411257","42.9697743409433","43.1245500256305","43.2140002863056","43.4171493479948","43.4555527993272","43.5216840131791","43.5853062725148","43.6108909062656","",
"Burundi","BDI","Age dependency ratio (% of working-age population)","SP.POP.DPND","93.4407048310176","93.6425747166004","93.9474277451636","94.8695386856429","94.9211997188119","94.4184713722694","93.6911749038605","93.0308217475696","92.727917499065","92.8297878397319","92.9995123668576","92.8879259779068","95.1574395947861","97.1880442200082","96.3396415662683","96.0557109335625","96.3078147420451","96.1619806565125","95.7445772480486","96.2525310483828","94.5854218046167","93.5845119298315","95.0319124116784","96.1580416373971","97.5923364191354","99.3056429869467","101.293448346635","102.464042654979","103.653893746593","105.204185760269","106.303555537503","107.055190449086","106.508077507411","115.542047998445","116.025869324072","106.905811273288","108.880860090737","110.135451613272","107.673689139362","104.675875834493","102.683867443087","100.486259710613","98.4196517721056","96.4236779759572","94.2244022756485","92.7130065629574","91.9058450723641","91.4102334997001","90.6439922277766","89.8539543509212","90.0088940874077","91.008769559132","92.1563928504512","93.3838719525298","94.622070654264","97.1104592056118","99.9434296067735","101.067653404408","100.4896672849","98.9997673122223","97.5964620984537","96.0054320138089","94.079560239112","91.846666183644","89.5041466801602","",
"Belgium","BEL","Age dependency ratio (% of working-age population)","SP.POP.DPND","55.4561638056652","56.1205759358107","56.5456513342473","56.8585701776277","57.2885808155528","57.7915048026895","58.2519745356652","58.6136252228514","58.7426256419634","58.7513063284723","58.7159875197644","58.6240134335383","58.4466602675271","58.0877550195765","57.506967595443","56.7898264108637","56.0010067219665","55.2803996516033","54.6107858386783","53.8951234894706","53.0616151415347","52.0028757106214","50.7909472534053","49.5505602121245","48.648779911707","48.28697642404","48.2146442664461","48.2764137604475","48.5089877092706","48.8733043387595","49.3650466113017","49.9079902741352","50.3450623087789","50.6682864290023","50.9276612379211","51.2189562339941","51.525845200322","51.8219915446386","52.0877806515219","52.2922497210349","52.4658001418577","52.5494560740193","52.5280654232509","52.4831390432658","52.4646246048715","52.3334222062245","51.9611319103656","51.562632608567","51.4173676865474","51.4944379968229","51.6473697242393","52.0418059511966","52.6045148789969","53.1602786566966","53.7527116455187","54.2185860669473","54.6532925416515","55.1767824380792","55.6547268372572","56.0563384873172","56.3096171847589","56.5798437606637","56.9781655092647","57.321807211007","57.6148666582755","",
"Benin","BEN","Age dependency ratio (% of working-age population)","SP.POP.DPND","82.27261043188","83.1067056745276","84.1377657532571","85.2079804858161","86.3720420191293","87.625100430704","88.8433273479291","90.0255307890733","91.1594230279372","92.247202106227","93.2794851357282","94.2431608644491","95.1242999648386","95.899500809313","96.5513532723566","97.0828885906777","97.4530418211629","97.6758155514128","97.8095906880739","97.9219513712156","98.0866307391616","98.3067618545331","98.5415308337692","98.7367910647405","98.893779342723","99.0178944593968","99.1012927858987","99.1504103498172","99.1763240684827","99.128666261799","99.0034902521248","98.8392926241274","98.6215606190886","96.4993400063239","95.6095155345189","96.8770749203547","97.0615837296028","96.6363688769587","95.9996893792232","95.2999618202775","94.5561020344605","93.796458949283","93.0421170627939","92.329888698524","91.7058736179667","90.9728456484841","90.4640703836321","90.2147219975119","89.8184844413472","89.2022244846513","88.5466956692596","88.0623986546347","87.6622199954373","87.3352984395774","87.0172121898555","86.6908725796141","86.3703118821361","85.9975863127993","85.5069960528249","84.8779371019408","84.1388233696318","83.3042640253888","82.425708214612","81.5677814531873","80.7358613009806","",
"Burkina Faso","BFA","Age dependency ratio (% of working-age population)","SP.POP.DPND","73.8969461732004","74.0477625592742","74.3978883686932","75.2602867901537","76.5381009557223","77.814866398147","79.0465359452995","80.2458574248929","81.401405107693","82.5142252549422","83.5668475950938","84.6139988408257","85.6554249522772","86.6691000463205","87.6491250582422","88.6098711116429","89.5467695507653","90.4172528901434","91.3197084131226","92.2838062841082","93.2161746601218","94.1314970749518","95.0258840758997","95.8205950136237","96.5883981254401","97.4360012172028","98.3804056591902","99.3528483019281","100.219453711907","100.926437268301","101.479283237569","102.022280306948","102.440740623165","102.509824226555","102.279586976963","101.888790450271","101.487948190692","101.019619695697","100.223296350024","99.139693892403","97.9986202992008","96.8442325845301","95.7119730986067","94.71290093904","93.8640845179637","93.1659483550468","92.7395482180547","92.6493876136664","92.833215335669","93.111611158682","93.3703597802034","93.5370109902721","93.528565666474","93.380718437297","93.0770765719936","92.6016404511831","91.9492118557294","91.1388757797584","90.1476828833865","88.9000632341781","87.320571617249","85.5143844798844","83.6984976476855","81.8908186351026","80.0303169928442","",
"Bangladesh","BGD","Age dependency ratio (% of working-age population)","SP.POP.DPND","81.8521844913725","82.4439922673821","83.1791268539365","84.177851747402","85.4267519317845","86.5174973455846","87.4053826994355","88.2554420914752","89.0204296272206","89.8048773952439","90.3368937045133","90.5659432374184","91.1029739650122","91.7058318260676","92.1575287721254","92.4623139801805","92.5308826937426","92.6020984613785","92.7183786870837","92.9139846796321","93.1831544484013","93.3943494726898","93.3776849071035","93.1155898082048","92.6993942974159","92.1455045426735","91.3721698738457","90.2459848600441","88.8599251003886","87.4129537467084","85.9247940838611","84.324547486233","82.6662303344695","80.9683342071102","79.1811023453225","77.3180471753385","75.3994031467334","73.5489308582297","71.8615027523664","70.313705784649","68.8735107703625","67.829792240324","67.1451832030454","66.5127410987043","65.873127608104","65.1910648619481","64.524039740509","63.9122837398699","63.3356883947747","62.7031938906288","61.9686828582303","61.0979549461299","60.0398362395264","58.8576060722821","57.6363999788042","56.4576539922494","55.3718768318608","54.6436395397794","54.3273751721014","54.1751879343991","54.0679893713504","53.9605921368888","53.6222137721463","53.0958193080833","52.6423780619832","",
"Bulgaria","BGR","Age dependency ratio (% of working-age population)","SP.POP.DPND","50.4537685084502","50.2213098167225","49.8311233109293","49.3536843642737","48.7667252831318","48.2899287449223","48.0096884917616","47.7401877227154","47.6505776374472","47.8074679628502","47.9868851590294","48.1435363918861","48.2996773312214","48.5440098420906","48.9776475465344","49.5532562365004","50.0619104394862","50.546154501192","50.6668531049669","50.8963055286279","51.4833651034276","51.3776616094038","50.6225509463129","49.6920589710294","49.1190743603385","49.2032930620042","49.5516291350662","49.9273539039715","50.2108466881834","50.3078128137772","50.3478597524119","50.296122343378","50.0909667359813","49.8586018171276","49.5739486357535","49.2469180561765","48.893866167198","48.4910913219886","48.1202307484903","47.8773643949492","47.6182113313473","47.1201047475104","46.546184753975","45.9458054217853","45.3660504870331","44.9424750943672","44.7386390684655","44.7751193693499","45.0373435453245","45.5120491818659","46.2076375688598","47.1333798260468","48.1663471826867","49.3086554346026","50.5579218085755","51.7845407318803","52.9074899638477","53.9436319509152","54.9714988000953","55.9246760959011","56.5399504860587","56.7066350040951","56.8295907451296","57.1601451805102","57.4922255368163","",
"Bahrain","BHR","Age dependency ratio (% of working-age population)","SP.POP.DPND","83.0891790219075","83.619220115065","84.4726502232005","85.784870400255","87.6270595752096","89.8158210563121","92.07163018833","94.1929517575274","95.219573846948","94.5339279468346","92.5550958878297","89.4024839723857","85.4220595218037","81.1962415192892","77.0585989943928","73.1854062085369","69.7128368753917","66.6918887811324","64.08371097306","61.8316834015766","59.8818850294174","58.4288725733457","57.3965387509406","56.5013279175129","55.7586967614131","55.2219264645415","54.9060919608054","54.7954917895723","54.8850778733759","55.1548032046322","55.4873960239938","55.6703965935535","55.358888664948","54.5250807269506","53.4964640597331","52.4550855733716","51.4106880864673","50.3047605926311","49.1687526974536","48.0812291198191","47.0621341218694","45.2592550289281","42.433353980119","39.5288058445742","37.0133995994757","34.9290228362629","33.1961279227803","31.7395972371692","30.4973462881146","29.3488628892131","29.0860280017862","29.2195701115271","28.4944025151217","28.559733768845","29.7957527310642","30.0347975111287","29.2420004774886","28.8517118099219","29.2252286021823","30.0473734261812","30.1633978549003","29.4587458973084","29.162123903701","29.2488272145239","29.1492189691124","",
"Bahamas, The","BHS","Age dependency ratio (% of working-age population)","SP.POP.DPND","81.2440593982268","80.4844546193043","79.9243856332703","79.4722927101463","79.2254992591842","79.1121387843057","78.9428076256499","78.6569924911369","78.2268373954775","77.7455983541889","77.269024733831","76.8537222706129","76.5354727752415","76.1549663993824","75.5119833156689","74.5015713596834","73.115103384824","71.4213082825565","69.5069200875711","67.4561422817019","65.3793358510964","63.3950459564536","61.5180135731115","59.7182877955171","58.0263141184389","56.4668652731251","55.0767748539772","53.9206468597217","53.0017743630381","52.3112524011188","51.8757017370055","51.6385694454197","51.6838017633765","51.9403374273123","52.1664382964092","52.3712767946949","52.5634128359934","52.7143320267602","52.8056787072704","52.8112987435216","52.6899465311242","52.4953367972053","52.2345304387346","51.8631137415668","51.4299211615853","50.9986959213513","50.5308277629185","49.8494435773902","49.0750453735618","48.54164619567","48.0810767246937","47.5546487673016","47.0910394377564","46.6782269426683","46.3160634254812","45.9533368684191","45.5428202800927","45.1063165639795","44.6775197739489","44.2462318904142","43.8089875395067","43.3284637748239","42.8637655742948","42.5030859572889","42.2242936331287","",
"Bosnia and Herzegovina","BIH","Age dependency ratio (% of working-age population)","SP.POP.DPND","71.3267957203035","72.3427671337239","72.7512385247614","72.6827477467816","72.432862462216","72.0878224925351","71.5519039534896","70.7064882700172","69.4517273906325","67.8786760016313","66.2027417920447","64.5731628288763","63.0239922391133","61.5116728365055","60.0276489319255","58.5880030727925","57.2051573758058","55.8708740496003","54.5581745775482","53.2345099330668","51.9005395065716","50.437879625708","48.987011153466","47.8452923593922","47.0279920741435","46.4684784388111","46.0764178532691","45.780666515692","45.5413335496142","45.3543312249116","45.2515294396522","45.2824316935083","47.3134341857994","50.4988898996284","52.2476003732004","51.7620927654576","49.2110796536367","47.2848051573894","46.2174141257539","45.3733337416157","44.6051488524289","43.9829443434668","43.5314406704437","43.3111579761834","43.4069313452312","43.5749208785894","43.508435103423","43.4597776090615","43.603660497447","43.8935442499965","44.2789557480719","44.6457515662745","44.9181494324675","45.1363153299881","45.4739107599981","46.0547616991884","46.8155055302009","47.7135237832645","48.7981270859519","49.9919523868234","51.07123773277","51.882555145011","52.6245907931921","53.5210215348666","54.4832427940866","",
"Belarus","BLR","Age dependency ratio (% of working-age population)","SP.POP.DPND","61.5252968948446","62.7194028229928","62.8602499980988","62.7147758370313","62.3218343789525","62.0545241073543","61.8889441146412","61.5552290568335","61.4193249148527","61.0488236375705","60.0525198888272","58.6902157441021","57.3599026896156","56.0153202981142","54.7679647569073","53.8051798865451","52.9376012636731","52.1737955827945","51.5111907505808","50.8777641376275","50.2848445612409","49.5703894345068","48.8857403981567","48.6311303923708","48.6490114840736","48.6926080015264","48.7980148806905","49.0797704310132","49.6998915783034","50.3271722350295","50.8560481976729","51.3523505228416","51.7546417390139","52.0773931872809","52.1939644492264","52.1380876905489","51.7260618811785","51.0541836795024","49.938547597476","48.4850486294947","47.3611141053723","46.4101268689929","45.5515914477957","44.7678320797894","44.0220568024534","43.3371234549297","42.7725595063791","42.2146504270551","41.4849556930776","40.8605571950076","40.4368187756197","40.3467683870549","40.8631225663151","41.6902824364542","42.7175640732647","43.8491045346394","44.9447620155531","46.0096589692623","46.8866982731588","47.8095536382012","48.7665398549662","49.5726145295303","50.3005336051361","50.9143686597634","51.4320720058658","",
"Belize","BLZ","Age dependency ratio (% of working-age population)","SP.POP.DPND","96.387019075679","98.4485608918655","100.742010325439","103.255631975619","105.878300338392","108.424594799092","110.811550033212","112.922176084502","114.615528531338","115.543057483018","114.637961991787","112.456316390436","110.350761755327","108.369724634576","106.476917625077","104.583182966438","102.678544236333","100.763832459186","98.9372839789465","97.3767431493013","96.0959783710713","95.3149203182021","95.0230756446479","94.9946977730647","95.3626620443837","95.8825639799091","96.0372524013993","95.7589260211368","95.2518947837717","94.6561318088945","93.950822624559","92.9889184671578","91.6672520899612","90.0833861608231","88.3426355122505","86.5335063321211","84.6800962433481","82.8214462875928","81.0822764959911","79.5357902197023","78.1452985129837","76.8690673711645","75.671094886504","74.4784432009102","73.2803541019574","72.1061439452668","70.9215268335837","69.7071820354545","68.4748915065096","67.1952550059901","65.3662642390193","63.1652151371184","61.186677591941","59.3654806943233","57.6530335616562","56.037974628114","54.3992819917954","52.9365964003541","51.8971867784178","51.0387510716341","50.1056237949285","49.0639810873278","47.7523452432926","46.7004478384213","46.203569976303","",
"Bermuda","BMU","Age dependency ratio (% of working-age population)","SP.POP.DPND","64.0713674881443","63.7914007900334","62.9069082339078","62.0732797140304","61.2186056205926","60.2113151498785","58.997542997543","57.734947435489","56.7922356674029","56.1588799269518","55.4038341134731","54.6445999176906","54.0299291152534","53.2829598749349","52.3984603894985","51.3732976237962","49.8451140523796","48.0919846692218","46.6514793873854","45.4384868331657","44.6621566989192","44.139238141","43.6074144486692","43.2902584493042","43.0879759311132","42.9192610507899","42.8217315751814","42.2640269033351","41.3517151974471","40.6563915698247","40.1860736988236","40.3689268682369","41.0456411494808","41.6809192301207","42.3093566689105","42.9195678271308","43.4787823542111","43.5246136233543","43.1201321689875","42.7763892457546","42.8737233054782","43.3699480904709","43.8116176810923","44.1984097633136","44.5399510143722","44.7511771766227","44.8946179034266","44.4520861989913","43.5634582237141","42.8972866038711","43.0575822202267","43.9187968566525","44.7279259612979","45.2621958185765","45.5084745762712","45.7970548370052","46.428653850592","47.2496931236538","48.0150264353956","48.9232699142797","49.9499243041807","51.0067270858638","52.1358082706767","53.3515050959943","54.6796850695192","",
"Bolivia","BOL","Age dependency ratio (% of working-age population)","SP.POP.DPND","84.030370812208","83.5329236615565","83.0657144226621","82.8274407816777","82.8763844725424","82.9692169063044","83.014519836106","83.0962683972897","83.1961605535108","83.2828800706958","83.3346381085978","83.3523546606548","83.3281019096606","83.2643538477788","83.1814017340408","83.0701241446548","82.9759327202222","82.9028329178278","82.7975840969656","82.6501689989166","82.4755765555212","82.2754915511859","82.0217606246599","81.7116365826371","81.3915292245161","81.078923988544","80.7726029241528","80.4975428981395","80.2483577127379","80.0080699533464","79.7792012465788","79.5376841544555","79.2370827890731","78.9458263063665","78.6894173423028","78.4018209288559","78.0888057888981","77.7325293203476","77.3202890825747","76.8613252067245","76.3336649111143","75.682735506341","74.8379179638206","73.8265836537673","72.7282553866109","71.5807768757071","70.4318320212529","69.3299621042665","68.2874899484743","67.2985565884859","66.3579351859945","65.4432668246454","64.5576422442095","63.667311881399","62.727121369388","61.8121001966183","60.9743711428497","60.1913809522196","59.4399552784395","58.713758032825","57.9125889872922","57.0117014045263","56.1953486531378","55.5037371721243","54.8659781441531","",
"Brazil","BRA","Age dependency ratio (% of working-age population)","SP.POP.DPND","87.6665360044425","88.301521617607","88.7857974338502","89.0231310054344","88.9060094914562","88.5035325078341","87.9228724235706","87.1287521276382","86.1457321463522","85.0319389962279","83.8511390972451","82.6369629059398","81.399967461076","80.1484560142586","78.8735855151743","77.6055262375431","76.3847954363417","75.2157997223471","74.1122902169194","73.1089170258223","72.2351137984829","71.4984823331547","70.8941151195577","70.3808117213318","69.8826542101037","69.3438451227219","68.7529246476102","68.0881638344506","67.3311883032781","66.5069630207701","65.5936848281802","64.5785829304948","63.4594433992393","62.2792179837673","61.0835822645126","59.8683636570242","58.6481917241943","57.440167947103","56.2482765408734","55.0763984272951","53.9320341342569","52.8183017276819","51.7532497132855","50.7500013938033","49.832060271032","49.0129699418087","48.2684711339596","47.5826124507755","46.9295922668047","46.3061674570182","45.7187256688073","45.1609994407706","44.6429009356262","44.1751173479507","43.8183703322034","43.5935934449924","43.4398109123601","43.3713300884192","43.4316522323209","43.5397483001089","43.586067027448","43.6404698393342","43.7902629940777","44.0290947589819","44.3299763860952","",
"Barbados","BRB","Age dependency ratio (% of working-age population)","SP.POP.DPND","71.6990392337666","71.6557578613342","71.4810602746916","71.5448328651584","71.7752500125275","72.1124900602068","72.4595241447276","72.4797219003476","72.1906609394485","71.781557743957","71.0820396375136","70.4663779597589","69.8700415050691","68.9732218194582","67.8426096966776","66.069409641183","64.253145373068","62.601210977635","60.5149475161918","58.3261921564674","56.5118912797282","55.1317213558321","54.3337479877067","54.0023525417152","53.8458288824917","53.9211321163404","53.9825026702029","53.956352364596","54.0078867180498","54.2050770398074","53.8967879397463","53.1163663840941","52.5272947836636","52.0826171818102","51.7464589399441","51.4886458236981","51.2037079739888","50.8485489582854","50.4324897538047","50.0294324396921","49.6163420036996","49.2212688285768","49.0029727488619","48.7596690958346","48.3488916761941","47.8220447143737","47.2178753891703","46.7341684515696","46.6417168083539","46.8544917846601","47.0095284893285","47.0386206676216","47.0852541904782","47.1514727548306","47.2307000608289","47.2880085313962","47.3018181051877","47.4374694122414","47.7558518393751","48.226277449213","48.8811373606046","49.6166083359847","50.2051022851214","50.5580529737051","51.0381409176706","",
"Brunei Darussalam","BRN","Age dependency ratio (% of working-age population)","SP.POP.DPND","91.4386010531106","95.4370695846888","98.5812544913253","100.009885916523","100.054772787368","99.0446260213702","96.9088808075315","94.4704237574121","91.9230008971064","89.3352538710839","86.8456709896856","84.9426751592357","83.8077509759818","82.6179087461895","80.8827537176373","78.7807498727591","76.5536814615775","74.399868125528","72.6771855684354","71.355576450029","70.1701610174916","69.051875203635","67.48508257408","65.5872409944519","63.908033515573","62.4293282286427","61.1032079095242","60.191248595775","59.6437517394935","59.1690728264357","58.7538088427337","58.6740304784463","58.5171565027875","57.8812061791028","57.0283610716516","55.9703051435733","54.7660680651907","53.5109725748473","52.2551810188525","50.9325457767277","49.4909712077012","47.9935003529521","46.5104056726101","45.0618937219093","43.6711746553872","42.3524185743975","41.0981748675744","40.4768758759138","40.4613983232019","40.454620085743","40.4089170105325","40.2019187901723","39.7950425529715","39.3225002032906","38.843209243132","38.3778628456063","38.0062295240708","37.7404970830031","37.5528221562436","37.4287523749208","37.387149472443","37.4799511828422","37.7100640209512","37.998646921747","38.2994748624391","",
"Bhutan","BTN","Age dependency ratio (% of working-age population)","SP.POP.DPND","80.7901764463843","80.2817562073926","79.6747291299647","79.2828830937093","79.0716110902695","78.9028842268204","78.8901412185905","78.9256198347107","79.0095555045046","79.1268725748129","79.2917288951134","79.515572101812","79.7893246958273","80.1101623445077","80.4649215942503","80.8465090524359","81.2491918993597","81.6608531087074","82.0596797671033","82.4596300326442","82.8662565504671","83.2614478045587","83.6332449216206","83.9497611342271","84.1921521428732","84.367305049157","84.4795192422718","84.5282310370724","84.5014856552286","84.3945799109511","84.2880999737306","84.1313697860544","83.7668492331571","83.1746534967356","82.4105295361912","81.4277484588236","80.2326536108274","78.8408413599275","77.2082804292081","75.4277454906802","73.4829834295896","71.2836303063954","68.8778601179207","66.3003338201544","63.5658719822189","61.0733763436673","59.0913187428257","57.3237111872517","55.6333828414644","54.1046110118023","52.7571672414394","51.5889144608205","50.6230470718678","49.8361719182554","49.111096196049","48.341365124002","47.5487362412969","46.3188256242944","44.6530941741602","43.0441182246478","41.6259265390204","40.4434390615407","39.4402135580812","38.5621629050646","37.7478603176371","",
"Botswana","BWA","Age dependency ratio (% of working-age population)","SP.POP.DPND","97.4519247321289","99.5042078094828","101.507052183547","103.496459747104","104.858963088377","106.00894063832","107.629457163799","109.351260576881","111.082475158411","112.6846746321","114.118351136178","114.526454931942","113.036349945235","110.253435429396","107.509990312424","105.126014766977","102.902396550294","100.887136891931","98.3322823980009","96.1598618220262","96.3426280802724","96.9139198414938","96.773885375155","96.8984092089711","96.8876897500886","96.7616909707912","96.6305250139767","96.4235872235872","95.9092156026367","94.9699396644478","93.6710062401455","92.1511540482986","90.3585690343672","88.256278236155","85.8739310825967","83.3348826968711","80.7658267327315","78.2366749829893","75.8612764588265","73.6554107719431","71.6009370939856","69.7041027191231","67.925040398917","66.2907711757269","64.8654270372053","63.6537247053591","62.6397653218019","61.7737877982468","61.0149548036454","60.3740690970846","59.9329624056128","59.8050466228042","60.1882344718716","60.7392551132963","61.0233976005616","61.060087047929","60.8365779757749","60.3922725741764","59.77944968053","59.0212359437936","58.1395379926207","57.3675236302824","56.9942392169505","56.8649822627192","56.655146530662","",
"Central African Republic","CAF","Age dependency ratio (% of working-age population)","SP.POP.DPND","81.3219762007217","82.1691464122893","83.0679295606653","84.0712942526436","84.8293004932246","85.0344922043972","85.0266048780111","85.0764022498683","85.1989474199504","85.3873541717498","85.6968195677502","86.1767794794753","86.7645687924787","87.3531206470645","87.8663325477067","88.3009897960595","88.364630311216","88.125617392104","87.9398394883692","87.8090414803462","87.7242816323091","87.6688689067676","87.6151374615959","87.544134679418","87.5081212322957","87.5602682016098","87.720277148898","88.0383156014129","88.571803774403","89.403298130506","90.4913198371222","91.5223070648626","92.2112744204752","92.5609604394371","92.6660496692756","92.8956415378171","93.0671533478341","92.8946264561177","92.5646055953044","92.0769203829332","91.4612913472661","91.1713607329455","90.7202050560367","90.082076840081","89.7765359841293","89.4839039752304","89.6444106919827","90.1127742517039","90.4294178705168","90.8764209167031","91.5910478718142","92.9822017540374","95.3176865088711","97.9595630955148","101.4546167589","103.91701516784","104.212210458458","104.593668985404","104.958245074818","104.954476234215","104.549331492918","105.023375496256","105.587559345916","105.177562449203","104.726849849797","",
"Canada","CAN","Age dependency ratio (% of working-age population)","SP.POP.DPND","70.5602758928332","71.043595287506","71.1659793298724","70.931258939662","70.3548078534404","69.4624789334491","68.2179785481802","66.6843406063514","65.0624323346674","63.4430093910558","61.5460787007586","59.555529304464","57.8152020930783","56.1510130997497","54.5118008480547","52.9912565375667","51.6301440866734","50.4030086886427","49.2654517983771","48.2388117003922","47.3985568982632","46.8100121695388","46.4572248212022","46.2486330152812","46.1281512758496","46.0496330266674","46.0480870253823","46.2099123269083","46.4393108214108","46.6682955508555","46.9604608753888","47.3117698227704","47.6541983447229","47.8733970605816","47.9228535685981","47.8659553983646","47.7466285226035","47.5699325112839","47.3120936453039","46.9443442837685","46.505468173978","46.0490993934186","45.6162132930749","45.224975652383","44.8239663324754","44.4124530492161","44.1056701402663","43.9728341323754","43.979810181512","44.0683296307463","44.2426034732426","44.6166392924826","45.2394993555654","45.9856719197967","46.7656650331144","47.58596316024","48.3895082605836","49.0981143135691","49.733479510056","50.4105729188803","51.1983504754589","52.0342485398259","52.6453169336305","53.0518455100351","53.6355843539122","",
"Central Europe and the Baltics","CEB","Age dependency ratio (% of working-age population)","SP.POP.DPND","56.9327339752356","57.1035679852367","56.7757716999466","56.2165468750879","55.5578945263447","54.8253758789865","54.0327198262234","53.390920713346","52.925640669278","52.4160006994753","51.8139975830784","51.3019900726807","51.0690196535412","51.0541931294242","51.3225972766917","51.8406918820241","52.471985950204","53.1993641638689","53.8200068536917","54.3572992975735","54.6898689693071","54.6035406339262","53.9986448039571","53.0135420696556","52.4154054212631","52.3127589826363","52.3393703028638","52.4009348314913","52.436945063537","52.2616148472473","51.8722227951551","51.4336049286732","50.9523024103376","50.4627715817845","49.9593421073703","49.451010024666","48.9407505281974","48.4126370222725","47.8555739389337","47.2420661704617","46.5741027984068","45.8711490622475","45.2052008794544","44.5772119457218","44.0263053612726","43.5993987559494","43.2923261886801","43.1045647130821","43.0703663192318","43.1301349225373","43.378368145454","43.9018590436919","44.5391821783772","45.2684287063652","46.1683874948548","47.1970122010848","48.3136319496575","49.5083912668037","50.7192465068428","51.9320838939649","53.0479930484649","53.8417678775833","54.3056472950793","54.6939636301782","55.1122217872311","",
"Switzerland","CHE","Age dependency ratio (% of working-age population)","SP.POP.DPND","52.1115006652239","52.1612788695986","52.3924407135833","52.4048902352137","52.5621338778165","52.9921712788757","53.4573265346765","53.7298004314441","53.7918784530667","53.7775108058476","54.1335989308933","54.594621358315","54.5521374682149","54.3216618552373","54.0839610540606","53.8617935515568","53.5455789499073","53.0513912890074","52.3934311373483","51.5527233966837","50.5813054382338","49.527607454361","48.5098267112833","47.6243461141732","46.9079135811253","46.4430492023152","46.2003689106257","46.0575803437575","46.0523214602162","46.1579326965363","46.3560699839598","46.5639164074309","46.8675922573368","47.2851884692287","47.6193933750003","47.8956647482017","48.1558376041821","48.3626836062002","48.4866685740898","48.5694451867612","48.6031705319246","48.271524930836","47.7998877615904","47.5052146372425","47.2553419635852","47.0425562749948","46.8901179998901","46.7847522727374","46.7146643011247","46.8040975616414","47.0257982982014","47.3210679942274","47.6553103474253","47.9964075495613","48.352481328327","48.6938829442498","49.0641186682788","49.5416264215968","50.0937300468879","50.6327775355631","51.065235905893","51.5313032476218","52.1817146235677","52.9575219043034","53.7748649242138","",
"Channel Islands","CHI","Age dependency ratio (% of working-age population)","SP.POP.DPND","52.9631010063362","53.1637938121729","53.019670532134","52.8991326694507","52.8827327088956","52.9976960938318","53.1918754617688","53.4272252249939","53.7804427809393","54.2415510224716","54.8287034711408","55.3836749460447","55.474651073667","55.0521839024271","54.2775458997805","53.1794176420211","52.3322345184836","51.9549735276203","51.5265618260454","50.8520324826524","50.0097735974888","49.0200090950432","47.8946838389151","46.7802801095794","45.8937041127932","45.2442708166555","44.779374578557","44.5039265107172","44.308126538727","44.1578287844983","44.1072795391371","44.3599467664629","44.8242392707406","45.2221643495332","45.5224404278568","45.7113621315784","45.8884133935999","46.04312953844","46.1344103135445","46.1755644274492","46.1227308602999","46.172126639956","46.3286047624162","46.4067500727379","46.4123725239063","46.2623696175448","45.9226736814216","45.5535458234539","45.3146775182563","45.2289847589367","45.2187605855588","45.6719630771476","46.6307916818679","47.5071575760891","48.1886895546854","48.7635949943117","49.3003425406311","49.9219911863726","50.4492096646205","50.7746363487411","51.0801501395061","51.2842846384859","51.4098408156613","51.6540958995786","52.05480690965","",
"Chile","CHL","Age dependency ratio (% of working-age population)","SP.POP.DPND","75.478962908663","75.7948280664366","75.9147317282423","75.8147061388122","75.5433341168324","75.1431780553591","74.6579970370776","74.1319328679602","73.5344021474771","72.8514858097186","72.0775970312452","71.1837032334681","70.1899413307016","69.1373707223974","68.0310643735184","66.8931828542697","65.7626504282766","64.6564221947268","63.5721457394094","62.5126114537223","61.4870183719889","60.4984822431797","59.5582269294415","58.6868570244777","57.9103660566004","57.246519942847","56.7040124915946","56.2765179751933","55.9685692634262","55.8048760128492","55.758930925981","55.8038852867552","55.8791176467947","55.9214375713972","55.9070685967897","55.8246897424621","55.6581899040762","55.3663024529412","54.9486879325149","54.4238261246833","53.8239099418384","53.1628122502133","52.4079963740217","51.5482417436611","50.6197973954189","49.6636024989372","48.7080013399686","47.848284266754","47.1414138519081","46.5631224830338","46.0720549966286","45.6658086015598","45.3921644620775","45.2602643872248","45.2518120502398","45.3254058695677","45.3579053946093","45.2413877408172","45.0787301205063","44.9884626222266","45.0108226842024","45.0389819118115","45.0486913334805","45.0908347497625","45.1405085154006","",
"China","CHN","Age dependency ratio (% of working-age population)","SP.POP.DPND","79.5326115914395","78.0499986658316","77.8864165852673","79.6945678232205","81.4529627050094","82.1605167753666","82.2988157309689","81.5471012567667","80.8319821949876","80.6284765918746","80.1831695798608","79.8351128568737","79.1204499176226","78.4685123883968","78.7119418618483","79.2010016538051","79.5414656212417","78.2814185991869","74.6563119459405","70.9756079339853","68.0451933856483","65.4586361367242","63.4951777116542","61.2720062469227","58.6920308415301","56.4680781561921","54.6968559879318","53.4915338467236","52.5510134574385","51.9302002251661","51.8441927552078","51.7499911893015","51.465824931156","51.2375248148208","50.8753644114418","50.3466668288526","49.647067613935","48.6758097133644","47.7933222416058","47.0320057938311","46.1167405203608","44.9693136545846","43.533674132168","42.0909788399502","40.6938368166364","39.2449238610193","38.2094413932748","37.7081137948543","37.4043264852973","37.2567349884096","37.2410832935716","37.3648666288389","37.7155563230657","38.2392971679035","38.8789249288739","39.6093613191235","40.4406557797685","41.5109449386089","42.5408726929072","43.3873633674887","44.0923748389161","44.4827701882176","44.7256128180315","44.7297141014082","44.2441142865473","",
"Cote d'Ivoire","CIV","Age dependency ratio (% of working-age population)","SP.POP.DPND","83.6639234560754","83.9825180076014","84.4694986613285","85.3155002902271","86.3285076596507","87.1951594647735","87.974830406081","88.7558438780069","89.5289674247034","90.2046921265862","90.6765047454483","90.9361496087762","91.0675661607282","91.2134387938326","91.4637594237564","91.7675718155908","92.8392233707885","94.5526480810314","95.9982553027274","97.2015150713565","98.2441243929301","99.1451505505552","99.91364243119","100.549780671684","101.087523196758","101.524871769911","101.818448917737","101.96136455213","101.875034018283","101.498008792843","100.904763639234","100.146466299338","99.2863301393416","98.4196002732468","97.5252796173148","96.6207011289742","95.7616841706005","94.967991058807","94.2918091592364","93.9889997358783","94.0530570943928","94.1992274296653","94.3405928674512","94.4757336739062","94.5771608416815","94.602228953393","94.5536018470982","94.4338025908473","92.4689494267156","89.0720069956318","86.2473375272542","83.9825652863118","82.1996919688689","80.7590729222478","80.4412739579991","80.9740668521161","81.3061920795773","81.458213233402","81.3702001736161","81.1143931066958","80.7556512847236","80.1393004625197","79.1970017771129","78.0774744464329","76.9295481519821","",
"Cameroon","CMR","Age dependency ratio (% of working-age population)","SP.POP.DPND","76.8549167807064","78.0590639864384","79.0306905731067","79.8315129232528","80.7350438759628","81.5618806705396","82.3081348356155","83.0627148621437","83.8410984376158","84.6540334527536","85.4811881529794","86.3158534225554","87.1561247423015","87.9822535269544","88.7953663981456","89.5955582507973","90.55594805557","91.6979893412342","92.6899976502748","93.6168737877857","93.9662153817267","94.0296622012707","95.6669992553596","97.5959515909702","98.2382568063166","98.5068262248558","98.7238843000021","98.9002969671909","99.0895143505134","99.2246120797047","99.222559129089","99.1518723262906","98.9806477701929","98.6382657534088","98.1446006548725","97.5161263926205","96.6876983865744","95.6843012772624","94.7328945868538","93.9339383924881","93.1737998393741","92.3489796620928","91.4731847916586","90.690352993929","90.065191250209","89.5663529097767","89.1418397265385","88.7066421775262","88.2882977861745","87.9434422605082","87.6499594084791","87.392383214259","87.1152204457813","86.7401055522928","86.0043368057403","85.203228431494","84.7287316499248","84.4529350203384","84.1226674765979","83.5806413466043","82.8843122656867","82.0893650357674","81.2295866622104","80.2951604071451","79.3304617054918","",
"Congo, Dem. Rep.","COD","Age dependency ratio (% of working-age population)","SP.POP.DPND","84.8443761757232","84.3852431756309","83.9906817351777","83.8086868973224","83.9128346989045","84.1877353762606","84.5365061004726","84.9036592789123","85.2789754989214","85.7142396223017","86.2212569870761","86.8777163457566","87.5998009520368","88.2255305630607","88.7946215935266","89.320382201643","89.8431706532287","90.3473498466124","90.0287749709076","89.2434788050197","89.051013575371","89.1471467034885","89.1269737718058","88.9370441801652","88.6269510239182","88.4717315153295","88.6345408950081","88.8714846626769","89.1005561575465","89.4050661070869","89.5352235810677","89.7306288325512","89.9424220747208","90.0052038826058","88.7095935203807","88.3689994976397","90.843537840876","93.5010048579661","94.4493566297955","94.4445930771514","94.6473469294319","94.8270858165083","95.0615717200852","95.3973786875898","95.6505334279953","95.7457601790788","95.8995825040623","96.2053869486565","96.5494225889886","96.8001418126445","96.7562259064296","96.5143943131704","96.4314424412382","96.4548749218671","96.4849666899081","96.5278187199625","96.1978936055849","95.7976313008213","95.9415387412016","96.3517973179656","96.6130206079494","96.7262299524834","96.7658121576433","96.6825341170883","96.4966566644987","",
"Congo, Rep.","COG","Age dependency ratio (% of working-age population)","SP.POP.DPND","86.058955271183","87.0352100286661","88.0861985357603","89.0106420089044","89.792875271204","90.4689818516118","91.0103826867085","91.5479750013482","92.0909065706786","92.6542660942743","93.226206490377","93.8098241772726","94.4180607999498","95.0039797275476","95.547626933477","96.1000126552528","96.5772814684593","96.8847897999869","96.9886387966725","96.8076525666095","96.3460442227735","95.7021592824023","95.0090949735725","94.2716265819317","93.6405974450826","93.2172140953142","92.8310842759975","92.3918196156523","91.9214059559469","91.3224367270487","90.5866764873066","89.8223168102279","89.1313421273095","88.3647029533727","87.6955408368681","87.2199066713061","86.7286456293139","86.9171182320213","86.8977389133058","86.0276568926018","83.7560154429168","81.8197778850689","81.6628896719978","81.1364892022644","80.0697541937361","78.9931160851947","77.9621361893274","77.2061445587355","77.0438293137991","76.4501262412903","75.9979206617281","76.5415853001405","77.4555224220299","78.6054716070157","79.5984131722154","80.4008710063393","80.9004117814953","81.0610405557625","81.0046582195242","80.7333447887284","80.2625856223405","79.6660972740506","78.9109830181274","77.9305853486992","76.7764848143794","",
"Colombia","COL","Age dependency ratio (% of working-age population)","SP.POP.DPND","98.5630139034235","99.1714966740823","99.6784147397274","100.118652855679","100.264139940234","100.044073651773","99.6397607314433","99.0110498020662","98.1181438582892","96.9873622712984","95.6334149358446","94.1302518127409","92.4665309259422","90.6271421179452","88.7201033992726","86.8105269761887","84.9629764865901","83.1196642791704","81.2355068031767","79.3895939855375","77.6092753490663","75.9547258188666","74.4502408058026","73.0293505733493","71.685837949904","70.4395287120899","69.3525179693009","68.4302785289163","67.590904419507","66.818919438081","66.0908402325226","65.4255987764101","64.7890903654239","64.1816097003728","63.5808974840773","62.8876585445745","62.0928928597323","61.2392739783547","60.392519422659","59.5845301350856","58.8133450075626","58.0417440141025","57.2531377173269","56.4598488466286","55.627862918277","54.7328219349991","53.7823960554323","52.7988866682066","51.8190453645652","50.8541482322295","49.928044960482","49.0726865317542","48.2742067097504","47.4997948976283","46.8044174276503","46.1958678527108","45.5697969538474","44.8394758378985","44.0866022098027","43.4989256841647","43.1205471111852","42.8816349346371","42.7752257754018","42.8026198463432","42.9603769785689","",
"Comoros","COM","Age dependency ratio (% of working-age population)","SP.POP.DPND","82.4423465574043","83.9258453465944","85.7078056392205","87.867165997383","90.2058937189384","92.0737318953886","93.5644922853577","95.1742416976904","96.6863430177429","97.9230692143239","98.9157529448183","99.7660215736041","100.624064674391","101.527839209542","102.46092015115","103.389207417514","104.203670404788","104.831448702068","105.24268833946","105.404084394954","105.223531413501","104.928206519815","104.716975724399","104.488075417486","104.291541341181","104.186229921922","104.155014187479","104.166521581249","104.188981105763","104.195622860699","104.16368178395","104.149712298564","105.026095849349","106.581013188193","107.749980609967","108.508440862957","108.886442869878","108.788167860462","108.126923758722","106.654458573697","104.881637582456","103.485384292158","102.356565908902","101.122449339767","99.0430097207179","96.4607842162313","94.0210782976949","91.6285383255834","89.2220124122005","86.8302876318033","84.5596234604436","82.4950555634472","80.6829387253083","79.5815556369527","79.1440901583209","78.8106732808725","78.4223591727164","77.5872306569377","76.4719336003165","75.5037562781275","74.6281198637219","73.791155104295","72.9324305834843","72.0409311057792","71.2139890865842","",
"Cabo Verde","CPV","Age dependency ratio (% of working-age population)","SP.POP.DPND","91.6224920850707","94.4315377453152","97.4614275799477","100.054947451049","102.121798753187","103.512446494618","104.225363482978","104.431914161479","104.202506386903","103.589915574284","102.733764313179","102.249153987949","102.407367074134","102.686664008165","102.830251920576","104.230910487129","106.754725301157","108.897198757971","110.579356832654","111.688311688312","111.843027789245","110.825948837987","109.2985513081","107.848472164085","106.508697356124","105.332442721018","104.350196628888","103.520143995534","102.804784533665","102.181214509914","101.632168598344","101.068640828981","100.375880492414","99.5150666845352","98.4663689713061","97.2086354009933","95.7355802177282","94.0545848297755","92.1385475055595","89.9426155240109","87.3737248483045","84.4561994069087","81.4059714362287","78.3702721237104","75.3820487397971","72.4718422025655","69.6582481978945","66.9240214630536","64.2279219077568","61.5592830809008","58.9731595737714","56.6271000618611","54.6836712803918","53.1695458065828","52.0485295994349","51.3482379420652","51.1040488670601","51.2276170341999","51.5437291537531","51.9520708887398","52.3882134884024","51.8097353713792","50.3832343299258","49.1432552588223","47.9410239354206","",
"Costa Rica","CRI","Age dependency ratio (% of working-age population)","SP.POP.DPND","97.9183843251149","98.5276701197286","98.9096085528101","99.0000322353611","98.7754388010963","98.2916154647179","97.498291001202","96.3602659166454","94.8461933038704","93.0606013196014","91.115829381522","89.002077628861","86.7338680930351","84.3403552297089","81.9120158754933","79.5401334421186","77.2967002668811","75.2413415466681","73.4141038826379","71.8551431209603","70.5488721429035","69.4793448865831","68.6711234894424","68.1812673315322","67.9451237209396","67.8709927057173","67.9243236154905","68.0280699390145","68.1361833164618","68.1613291913044","68.0041353804292","67.6249344351371","67.040596741946","66.2876172924734","65.3672547035282","64.3202035517437","63.1702343213536","61.9105355010563","60.5917656133719","59.2661002187274","57.9546129173559","56.6563022284259","55.3483163540673","54.0472930144337","52.8059008177147","51.676426660516","50.6380436233808","49.692600751428","48.8949385078367","48.2066491884486","47.5381073125237","46.959674215969","46.5299034880831","46.1478104847582","45.8056163276192","45.5365509008516","45.3393153311988","45.261749943012","45.325680055506","45.422348705756","45.3940117878919","45.2697789109738","45.1414780435559","45.0322532261748","44.9788533469365","",
"Caribbean small states","CSS","Age dependency ratio (% of working-age population)","SP.POP.DPND","92.097293511559","92.8207890977974","93.7704186115167","94.749242468663","95.5063288673337","96.1212669020088","96.5277363296632","96.617253844414","96.4380311895447","95.8933159332561","94.6961553156508","93.0634485534216","91.2851088488809","89.3641310750564","87.3909236054554","85.309763941139","83.1947476007007","81.0561287823825","78.9678955412753","77.1158325659245","75.4735991819864","73.8947120684617","72.4501408916294","71.2621694763522","70.309008043809","69.5320125941099","68.8183464448981","68.1146784516662","67.3753144704702","66.6625364828341","65.9841945824001","65.2601379543379","64.4876349936608","63.6751456526669","62.8439871677554","61.9347951276538","60.9164710416713","59.8491963670041","58.7565843064496","57.6926964502788","56.6841626071084","55.6640906787415","54.6455671074739","53.6737899076616","52.7354835459059","52.0378586197749","51.2008057208895","50.4143167520642","49.7240896348767","49.1554398401748","48.5780374929676","47.9993074317984","47.5655237567039","47.2469195369315","46.9993123875897","46.8251961598146","46.7234084911368","46.7083779838647","46.4317367165704","46.425458114425","46.7892687086316","46.8681192800349","46.9036088509035","47.0210883883126","47.1877178023028","",
"Cuba","CUB","Age dependency ratio (% of working-age population)","SP.POP.DPND","67.542563396035","68.0414057292863","68.8032917669117","69.7878484116904","70.7934034743971","71.7142803993383","72.6400830009111","73.5569484691687","74.382526176267","75.0929039072371","75.6543008658323","76.0592474249201","76.2793980385304","76.2738308821569","75.9809987805098","75.2745723815157","74.0624895998883","72.293250852543","70.0035831759823","67.3507520568413","64.513809212361","61.4479586979413","58.5179810878908","56.0434384068898","53.818676175564","51.7583294499396","49.8526085190989","48.1606469710575","46.810126853036","45.8509054026454","45.2494062244482","44.8755546393704","44.6222033906259","44.4854965803905","44.5644483162511","44.8495205871746","45.1857758875303","45.3724798912092","45.3488021351225","45.2448134957334","45.0955722317828","44.9548530294347","44.8277117574003","44.5969367497412","44.2527037538089","43.89879079599","43.5772856992642","43.3747522726389","43.342913002144","43.4349352983712","43.5965404871149","43.7983494498696","44.0660621244899","44.3518909268806","44.5555609209574","44.716554207685","44.8534738389399","44.9911054965453","45.2552043623452","45.6054628733426","45.9321906866978","46.0078314263682","46.0981840600074","46.4332711231648","46.7631927747239","",
"Curacao","CUW","Age dependency ratio (% of working-age population)","SP.POP.DPND","84.2232651495027","84.7958271673675","84.6992492017375","84.4149438408095","83.9746866925511","83.630637234938","83.4140712014063","83.1075528220355","82.6487703904287","81.9772561932841","81.0142571285643","79.6835188413571","77.8395819788581","75.5901370910873","73.2040489895039","70.7590486986592","68.2970790010251","65.8701973231527","63.5271292193046","61.3189019334002","59.3106342681273","57.5561303453686","56.0593458235429","54.8400975190019","53.9381167554862","53.336613382601","53.0139320437005","52.8808495175031","52.8364872614074","52.8635186167723","52.9737293396038","53.2111065134587","53.5880469583778","54.0059980575685","54.4054062710182","54.7819131918524","55.098536006191","55.331473025537","55.4532151157786","55.4814608307778","55.4649663774781","55.3591851967783","54.6716944993117","53.4846104613952","52.2936196291168","51.190018561434","50.2526568866289","49.474448767834","48.8328436173686","48.3206561815004","48.0191515199777","47.651584862071","47.4854538401862","47.7622693345885","48.1259797634317","48.550043254222","48.9472456737721","49.2174690713966","45.8475592453935","44.1608980698092","45.4475720072218","45.523636673","45.7354688465377","46.0377714825307","46.4341376396582","",
"Cayman Islands","CYM","Age dependency ratio (% of working-age population)","SP.POP.DPND","76.3020288642543","78.0376733595529","80.0123001230012","81.8900831474346","83.3933573429372","84.6351084812623","85.4870003880481","85.9535591929958","85.9914195112852","85.492700729927","83.606843575419","80.5008944543828","77.2754671488849","74.1285174296514","70.8887151420381","67.6964242276818","64.7179487179487","61.9558224319108","59.2607594936709","56.7388803680982","54.7711826008156","53.1519972628518","51.4008881711748","49.6258970835242","47.9207347942431","46.2952799121844","44.7567497065345","43.3550792171482","42.1086982318737","40.9611243341267","39.6969534146473","38.3796390184547","37.2314921365554","36.3272545363591","35.6583445112717","35.1229778804886","34.6704532008046","34.3133549996221","33.9974596262021","33.6918564045258","33.6274840013473","33.6401483119755","33.4903290630495","33.2423498013526","32.9035283085219","32.4904431544669","32.0439115199299","31.601112435439","31.210240098502","30.91985767958","30.8287586757273","30.9670733430684","31.1511534488695","31.2163038858191","31.2476820036215","31.270497039908","31.2750951796451","31.3154949638824","31.3958354089867","31.4601476158863","31.437538273117","31.7695705290856","32.4385822110404","33.0406746935281","33.6630464051701","",
"Cyprus","CYP","Age dependency ratio (% of working-age population)","SP.POP.DPND","73.40078290384","73.3226228000477","72.1868827116315","71.0410018223658","69.9813512568476","69.074591570575","68.3372848494013","67.7392525930527","67.2240300770883","66.7498868725326","66.3214085708267","65.9775161142973","65.7638704306441","64.9641057653721","64.112880278118","63.3800129830873","61.6198309176975","59.3796364209757","57.3163625641494","55.5256386419405","54.0721961077979","52.9765103502796","52.5348488332622","52.8196739731711","53.2173483341356","53.3654209135523","53.3297568323206","53.1917614155297","53.0257248019364","52.8698203326707","52.7184567580761","52.5293195646405","52.3930688451586","52.5612990447766","52.6728278021086","52.3155586472829","51.621209641999","50.7174269685373","49.7006958392057","48.6304234020276","47.5479465278275","46.5566015508024","45.8164578213726","45.1491583704099","44.323545634102","43.3855082732175","42.4094390563105","41.4812391931976","40.6615706533581","39.9857916008929","39.4796855753486","39.2263750889524","39.2271879595769","39.3425836453323","39.5330557690566","39.821643139521","40.2003427063831","40.6130010482004","41.0263211340384","41.4645489568307","41.9656883212308","42.5332066668686","43.0844758452367","43.6311017609808","44.2758859500322","",
"Czechia","CZE","Age dependency ratio (% of working-age population)","SP.POP.DPND","53.8606307353195","53.2762287846513","52.3088144115038","51.58507254564","51.3203699397149","51.1681833428915","50.9193426145559","50.658366839223","50.444982265906","50.2947098324591","50.2103508783692","50.2979019535118","50.7119220520803","51.5322954315195","52.8385222289651","54.3756459419879","55.8018218429439","57.03770768455","57.9908482802578","58.5263300244959","58.4492194629957","57.7349066308869","56.7032364359781","55.5810423591983","54.7455028488012","54.4155593896345","54.2643874263114","54.0105590811864","53.4935107555236","52.5932958065175","51.4682000296388","50.4222691856071","49.4534780722107","48.5043761960124","47.555428311955","46.6961642740877","46.0014929593971","45.3500084988613","44.7037588159405","44.0307387375375","43.3124778062693","42.5829572656062","41.8905086615567","41.232284481833","40.7022236719591","40.3846714345027","40.2500196562795","40.3686281575802","40.8263492689023","41.5983684904551","42.5753401685329","43.8657197049133","45.474711089563","47.0766511876963","48.5926586211395","50.0836370757165","51.6066775434751","53.1389365450804","54.5796531953634","55.9088220310965","56.9779595499788","57.7438182636634","57.3960588293767","56.7878159701296","56.8447265644664","",
"Germany","DEU","Age dependency ratio (% of working-age population)","SP.POP.DPND","48.7201937280535","50.1315207248644","51.369382018882","52.4906418428842","53.6235051436965","54.5700053710261","55.5214404621575","56.7054875455818","57.6233085779918","57.9809445936403","58.2825472637767","58.5182568312291","58.412854365897","58.0168682024003","57.5557050446958","57.028237040172","56.2050173992726","55.2891251539136","54.2904498926818","53.1058661393606","51.6436551453294","49.8047394700706","47.8369708164468","45.9671116703225","44.575286113868","43.972812121187","43.835640091565","43.8460538139654","44.0528846719278","44.3871505193462","44.8311985023753","45.2646079952826","45.4946502546562","45.7542790612997","46.0852432578517","46.3029082659604","46.3993024862644","46.4728155269079","46.5512577287444","46.8135325768876","47.3064908238215","47.7886305160811","48.208752521652","48.658252887585","49.2978926675002","50.0417234262092","50.8443822110813","51.4612503536768","51.8149987679722","52.1578637771433","52.117530215009","51.7462351755806","51.5805062735217","51.6197490623175","51.8321732192251","52.1224069865761","52.5820458594372","53.258253101446","53.8754552465607","54.5379868593646","55.295066596629","56.2311272070142","57.1621227360374","57.9918953896649","58.9970399490838","",
"Djibouti","DJI","Age dependency ratio (% of working-age population)","SP.POP.DPND","87.0127611469815","86.4972564728464","85.9951349842485","85.4814562131635","85.1302382319173","85.4124885278222","86.2074535967562","87.0761376043797","87.9341168195539","88.76650760182","89.5619246588758","90.3171195485494","91.0230484638187","91.6612069983997","92.2055242885084","92.6459926028579","92.974708952228","93.1959936262235","93.3134517941708","93.3170391061452","93.1980574349365","92.968038070809","92.6321755323456","92.2087513717903","91.7068081644063","91.1313518696069","90.496190880454","89.8248794793172","89.1312494144833","88.4273210704629","87.7490062427716","87.1010969463386","86.4404205259553","85.6869490562159","84.898023006411","84.0304646734786","82.8781690379213","80.5869608459806","77.912324975578","76.0034509575192","74.615984933805","73.3388917105269","72.2140927510131","71.8701804645346","71.9798235077369","71.8041372194151","71.0492862311164","69.9511831099779","68.8279146116373","67.7333936898045","66.752888707243","65.8080484965442","64.8942575513873","63.9477004930963","62.8930725656184","61.7007586503093","60.3724419537361","58.9599887882409","57.5386578051215","56.2039889293652","54.9994600484975","53.9382872833362","53.023749670293","52.2310906894298","51.563000494091","",
"Dominica","DMA","Age dependency ratio (% of working-age population)","SP.POP.DPND","100.692965554541","101.955522758528","103.105838443082","104.487943826179","106.190287935692","108.260912340537","110.710785914941","113.503043718871","116.517958534765","119.524332708589","120.083040562121","117.389401281851","113.877949751198","110.538089840721","107.383313885648","104.441968749107","101.73394212723","99.1254606457291","96.6204342066131","94.1224989357173","91.4721370745893","88.0429741845726","83.9829907866761","80.3309327419073","77.4384988549336","75.2375369434064","73.602061655159","72.4211599621276","71.7789022966135","71.8930706654905","72.7631383057913","73.3136583047795","72.7811978167136","71.9447264802754","71.142477091339","70.3740036787247","69.6136646873396","68.787295710841","67.9397473275024","67.091248756581","66.2226751097848","65.0385479855959","63.4909247435254","61.9237766698958","60.478761951516","59.0917507638182","57.7070297279333","56.3083210353048","54.9718658564033","53.8241601143674","52.9214506207111","51.5350347824179","50.217334608363","48.3929331630481","46.6266616660416","45.6066339930103","45.5958332461773","46.0198686791166","45.5869477011126","45.2600042799058","44.993991932023","44.7922950960958","44.6710398129506","44.6215399334624","44.5713412237411","",
"Denmark","DNK","Age dependency ratio (% of working-age population)","SP.POP.DPND","55.7584066645874","54.9746116131287","54.2990649551567","53.9722148907071","54.0229817572639","54.2653499957212","54.6651686045293","55.0547846852362","55.2467636740079","55.2939383790493","55.1952173973281","55.2472758120639","55.5046787580925","55.6930920220444","55.9218860338372","56.2152519641671","56.3182502301972","56.1880904723595","55.8554242472265","55.2707785537741","54.4597871584107","53.3783184833624","52.3185235450633","51.5309993857929","50.8914238753294","50.4408176425906","50.0523809984302","49.5238270221275","49.0858836061262","48.7969339550849","48.4724999155248","48.242092847547","48.2224042585025","48.2269483285349","48.274608927211","48.4245234403561","48.6550342864858","48.9521613319531","49.2777047305345","49.6185313604979","49.9644440749674","50.2895412885204","50.5748864931784","50.8398000060441","51.048390905887","51.1905549022808","51.3208674034087","51.4818852036146","51.7491441768809","52.189026376222","52.7875119113848","53.5176310780321","54.2369295459648","54.7576779617712","55.0994237645787","55.326865164618","55.5631659221664","55.8898162089196","56.2314625278458","56.5999643406769","57.0037647599834","57.2872684694072","57.3242885538036","57.3988511670291","57.6353557296981","",
"Dominican Republic","DOM","Age dependency ratio (% of working-age population)","SP.POP.DPND","104.867677109582","106.151671436612","107.133252819713","107.780430478743","108.235607420807","108.499973451439","108.344409701305","107.720510901793","106.699863764282","105.355672441898","103.784613075634","102.063044518118","100.254543184739","98.412402717399","96.5503863256943","94.6843077174711","92.8461531875386","91.0471600866631","89.2906792807632","87.583309730308","85.9693537209049","84.4394234921481","82.9921068432034","81.7005918996209","80.5251931325667","79.3661548125546","78.2169915070941","77.0970553013835","76.020669366645","75.0398897709953","74.1469711769222","73.2956680670663","72.473283627197","71.677591432229","70.8771984037293","70.0502684375092","69.2239485879422","68.3608597485445","67.3937267350984","66.4178538376345","65.5791166635547","64.8376581336333","64.0795783274672","63.2296000260277","62.2330984712135","61.125168394848","59.9702260158107","58.8311712744378","57.7854075300831","56.8703034237245","56.084798628767","55.4060101572464","54.8655715590451","54.4757716527618","54.1088178150535","53.6903366896845","53.2984780323269","53.0040997727066","52.8255002735594","52.7342819533255","52.6544058344344","52.5919772127359","52.6230488664845","52.6597760530361","52.5742155868587","",
"Algeria","DZA","Age dependency ratio (% of working-age population)","SP.POP.DPND","94.7777558041605","96.8279389168785","98.8758686136578","100.970947390314","102.705375885248","103.801298786699","104.259145211731","104.219935686219","103.784408867891","103.135142843189","102.516670795247","101.970116481088","101.410354062753","100.762048288157","99.9452887120347","100.291483438255","102.077326996249","102.546689849558","101.418537549994","100.158947243897","98.8690424278491","97.5630330961465","96.2149214719652","94.7913826093334","93.2807401522261","91.6972442982846","90.0100988423464","88.2450317698697","86.396367930148","84.4908290015034","82.534308161307","80.6968152410969","79.5325282499141","78.4842832750045","76.8862310164136","74.9374880718258","72.7169809928918","70.3063514024697","67.4786060875367","64.3969817854533","61.5210892529932","58.8828884016715","56.4553453201421","54.2887316848827","52.4454102994315","50.9431035080137","49.7732743971787","48.8888214375346","48.2690504778389","47.9151888531111","47.8236351565994","47.9979968759639","48.4954283600483","49.4268366050018","50.6955957906435","52.0627486223853","53.4355011716106","54.8295659548088","56.150085883397","57.267808691031","58.0691549149887","58.5563473141813","58.8011272175164","58.7709984775404","58.5067834220209","",
"East Asia & Pacific (excluding high income)","EAP","Age dependency ratio (% of working-age population)","SP.POP.DPND","80.0572928738326","79.2956717555009","79.5074713033767","81.1616662890563","82.7198165159614","83.4393223441398","83.7326014655243","83.3362683660718","82.8881717061259","82.7373705670253","82.3665184971728","82.0365250671246","81.3728855211182","80.7032335992383","80.6581949561335","80.760031401906","80.7399914842322","79.5231263382893","76.5579167219717","73.5740288288168","71.1578519560514","69.0001198605242","67.29341766422","65.4043058192808","63.2729228595264","61.4025695692629","59.8466050382223","58.6769346939512","57.6966167489511","56.9773727930213","56.6530943256488","56.3450819476186","55.9100499149579","55.505130913611","55.0213054333611","54.4192371053204","53.6761914104714","52.7184536442869","51.7915435819942","50.9317960214388","49.9832845619779","48.9169996049491","47.6874973932575","46.4665253779166","45.2787167124544","44.0610801329063","43.1368635279492","42.5903663200186","42.191975618902","41.9088070276171","41.7252261611765","41.6579692150219","41.7655307486006","42.0142765518996","42.367599274778","42.7880858046517","43.2802003277158","43.9480333294048","44.5975225858069","45.1232232496037","45.5320192007852","45.6960782082039","45.7652173557674","45.69814605447","45.3139438482426","",
"Early-demographic dividend","EAR","Age dependency ratio (% of working-age population)","SP.POP.DPND","81.3236075255261","82.2574540068961","83.2153412708883","84.1939801434938","84.980597086854","85.4958320826775","85.874311413243","86.1039584926654","86.2387478888844","86.3154140971482","86.2437092435052","86.1212310680962","85.9758989610242","85.7514308576307","85.4499060538428","85.0524835540325","84.6171870269683","84.121221965035","83.6091288619784","83.0982401058433","82.5699120507422","82.0369603703708","81.5231603430669","81.0456416866794","80.6019571382161","80.1779407356165","79.7268700575146","79.2460470942805","78.7344029679588","78.190420499976","77.5857119622992","76.9200965273269","76.3106359430403","75.6768534837513","74.9790157552369","74.1775815863281","73.2558435617648","72.2467084074013","71.1404157332975","70.003198831187","68.887819244701","67.822399564359","66.833892141974","65.8660379324578","64.868034605787","63.8838709422748","62.9154535315498","61.9631676599943","61.0830715881514","60.263096003654","59.4724055572444","58.7322459251762","58.0548310942515","57.4217819258392","56.8292359529467","56.2483245460123","55.6901946626471","55.1714309322017","54.701531215767","54.2615996767479","53.7784426817019","53.2455978237344","52.7365412222389","52.2880415042238","51.8408364398255","",
"East Asia & Pacific","EAS","Age dependency ratio (% of working-age population)","SP.POP.DPND","77.7529286770175","77.0286854274829","77.0874963688661","78.4138074847886","79.5767357001296","80.068880411649","80.2447359170107","79.8907054892722","79.5272764746567","79.3171885239879","78.9228266597439","78.5695792387513","77.9970049405623","77.4196402819799","77.3645047846637","77.3927135538584","77.3058179321502","76.1797600052725","73.536089859374","70.8772070837981","68.7071838055241","66.785341691449","65.2597159616079","63.5357912256004","61.5912807234768","59.8632427502127","58.3918330077898","57.2561808011733","56.2921643624039","55.5701522588177","55.2180559891293","54.9056931519022","54.5026546223018","54.1362865628604","53.7054530125292","53.1731346023268","52.5219973830146","51.6934652114499","50.897356005609","50.1630217413858","49.3658070914592","48.4779527832392","47.4397453518907","46.3960673442113","45.3832985622826","44.3598459637968","43.5993736720324","43.1693337935203","42.8677390149599","42.6531877547774","42.5040473448327","42.4887273940413","42.6795427748108","43.012640112423","43.4347609731884","43.9027061648034","44.4216277235511","45.0902595161222","45.7331040990043","46.2555576518288","46.68339033355","46.8942600216405","46.9895242269893","46.9520947781296","46.6518554391468","",
"Europe & Central Asia (excluding high income)","ECA","Age dependency ratio (% of working-age population)","SP.POP.DPND","67.8353974583975","69.4783529343365","70.6175388734777","71.4636664601417","71.9537752541806","72.218039962692","72.3487709528782","72.3403259380722","72.2741820594308","72.0205138261338","71.5378094659751","70.9605836651481","70.3459207353978","69.6227647114009","68.8216266843529","67.9398526621074","67.0580573681835","66.274154690218","65.4968359639559","65.0464361804061","64.6600354161047","64.0002697269588","63.3226985252063","62.7988091862133","62.4532117634834","62.1300381535853","61.8344925142252","61.586882492509","61.4151248387956","61.3423235471518","61.3156526633955","61.304293926636","61.3360749835866","61.3954697223717","61.3386111745118","60.936490657163","60.2038922151246","59.3267619392063","58.1938639292996","56.8579510862613","55.5572539533391","54.3482675946593","53.2789745167847","52.3880062590325","51.5967072941557","50.818173386384","50.0461789006601","49.3345615134462","48.5686932940587","47.8243995825328","47.2078362647375","46.7564360860547","46.628370548331","46.6911307499434","46.9296300948615","47.3694604048853","47.9207445151428","48.5297143518516","49.1223515900201","49.8253272859739","50.5770693188753","51.1892894487362","51.6947321144612","52.0939967562028","52.3132181875701","",
"Europe & Central Asia","ECS","Age dependency ratio (% of working-age population)","SP.POP.DPND","57.942439658396","58.7376923136024","59.0375101128295","59.1852851900826","59.2418686148575","59.2641196832624","59.300459203104","59.3344810038651","59.3634823120635","59.2608509660194","59.0368275518626","58.8050018104286","58.5676462794011","58.2598298902136","57.9313943517253","57.5915162839882","57.2086009149596","56.8650056395347","56.511878603761","56.1864984061719","55.7874473608544","55.0969235879614","54.2662569829575","53.5073566773727","52.9517989300017","52.6507595037845","52.4958505693712","52.3899514629063","52.3939785247035","52.4416441438088","52.4712499165442","52.4954330860669","52.5222866634859","52.5447471928036","52.5339402407046","52.3416368044614","51.9939157528023","51.6012123430402","51.0345848539091","50.3753474651734","49.7852430659559","49.2641428472548","48.8358342146989","48.5199003073709","48.2916643763423","48.0964623596277","47.910802065594","47.7086946163764","47.5053003765297","47.3953003610506","47.3572778415464","47.5221765159082","47.9957388644863","48.5709010379521","49.2420963920731","49.9676358715631","50.6827552139944","51.4116465827467","52.0816042932775","52.7514225825559","53.3880803447859","53.9045784934544","54.3715813116422","54.8263459762112","55.254548781736","",
"Ecuador","ECU","Age dependency ratio (% of working-age population)","SP.POP.DPND","94.1618530357383","94.6670651524208","95.0816374870026","95.2002672545643","94.9771570212014","94.6704911023147","94.3983707352861","94.1090282370775","93.7908340581398","93.4310496530033","93.0308484983426","92.5790554714168","92.0524413094443","91.452494125012","90.7860295966856","90.0474247452886","89.2395559628237","88.3752860297358","87.4494919880167","86.4476872975171","85.3676104379472","84.2331058164424","83.0549234984108","81.8307227594843","80.6050763684273","79.3702937994507","78.1108157108492","76.8524740886916","75.6455593771806","74.5657354655137","73.6272467684249","72.8439524206661","72.1490260622359","71.4942743628815","70.8770579606031","70.264784543051","69.6695473692633","69.0707977721844","68.4144194449955","67.6845740686334","66.9348710719178","66.2009487458404","65.4745237834949","64.7316316792424","63.9446288913912","63.1110273929274","62.2389599111299","61.3572216524124","60.5461378972526","59.8443555770608","59.1736758555771","58.4860330435279","57.7889537361529","57.0580201827907","56.2912618898864","55.4920102822515","54.6259320805851","53.74041651825","52.8957612402445","52.1307937287794","51.4133224072679","50.70912096615","50.0761078196638","49.4714073657307","48.8091845545471","",
"Egypt, Arab Rep.","EGY","Age dependency ratio (% of working-age population)","SP.POP.DPND","85.0568370871075","85.4115545796239","85.3234817699382","85.09031432283","84.9466682754593","84.8054838088407","84.5598749438282","84.2348605344697","83.8303039527089","83.3866517708062","82.9824670994533","82.6650582534282","82.4163278694793","82.2081657372434","82.0533215217394","81.9728982260237","82.0271322056028","82.1296538935639","82.2099264793305","82.3354469933616","82.4598570300373","82.5293764028892","82.5517812302641","82.5199666053841","82.4554257641675","82.4097823334172","82.4153995100396","82.385841232159","82.2668622509599","82.0358581216218","81.2411248003672","80.3134141604295","79.489401334525","78.4736983567634","77.3905241296368","76.1905895439825","74.9536677717633","73.7084755472382","72.3313108313012","70.8695500519028","69.3934549848784","67.9402422543577","66.5601461970724","65.2038092373218","63.9117037732315","62.7803568410348","61.8838704393503","61.265715476536","60.9075568307342","60.7595365780542","60.8163918784867","60.9062133572649","61.0406937301322","61.261463210988","61.5419614141439","61.9778656218534","62.3353502105713","62.5250399173232","62.4836024422364","62.1682059377755","61.7215527133255","61.1155654480444","60.4614725337186","59.7566710357047","59.0101954565221","",
"Euro area","EMU","Age dependency ratio (% of working-age population)","SP.POP.DPND","54.6739998359316","55.2143030373535","55.4683362725283","55.6370306811142","55.9456362679152","56.3774427754039","56.8721736185925","57.4054572251461","57.8408830985563","58.1037638508628","58.3332990027321","58.5057034489447","58.5224280511912","58.4075966980569","58.19945669552","57.9191436485134","57.5034384713472","57.0334381882691","56.496661389912","55.7842820711395","54.8371000292466","53.5933228608362","52.2389175960962","50.9171098227235","49.7886602386989","49.1507965042025","48.8116925654054","48.525806610592","48.3448952787085","48.2097081022406","48.1354336318287","48.0601404473623","48.0048848181495","48.0602178735232","48.2450914742098","48.2996912522015","48.2285750927059","48.2887064409688","48.3762571292418","48.5392249355504","48.7870913839681","49.0402220925905","49.2434796859217","49.3732549618551","49.5448716554562","49.8069884718806","50.0802119247105","50.2489361779449","50.4375581283354","50.7859260161734","51.0971973228622","51.4645172616386","52.0190681434451","52.6229081635125","53.2553794039214","53.8104125745331","54.2981403657342","54.810007308402","55.2593858627837","55.6746759380223","56.0684341626542","56.4953781246391","56.9236918217766","57.3247577557858","57.8441053246258","",
"Eritrea","ERI","Age dependency ratio (% of working-age population)","SP.POP.DPND","79.4041309797657","79.1414078708477","78.9773704513624","79.1142082477831","79.4427871029988","80.1406900669008","81.0877592873401","81.993186739253","82.9571967568187","83.8550886885502","84.7445867121501","85.6645289694825","86.4906173170113","87.0709401280701","87.2948275298705","87.3327160789447","87.5435798049495","87.8480101667813","88.0804863675505","88.2771552720826","88.4391021842219","88.5810522754574","88.7181673380387","88.4535102201642","87.8717314933519","87.4518879819497","87.140015882659","87.335346209392","88.0230215324859","88.7900344037678","89.6650434662529","90.0855179898717","90.7509467296865","90.1836454889938","89.8591468259676","86.6164296718931","84.8502717870378","87.8935848667846","90.5376060317158","92.5018595283975","93.8157525887016","92.986048219823","91.1911410457689","88.6024198616509","86.3490902310103","86.2826983249218","87.1369487043709","87.949074924155","87.1552384091525","86.3463548724302","85.9804786438991","85.2840418261429","84.8055973741315","84.4605670208247","84.7708939128109","85.3152311289173","85.3313689275127","84.8897767834611","83.6220149105659","82.0125109257141","80.1598040793448","78.172033517913","76.4200369145176","74.912024628064","73.4301367632134","",
"Spain","ESP","Age dependency ratio (% of working-age population)","SP.POP.DPND","55.2917649424786","55.6178188268742","55.982512345265","56.0698805109846","56.2406301427634","56.9028445193636","57.7010535908758","58.3164927320245","58.8668811462434","59.3955723555397","59.9196309354641","60.3099825307527","60.4976835661579","60.5929818433591","60.4733513008435","60.338455975541","60.3688867475491","60.3455693929447","60.1223144147271","59.622922250837","59.0313084272903","58.1628409991546","57.0867411653313","56.0941344564138","55.0777173521215","54.1146302866605","53.2612837410973","52.4730409938649","51.6933258314141","50.8816104560485","50.0017482756329","49.1087370118976","48.2956748236508","47.5721965199723","46.9278531933622","46.372558076106","45.9755642805361","45.7646000804341","45.6744280848841","45.641773652292","45.6955141735045","45.9226479881846","45.9697413251327","45.6859025843891","45.2206844125812","45.0360312903004","45.0937823233074","44.9846416971974","45.1988178744217","45.8498278241454","46.6577070829496","47.4440422369686","48.1844300113021","49.0823130564992","49.9405636720981","50.463152001926","50.7968795026243","51.0879864250854","51.21278722932","51.1273134809275","50.9641870731648","50.8789437442103","51.0206958838906","51.3142228402432","51.6695519755033","",
"Estonia","EST","Age dependency ratio (% of working-age population)","SP.POP.DPND","51.1562507407865","51.6745676927477","51.7417112436709","51.6291445289869","51.4172027763089","51.2477743351045","51.0243155937637","50.8310909791607","50.9400203413123","51.0604275847045","51.1204519141239","51.3327508421394","51.5834138864941","51.6446346598557","51.5604160254437","51.4508255692841","51.4007643783694","51.4805328832057","51.61348937129","51.7472804350477","51.8042190589328","51.6570840214488","51.3614227688677","51.1609500002505","50.9100611543606","50.4827658164988","50.279446259284","50.3537944882645","50.6039489302289","50.9680692623689","51.2280495479563","51.364038251239","51.572983052121","51.8091067500495","51.9381407312908","52.0036904936988","51.9303709841179","51.6917077273584","51.0915854885457","49.6332476232401","48.421687860633","48.0163401619941","47.6967192664794","47.3627853923005","47.056334851152","46.9051008933964","47.1420674043386","47.5473865973765","47.7747962016587","48.0785512099696","48.5361413122296","49.2637674640879","50.2723815864367","51.3710712915726","52.5479096603793","53.6171783124623","54.6487232979755","55.6249645604551","56.3461436115168","57.0635499327664","57.8244931778738","58.2662361985623","58.3861937450535","58.4343478723355","58.5663479181206","",
"Ethiopia","ETH","Age dependency ratio (% of working-age population)","SP.POP.DPND","82.0075111424475","81.7309337927937","81.5093543247946","81.5357828869668","81.8698004988432","82.6873482684816","83.7879181930652","84.9297451382299","86.1750552048182","87.3884981660236","88.6118518916132","89.9573069229017","91.3026375824599","92.4075678763378","93.1282578838801","93.6669700593597","94.3617418994778","95.0394915407528","95.5621379469745","96.0215448983728","96.4538911989877","96.8476124373923","97.0481929651436","96.6837770200469","95.8751588248195","95.2267846196589","94.8057473066591","94.8086836877424","95.1171465434969","95.4757038632148","95.886756053368","95.8232624599868","95.8926378892905","96.4787220417645","97.0730362422405","97.6212396687544","98.243007722384","99.0924680813357","100.047919167455","100.869433256194","101.46430009787","101.754115332976","101.674390682263","101.340739685498","100.865326232135","100.274720261847","99.5005779580924","98.4515480078218","97.173034670864","95.6889158629572","93.9987555506378","92.165961714092","90.2361319500354","88.2761548188989","86.3346598583257","84.4571795095968","82.662242576724","80.9854260551296","79.5179195732953","78.2497670217938","77.0532101922889","75.927506543307","74.9175852176508","74.0248657156642","73.2798951679715","",
"European Union","EUU","Age dependency ratio (% of working-age population)","SP.POP.DPND","55.2093107925447","55.6159551095594","55.6971716768326","55.6736285455077","55.7432064655993","55.8960670190683","56.0914399870373","56.3585207844734","56.5909659507556","56.6791093378018","56.7190981225789","56.7411854447249","56.7158984189571","56.6442454114195","56.5721314932603","56.5090876979582","56.3698992438253","56.2076180030302","55.9619396954878","55.5555733872739","54.9234317086811","53.9704118183397","52.8051582964721","51.5668255341039","50.5676165551945","50.0653654849953","49.8225829798439","49.6213805069708","49.4843564955441","49.3345856518508","49.1855692006096","49.0170462367522","48.853165015381","48.7781811226478","48.8032729783126","48.727121693268","48.5526000744156","48.4743995766613","48.4132231767307","48.4013540071418","48.441819028179","48.4775598736818","48.4883207070556","48.4519782067719","48.4641990840755","48.5701400778362","48.7120432010794","48.8099380005797","48.9649990645557","49.2663889708787","49.5887720951522","50.0143103546671","50.612749698903","51.2642219662949","51.9661444030286","52.6272054825201","53.2447139503477","53.8885868818956","54.4879451331741","55.0620558377076","55.6024414925754","56.0988116931309","56.5156881434104","56.8976123285523","57.3787464951009","",
"Fragile and conflict affected situations","FCS","Age dependency ratio (% of working-age population)","SP.POP.DPND","77.4466278264997","77.9716761112303","78.4480780019926","79.0002926136062","79.5149287482876","80.0297585290809","80.5426791414502","81.0049977003201","81.4898971696605","81.950520787519","82.3767626628555","82.8501378928427","83.3951341549834","83.9242216828317","84.3785868648106","84.8025041459982","85.2650820449565","85.7032530968122","86.0325148224898","86.3413112901848","86.6084909225369","86.8243245516417","87.0099460367213","87.1770402163004","87.3387035199397","87.4421703219567","87.5166205237711","87.6058478780108","87.6422142702036","87.6418674234175","87.6700012550726","87.497156625684","87.3462205391868","87.3682403535029","87.1377459871788","86.7331895536373","86.6156068781071","86.5664439271723","86.2806870170008","85.8889213150485","85.5924081158798","85.3518261820465","85.1932394092665","85.0734046536636","84.896585979815","84.7031308431179","84.478206614598","84.1800079273004","83.908330784329","83.6780537926262","83.4068738994467","83.1467708885571","82.9711059522421","82.8367704135773","82.6885035304103","82.4565112862675","82.0529486614823","81.5547357072289","81.005255118657","80.3989762262862","79.7130285026348","78.9620725497717","78.249386398299","77.4600200051021","76.5874634110946","",
"Finland","FIN","Age dependency ratio (% of working-age population)","SP.POP.DPND","60.5333407747695","59.2663189778405","57.727978907061","56.3357446264339","55.2312970023603","54.2918586976513","53.5277537587055","52.8218371563598","52.1117753682155","51.5575193102239","50.9871528526672","50.2189385421729","49.476856759012","48.9403428759664","48.5928961012918","48.4209342494606","48.3416633654167","48.3105114862435","48.1710911971127","47.9253861134818","47.6722518779837","47.3475854307754","47.0718373783982","46.9276077465956","46.7867528179112","46.8311614092806","47.1187700083339","47.4274075477857","47.8841115080082","48.3306726042308","48.5924865068467","48.7791112079152","48.9515472432989","49.1799653612657","49.4863944848771","49.8031333833284","49.9917461079387","49.9787571906034","49.7408191277808","49.4884000099553","49.4102487943894","49.4306063249834","49.5099655620396","49.6410547584895","49.8539345101504","49.9152277192356","50.1492292199594","50.2936977326023","50.2258307390482","50.4784055834231","51.0950644767067","52.2256939932084","53.5920998654714","55.0282238847832","56.4163038011806","57.64433315055","58.6591199711513","59.6034639676146","60.4741377554613","61.1278822777906","61.6841512459481","62.1515551986665","62.4687883703107","62.6357187918865","62.6820794456911","",
"Fiji","FJI","Age dependency ratio (% of working-age population)","SP.POP.DPND","99.3240781765372","98.9348063349236","98.4215135035487","97.874169353833","97.2499214570682","96.7144534079273","96.0660798632942","95.1466906587388","94.094969154244","92.8620628360663","91.3970280904544","89.689973568529","87.7410289814543","85.5759530636084","83.3007639012258","81.1144761132024","79.1621024545772","77.4189335976685","75.8752963149199","74.5846782840703","73.5797428652544","72.8258469497193","72.3006580765334","71.978679484239","71.7827618309144","71.639532815557","71.5448210892199","71.4971209213052","71.4887278546533","71.4788236004914","71.2869401117229","70.8086318326213","70.1179253457179","69.2498442127444","68.207850258416","67.0514887805531","65.8278197613846","64.5354997518208","63.1878731106313","61.8509301542766","60.6572567240714","59.654981255109","58.7742866659265","57.9845204400222","57.2778929986671","56.6351400767573","56.0576370290394","55.5506275164762","55.130171082976","54.7813417544865","54.4462596251228","54.1089173253932","53.8222798336889","53.6496252452254","53.5588891901209","53.4676358994836","53.3338671524421","53.1396835397675","52.8676645838299","52.5393519946514","52.1893676158223","51.7722535409475","51.3123918957394","50.894119644834","50.5576304595912","",
"France","FRA","Age dependency ratio (% of working-age population)","SP.POP.DPND","61.3332500346397","61.522460180919","61.1454220605327","60.753599622697","60.6062096613031","60.5208876385911","60.5408707930869","60.6400132508051","60.6653186990043","60.5992016411928","60.4900523924704","60.4615543220932","60.4393346062489","60.3389335973528","60.0770527573476","59.7492052231326","59.2933402330979","58.8122174243838","58.3792820312909","57.8368716773569","56.995812673037","55.716332308412","54.4410386374157","53.3250836098833","52.328366217989","51.8927400486212","51.8422643787067","51.7033221913424","51.5821955735605","51.5834571805518","51.7927794111704","52.1717519577992","52.4882157469949","52.6875792751951","52.8489827950778","52.9621580256401","53.0229185189154","53.0784137746732","53.2192971135075","53.4589773611305","53.6919719635663","53.8263544157586","53.8550812022264","53.7782755676556","53.7305396887409","53.7054007961336","53.6094922053175","53.6180524618417","53.8644415960553","54.2446958152522","54.591548563142","55.2764053631323","56.2934642722207","57.1679224697779","58.0626367615727","58.9738911271226","59.6623497311224","60.2613491660523","60.8249786780729","61.339333625721","61.777215608517","62.0639435685389","62.3607626590078","62.6913599952639","63.003655783096","",
"Faroe Islands","FRO","Age dependency ratio (% of working-age population)","SP.POP.DPND","68.8953776106107","68.2998100618516","67.7284720556488","67.3175113464448","67.0487907171816","67.0097408564602","67.0341636041922","67.1023671562682","67.3051224944321","67.5565770862801","67.5378688381052","67.0363816840016","66.4160081570227","65.9243134628265","65.5562435500516","65.2639726250611","64.924412994532","64.3533748166938","63.5414231158912","62.701358331739","61.8738020970348","60.9874903132957","60.0630526163212","59.1399764865154","58.3581827749518","57.8280386740331","57.3919273943157","56.964237698306","56.6127592023018","56.4647156699618","56.8640336465795","57.7203071502177","58.6352657004831","59.5037067545305","60.0823782234957","60.146151586369","59.9046046596955","59.7943370265769","59.8261242889342","59.7466473231662","59.4771697455559","59.0606773764453","58.7018473195427","58.3091628213579","57.5564166856622","56.7806775814557","56.3025481826413","56.2647372331148","56.7296206618241","57.2888459058672","57.6037314158002","57.9867213434876","58.57550980199","59.375","60.5277114823654","61.1806974751137","61.4749281796814","61.9650119424182","62.19585891034","62.2372584030323","62.436265875591","62.4958077990183","61.8833138155722","60.9852071005917","60.5243071864725","",
"Micronesia, Fed. Sts.","FSM","Age dependency ratio (% of working-age population)","SP.POP.DPND","94.8461538461538","96.2215184305446","97.6057120868785","99.0121295485807","99.7279077322937","99.7477733112635","99.7324568108852","99.8515384329882","100.140748493269","100.410324752753","100.708519262867","101.374912822557","102.335932423652","103.165581838387","103.847584795684","103.73156876964","102.944980014108","102.249664122574","102.052378704141","102.222880853586","102.260197016017","102.132941534097","101.861036091333","101.43200361569","100.820087537434","100.011148023455","98.9992451202416","97.8286715474626","97.0472440944882","96.5729489317767","95.8305834853837","94.7610834170473","93.0999539382773","91.2013143561262","89.4042265015889","87.3368456832087","85.0454636624992","82.8148660214629","80.7100092482923","78.7795351219825","77.0678592875881","75.598931066277","74.3503473083602","73.2606045643218","72.102284958637","70.7856212156051","69.3492391221228","67.7506030350218","66.1698979514011","64.7569629912247","63.7457175485345","63.205988876934","62.6922612944086","62.0752199787142","61.5271134158881","61.0750585237206","60.8657178674139","60.8500822755054","60.8243953117455","60.8767323121809","60.7734566380148","60.7118175535591","60.8706881708087","60.9275875864434","60.7646189691425","",
"Gabon","GAB","Age dependency ratio (% of working-age population)","SP.POP.DPND","64.4547450597707","65.5306889646207","66.6292955599314","67.8341907387582","69.0899445321648","70.237668622569","71.3454864598431","72.4907108746328","73.6609554329552","74.6510882811775","75.5219149794828","76.542779949447","77.6918036164471","78.8798758552585","80.0241814442159","81.1191584567331","82.1874495886433","83.2344530959152","84.2722974285899","85.3082182209903","86.3346753411663","87.3520282642778","88.3427311492857","89.2876898408453","90.1548611998321","90.9104684484734","91.5400541972414","92.0454641860307","92.4392154593126","92.7071756462914","92.8209651495551","92.7596287517187","92.521836186422","92.1114688063528","91.503803066244","90.6567152525168","89.5756161538702","88.3512713370841","87.0518733945861","85.6991115539813","84.3202931618213","82.9172870579625","81.4802172687068","80.0226859545031","78.569867404925","77.1346094492287","75.7292649680193","74.3809913327021","73.1311786396409","72.0433391973509","71.1485873277447","70.4144778932692","69.7604091409621","69.1388947339571","68.6350137744804","68.3469004124975","68.2944242565074","68.4228116122644","68.6293819615364","68.8283668428129","68.9505821693099","68.9693587373809","68.8765794313179","68.6454953915487","68.2569535704085","",
"United Kingdom","GBR","Age dependency ratio (% of working-age population)","SP.POP.DPND","53.9505140771877","54.0482389222832","53.9202089776845","54.0580734327211","54.5900402389286","55.2888834028658","56.0291042661611","56.845403810066","57.6922651797838","58.4651397843359","59.1296385718243","59.6519449534309","60.0046495609534","60.1523219717184","60.0780844346666","59.7493869660106","59.1494463472092","58.4049625622044","57.6622386445546","56.9221498679676","56.1772144491518","55.3658298056407","54.3987148364994","53.3483343777443","52.5937758035132","52.3773858264967","52.3818951109306","52.3698027577027","52.8774609919399","53.5413551208912","53.8910623613847","54.3376013009481","54.777193763915","55.0512100356111","55.1221344895478","55.006767566485","54.8196264730694","54.6142994891761","54.3483866479715","53.9767159095951","53.4314858659264","52.8823327842176","52.4964301559527","52.357292952779","52.2157863407455","51.8275715627106","51.4008482871775","51.156186206586","51.1947226586789","51.4406852551869","51.738023164778","52.2814445132043","53.2297920891233","54.1548121554431","54.8438595447821","55.4015615937341","55.9245926453084","56.47995951817","57.0044449579318","57.4310213561674","57.6593808571739","57.6129608377299","57.6281923445403","57.846397332052","57.9399912449235","",
"Georgia","GEO","Age dependency ratio (% of working-age population)","SP.POP.DPND","56.6775556479087","57.7339060180877","58.4013190070209","58.7348881397895","58.8667888245262","58.7854307403022","59.305964805467","60.5370846757177","61.5612646246657","62.2006465287638","61.9456274012363","60.9731472906585","59.9035019609125","58.8340959616267","57.7549874647544","56.6714369712902","55.6500768680146","54.6752460171681","53.7835860666343","53.0177855284868","52.4068977962625","51.9378527128724","51.5345087253762","51.3219414008432","51.3329290979417","51.4133569382608","51.5023188276049","51.608808045063","51.768638283003","52.011422137084","52.5260655302916","53.2630556772206","53.9970505622859","54.7118908048005","55.2550737209234","55.5163346972709","55.5255432851883","55.3042274299171","54.8723808578403","54.1958853817776","53.3929528793645","52.6532541516572","52.0905345263517","51.8912336913573","51.6511823672057","51.1318422314324","50.5376973981808","49.7798016624101","48.9161113273738","48.1706968890291","47.7221569874268","47.6237559950389","47.8575206844895","48.3975588463877","49.325960072298","50.5208240737897","51.7515422454964","52.905572681768","53.9980916306557","55.0571018914481","55.9766272791797","56.6470045343285","56.9467002951653","57.1296262620538","57.3228523922316","",
"Ghana","GHA","Age dependency ratio (% of working-age population)","SP.POP.DPND","93.5217394567826","95.6844424591873","98.1375161246855","100.240190788334","101.879542345382","103.165237033232","104.213806176347","105.067313210644","105.77659364228","106.331044877043","106.578239956526","106.352673017781","105.819418954376","105.130275001541","104.324548517396","103.483226577348","102.012534222768","100.089832448456","98.3749704821458","96.8767114078693","95.4762232153088","94.1327907646138","93.0145118642883","92.0666200964355","91.6126654252281","91.7173890833646","92.0916551124609","92.4362836550524","92.4242276838759","92.1660652038456","91.8552673984128","91.648074420294","91.2775588108421","90.5351804870698","89.5214427960128","88.6102671349091","87.8801646872639","86.8456047745877","85.5145462560987","84.2689579944621","83.1799875094507","82.0317898789696","80.8269838475642","79.7165271538413","78.6772717883956","77.7192578163005","76.842523684012","75.9729700620989","75.1307760332468","74.3978797285801","73.8764202924428","73.5486144622864","73.2901734874387","73.0364754591143","72.7330535019516","72.3116450715179","71.7313257725725","71.0007408539075","70.2220127738796","69.4561926050096","68.6146228058037","67.736408434496","66.9188069536881","66.1425812587668","65.3615857268255","",
"Gibraltar","GIB","Age dependency ratio (% of working-age population)","SP.POP.DPND","52.0927641200641","51.070589860478","51.0410996189439","51.454436530653","51.4944769330734","51.693030938314","52.0905923344948","52.3415139151087","52.3769808173478","52.392065344224","52.6361031518625","53.296266878475","53.9602843281056","54.2948394688183","54.4174919327918","54.1868932038835","53.8722380223146","53.795989348405","53.6570872947277","53.3075808788025","52.7487747709354","52.1548072850487","52.1394192627069","52.6159239390237","52.9421187526698","52.9777873162356","52.7885652642934","52.4305555555556","51.9927931862852","51.2492449618362","50.1269455789822","49.2177965161433","49.222740395292","49.9612231331708","50.7665910223059","51.3544891640867","51.5967128123104","51.8080246573835","52.0957095709571","52.2709776751347","52.2137991650187","51.7003071522598","51.5326400609789","51.9997849693581","52.4042033754379","52.7178466694596","52.4128341144358","51.5454545454545","50.8107304011504","50.5323305333073","51.2487899322362","52.1724502547342","52.7347289113538","53.42044217204","54.2254183117127","54.9915950691072","55.4354853606724","55.5646406832016","55.51490273068","55.300809450886","55.0027852765994","54.7875020997816","54.6890424481737","54.4709897610921","54.4715447154472","",
"Guinea","GIN","Age dependency ratio (% of working-age population)","SP.POP.DPND","78.5911941348461","78.7953916426967","78.9283256527075","78.9970981212948","79.1081826511253","79.2001223310889","79.2385374819423","79.3077385667907","79.4058443298031","79.5627075163308","79.8239400353549","80.212313873642","80.7207634876026","81.3244423950005","82.0107962481349","82.779325198769","83.6205198763335","84.5171493411786","85.4230608113091","86.274154818456","87.0287567638071","87.665078006359","88.2062479198467","88.6676504007919","89.0435668715982","89.3370505273581","89.5541117421889","89.7313751139958","89.9131392928916","90.1617372304622","90.4125443599268","90.6539464701853","90.9714557805994","91.2856612287922","91.6222511281938","91.8928758339304","92.0965601025895","93.2050572499559","94.3669813290083","94.8055921211571","95.4891640392962","96.9009853165129","97.6640543337298","97.1858258324477","96.7928505338843","96.608436613336","96.2596592365407","95.5157736478249","94.6123577226182","93.7012872064772","92.7886943235919","91.8009525245933","90.7754054831605","89.8424960977693","88.9330882934155","87.9946472888639","87.1231739532877","86.3451129475656","85.5693018365772","84.7162617278037","83.7865279487499","82.8185160092224","81.8207431951781","80.7795140106788","79.7147834280458","",
"Gambia, The","GMB","Age dependency ratio (% of working-age population)","SP.POP.DPND","77.5682174035232","77.0137133358728","76.7232242000067","76.9575677592023","77.7827196704693","78.6638767089471","79.3050792970424","79.8309192273367","80.2623485435798","80.6454358163334","80.9920780180541","81.3404158752038","81.708426308247","82.0722825602567","82.9198313284438","84.2486238002848","85.6044402649682","87.0040889136","88.44160209711","89.914538856737","91.4373515105035","93.0493015869699","94.6821411773679","96.3419034062828","97.3543683518585","97.6724649822552","97.967882940137","98.2217141202669","98.4344670867875","98.6225045906694","98.7963229985995","98.9273797574804","99.0464524312162","99.1887388912541","99.5680886459026","100.114119114398","100.468897059843","100.558434944127","100.408242867393","100.021050698276","99.425741841491","98.6774416895576","97.8038821695841","96.8234739300543","95.7668878330325","94.6519231218328","93.5215062255457","92.4071184490394","91.3004861827289","90.2178321276723","89.2340784976231","88.4239620831473","87.777816583612","87.1721872628454","86.4831870148444","85.7554289646096","85.0043055925719","84.1843109963001","83.2704899189591","82.281039268218","81.1932945603832","80.002725185959","78.8082209990315","77.6473477794781","76.4484982313518","",
"Guinea-Bissau","GNB","Age dependency ratio (% of working-age population)","SP.POP.DPND","69.1983456065426","70.0237582380377","71.8868733288039","73.9931446903549","77.7267772103965","82.5070859743731","85.7399349968547","86.3688321897057","85.3352523889357","85.4854398346733","85.6491173452694","85.8815247927857","86.252222504445","85.3104095029697","85.3127435991951","87.0909148390101","90.2523850372315","94.2641647789024","98.3365358358782","99.3912715687586","99.1812295247336","100.426818678194","101.641846954137","102.723123117523","103.562204368832","104.109255772921","104.367757373699","104.369348412319","104.175137300118","103.833253881776","103.3242495432","102.35941088987","101.151111346753","100.217285239354","99.4196546780983","98.5049415801713","97.459779701376","96.3406745570503","95.2720880364143","94.2533274264692","93.2017825233847","92.1620637486497","91.190571166311","90.2926378093071","89.4111620269331","88.6231019389508","87.9594891252525","87.315007022762","86.6437802046737","85.9406939263778","85.243743791097","84.5945365779744","83.9791401843337","83.3690490606512","82.7321224104691","82.028063446907","81.2544895782418","80.3631723483211","79.3500481926137","78.2909872123504","77.1805719224165","76.0215209126125","74.8100197016606","73.5656689085059","72.3477499737723","",
"Equatorial Guinea","GNQ","Age dependency ratio (% of working-age population)","SP.POP.DPND","78.7938026825001","79.5438513990125","80.2366407304996","80.8789485002973","80.999913201979","80.6162678730401","80.220858605564","79.8738945583137","79.6828420239954","79.8977007775633","80.4210159272924","80.9362364987916","81.3763758483666","81.8023804798249","82.2975704123068","82.9046091293161","83.6707884555056","84.4086881204611","85.0138828488275","85.5742705570292","86.0718775181305","86.5557695028698","87.033672515774","85.363444505017","82.4513245132451","80.8707971908557","80.4123297746673","80.7561004825627","81.5269451188294","82.448797009298","83.4155132474021","84.364746422953","85.2515441557829","86.047401416707","86.6744710812507","87.0666055406379","87.2379894754111","87.2184033626197","87.0371990226436","86.5565767362791","85.3956872462698","83.5995289036236","81.5060812363095","79.3475593762427","77.3539503323722","75.7861845279182","74.6128551656044","73.6605144898264","72.8645955367261","72.1762767984791","71.5821659653801","71.2568780770345","71.1554976281368","71.096275000985","71.1300002078262","71.204856163819","71.2514690269506","71.2419346530161","71.0879666380889","70.7256912891081","70.5844003545916","70.5208353532024","70.2001204157552","69.80165670554","69.4149705171208","",
"Greece","GRC","Age dependency ratio (% of working-age population)","SP.POP.DPND","51.2211713749095","51.2510556263059","51.1674716899835","50.9193405458645","50.6933403452669","51.4051980072665","52.3642803609273","52.5387859834366","52.926394605145","53.5865247789891","54.7284186223711","55.6571017227616","55.767157844193","55.9078809635849","56.0603852254607","56.0189432874123","56.0692686282586","56.3477910630715","56.6161396058903","56.4986231345198","56.6588633777827","56.8668488894199","56.2031367277852","55.2325944358192","54.1787952217946","53.2431528572028","52.4228630937953","51.5633664646296","50.7116585144282","49.8660941467323","49.3490579993526","49.2637714882774","49.2335519371762","49.1711277189317","49.089051055969","48.9292463784505","48.752281488538","48.6208332880275","48.5745214831745","48.6671865513342","48.9160603436348","49.2575277803581","49.6012356692461","49.81394017461","49.9237390044235","49.9778663729531","49.9652587360059","49.9217313970267","50.0289146353289","50.4142717154432","51.0371347687828","51.8715656781089","52.8110001674071","53.7320344476507","54.5221040368717","55.1924638263983","55.851580185391","56.436632254429","56.9000604480465","57.2897286477691","57.6385194008422","58.3823438839074","58.9229298063424","58.9062451092587","59.1322060504029","",
"Grenada","GRD","Age dependency ratio (% of working-age population)","SP.POP.DPND","104.919389978214","104.485007078203","104.013547840813","103.622231998827","102.502278564918","102.894442835271","104.623373373373","104.94670846395","104.482528563089","103.314631167057","101.486364753091","99.5085547870404","97.5816614326006","95.4827210614912","93.3600345545215","91.3197761703289","89.4388606465132","87.7554575011612","86.3054244370502","85.1586132009618","84.347639568668","82.6607108176345","79.5821679319596","76.4504738896116","73.8381723855466","71.6525870229144","69.8517153636922","68.4270516717325","67.4154050510039","66.8198189100946","66.615548739832","66.7863584465441","67.2763792620886","68.004594683295","68.8600009823344","69.7538733084919","70.5266590575575","71.0079256805041","71.1921064530715","71.0681541322049","70.6655019059721","68.9445852498514","66.0753132947268","63.2972900013498","60.6958592406403","58.344035439604","56.27305749475","54.4941150157958","52.9944952609577","51.7334497149559","50.6961794535903","49.9792583869716","49.4837161830786","49.0243454053628","48.5507152061017","48.0008776005369","47.6467118087617","47.406527735213","47.1427662957075","46.9868829605221","46.8123769622937","46.6187520418164","46.5020112025864","46.4482719801869","46.370277864502","",
"Greenland","GRL","Age dependency ratio (% of working-age population)","SP.POP.DPND","84.9112426035503","86.2804709524073","87.4866080994215","88.9142619887897","90.5341035775818","92.3405299313052","92.4721984602224","90.6885723387794","88.8105803532585","87.0054144106622","85.2295409181637","82.832352029749","79.5739301780868","75.9488671047434","72.0004169707078","67.7171744496669","63.0416953711905","58.6995630943202","55.0778541259535","51.8956330005512","48.8774874699724","45.9519789371262","43.4061038093117","41.3993377842914","40.0329489291598","39.3363191116","39.206910907577","39.5192902826491","40.1857204983244","41.0318533064701","42.1267893660532","43.3441810010848","44.4667955483568","45.5312417611389","46.5423916774483","47.225666868948","47.4895121500752","47.6170392239561","47.6315789473684","47.4492075590717","47.0388108136401","46.4579815560462","45.7807428777497","45.1098212687617","44.4687063602895","43.8344743955739","43.2157001236032","42.6679448046215","42.2521339461589","41.92768048381","41.5200140185746","41.0857327083798","40.7756164044109","40.571414350066","40.4811219524368","40.5027793079273","40.6031031031031","40.8031282899684","41.1326078194277","41.6639371110383","42.2834208400646","42.9151635932494","43.6394057699133","44.7646444846109","46.2244976716664","",
"Guatemala","GTM","Age dependency ratio (% of working-age population)","SP.POP.DPND","95.5252010269794","95.9267364842349","96.1009418388369","95.9948797175017","95.6827950936203","95.3522428514249","95.0313902140207","94.6530884001293","94.2384390217244","93.875194536027","93.5966364127475","93.4758656249869","93.4858090348237","93.5895303662997","93.5278211798113","93.2871030329331","93.0834509580479","92.956145118114","92.9613226523626","93.0365584055066","93.2062914995764","93.4726536790749","93.9870049108694","94.5303399385076","94.7783643295948","94.8721303335919","94.9447519283565","95.0502090859955","95.1760601479267","95.2567471741824","95.2063896923254","95.0970026765236","94.915791647758","94.6367120478492","94.3578521886772","94.0338284682176","93.5943449773791","93.0359348676524","92.2980115998783","91.4781493329507","90.7630641286588","90.0103391570531","89.0023823387477","87.7262698847206","86.2506893109682","84.6598327799119","82.9981312024304","81.2868486815643","79.5368201134386","77.763131897951","75.9881537818837","74.2499171577809","72.5972732426122","71.0381612271972","69.5871817440447","68.2484082404697","66.9557228820458","65.7208767382211","64.5800677559675","63.4502854678952","62.2054538401565","60.8832620120909","59.6014318443178","58.4095417496558","57.2981463861187","",
"Guam","GUM","Age dependency ratio (% of working-age population)","SP.POP.DPND","72.0404830248441","73.9165426919981","74.476149610241","74.0122813115514","72.9545199326221","71.7795817101569","70.8438114156506","70.2492436248379","69.9109887681087","69.7257798381394","69.5935052970981","69.1693469967836","68.2880296533178","67.0326378119273","65.530548820054","63.9680201281181","62.6253858024691","61.5596358972755","60.5873661441911","59.8538628330413","59.3789341166597","58.8544011706439","58.1018486889748","57.0835873916386","55.769724676392","54.2662540238885","52.9109259080836","51.8824781576393","51.2069318880514","51.0035471639368","51.4896500469956","52.3236227784136","53.0178209369331","53.5543724632334","53.9291923008859","54.2099583782951","54.445527068997","54.5906552923604","54.6803686873187","54.7892158300819","55.0176260943674","55.3157281628173","55.5098873304208","55.5285436448919","55.3039999241541","54.8436631527381","54.2396511714949","53.565322430775","52.9455203352595","52.5311401375031","52.2779230755162","52.1010091785013","52.0490342160833","52.1521099386683","52.4345535270168","52.9035966953796","53.5461854899028","54.3640003021376","55.3496056074409","56.481374028084","57.7259021495963","59.0069048567072","60.3300169861684","61.6468943556686","62.8260869565217","",
"Guyana","GUY","Age dependency ratio (% of working-age population)","SP.POP.DPND","101.004061451527","102.245443499392","103.578498241008","104.586011672628","105.216863214942","105.411742637404","105.162543253142","104.504387671292","103.490419253584","102.189088246064","100.91464547838","99.7287109566582","98.5000068769169","97.1917638035153","95.7464301627379","94.2088533388916","92.6001976557819","90.9634839167634","89.3167535766814","87.687245606766","86.1864345651703","84.3290633190261","82.0208288416652","79.7290254134227","77.5172217686825","75.4557094739811","73.6034390792959","72.017514238761","70.7341905294883","69.7550367793397","69.0454345645338","68.5068395307075","68.0670197244715","67.7295975193577","67.5144836634914","67.4267661882654","67.4431968295905","67.5442684063374","67.6924732457961","67.8210627527254","67.8720994547897","67.7875519619334","67.4934035781887","66.9306289594344","66.0921981644021","65.013022555804","63.7115265563558","62.3174667853351","60.9548003438339","59.6044760124188","58.2842692997522","57.0738094536391","56.2223026989234","55.7294370227026","55.3988762771685","55.2425261676201","55.2559983733225","55.4357477604303","54.3024230491822","53.9720485823168","54.9614746154658","55.0916971436287","55.3409273526492","55.7699884070538","55.9953375228056","",
"High income","HIC","Age dependency ratio (% of working-age population)","SP.POP.DPND","60.0421923767938","60.5000594998635","60.4128632316337","60.2040868881592","59.8765435062282","59.5944259330028","59.321899463402","59.068296017048","58.8294112081526","58.3821916078499","57.8951634400425","57.4085632092205","56.9381493827109","56.4168133672999","55.8831571518649","55.3235262060688","54.7382534393078","54.2134362216825","53.7391924847713","53.2825283459971","52.8108216517974","52.2564118746981","51.64614595013","51.0315852019177","50.5259649757772","50.1720692192369","49.9048746206161","49.7154931026086","49.6454472676601","49.630511430475","49.6166615487101","49.6341779817026","49.668498979086","49.6681246575753","49.6318847080473","49.4972359147422","49.2885310035324","49.0675994301393","48.7640431097547","48.4322108871552","48.1729810877382","47.9722888068308","47.7962206300184","47.6407486498705","47.5253383049414","47.4484486442871","47.4006914840121","47.3805496650781","47.4134282978298","47.5082167946386","47.6072020002606","47.8907915667169","48.4662701398459","49.1250280771296","49.8125865624181","50.4615246841221","51.0678532954132","51.7066803761426","52.3181251103204","52.8759968826805","53.3922760986637","53.8614141456096","54.1865873727427","54.519831322632","54.9303830704444","",
"Hong Kong SAR, China","HKG","Age dependency ratio (% of working-age population)","SP.POP.DPND","76.4387628922402","81.8924491156273","93.119631102474","108.241009033578","86.6059662154067","69.2227156062203","69.7613968891194","87.2619298527125","104.051408055059","86.5195582693202","74.2493830409884","67.4933059401681","64.4000987134165","61.8263609556515","59.2789695948097","56.8013515228003","54.4829812274798","52.2788000681712","50.1045827976091","48.1686087052702","46.6716222522789","45.7970767458292","45.3797311227997","45.0505971522311","44.752905904863","44.5362479701825","44.2508543402154","43.807972226417","43.3485310191484","42.9084849870945","42.5149485177396","42.1613417539378","41.8283574608257","41.4973202791005","41.1273492288083","40.7416755486116","40.450848204835","40.2253571648517","39.9590498346786","39.5808833875825","39.0656333453725","38.6766411349744","38.4463647277344","38.0817334272916","37.4809262568404","36.7124441593314","35.9303171528991","35.3261706448474","34.879274926486","34.4835513779318","34.0969873136484","33.9176147984305","34.2513115606412","34.9615930314556","35.8520759839574","36.8431246619414","37.9119773975191","39.128588937798","40.4021598941078","41.7143206606678","43.0664684402752","44.5870119180782","46.1893957002668","47.8071542342089","49.6445293559126","",
"Honduras","HND","Age dependency ratio (% of working-age population)","SP.POP.DPND","100.964445336727","102.254773802747","103.342661474219","104.142454681529","104.536933647035","104.631141649285","104.644232409845","104.575031210378","104.423829949601","104.220013689673","104.000937418421","103.779379477823","103.571692311122","103.382826191931","102.799897940491","102.228403259484","102.103015297334","102.073439955384","102.073968348031","102.03889898002","101.926857849944","101.720975730651","101.427285572616","101.065780398062","100.655354393985","100.184610939506","99.6348245784867","99.0293161988784","98.5286030690546","98.0151604070858","97.2358408074945","96.2505199472048","95.1577016001546","94.0049395117296","92.8161404168435","91.6126762138546","90.4031424503308","89.1842440721146","87.857877870669","86.542106356866","85.3497886494274","84.1307116885523","82.8049471886088","81.3802062765508","79.8958826010027","78.3394613249721","76.6968475635858","74.9959907351361","73.2703749692388","71.5457045075185","69.8327835239903","68.1556416402916","66.5563499269662","65.0370119525093","63.5795259596654","62.1657515555952","60.8206269905275","59.5919942822008","58.5071463840858","57.5525251243283","56.6772344988914","55.8747769782473","55.1663201925249","54.5329302016737","53.9383402159092","",
"Heavily indebted poor countries (HIPC)","HPC","Age dependency ratio (% of working-age population)","SP.POP.DPND","86.1676355803064","86.5765764394199","87.0052089096723","87.5153800511969","88.0588929371341","88.5797434803964","89.0867488421247","89.5812886214344","90.0665590951418","90.5512744015958","91.0562206101352","91.5979980641628","92.1864581291706","92.7546839327579","93.1959923964646","93.5600321567039","93.9682032860691","94.3813087149308","94.6767928273238","94.9548356999905","95.3065373924578","95.6548642644407","95.8809813045078","95.9406456179625","95.975122584748","96.0263532553584","96.0511077898271","96.0662563017671","96.110531678952","96.1842138988744","96.2353111869885","96.1477739547668","95.9721871740472","95.909413880168","95.6191690013234","95.3817724681528","95.67458094402","96.0087817478771","95.9742633267244","95.7751912004275","95.581023924987","95.3621365405727","95.124463729659","94.8374866395337","94.5201889157283","94.2162344259001","93.9279181722326","93.5823293476143","93.0896630589661","92.5113867330704","91.9208621245375","91.2727528565027","90.619705193222","89.9599988682903","89.2467718096107","88.502059816911","87.6623263543674","86.7586502385234","85.9234032216169","85.1536295788884","84.3382795901379","83.4730479342162","82.6119982584763","81.7385855088322","80.8918846825889","",
"Croatia","HRV","Age dependency ratio (% of working-age population)","SP.POP.DPND","52.149886811313","52.2058254186006","52.1424298780819","51.8623071477088","51.4815383393392","51.0917377344726","50.6849631109175","50.2290303648316","49.6775795011328","49.0420427371255","48.4182019213206","48.0245576575156","47.92245194377","47.9622819000321","48.0657183280727","48.1921351886787","48.3143708776441","48.4430569645227","48.5880344253373","48.6652162884122","48.4173926286638","47.7419379642056","46.8742621398886","46.1209481722389","45.787647678878","45.8440770420078","45.937909455333","45.932467810769","45.8886643129141","45.8266546920157","45.7685810913893","45.8212865737134","45.9438840031678","46.0637402460672","46.2105206915734","46.458624914606","46.8476126734171","47.2987817672398","47.7986580464221","48.3144283747915","48.8829535208705","49.3565496736982","49.6449467654937","49.7926488319833","49.8467800131376","49.9613975378622","49.9783963931369","50.0158187371114","50.0790145227927","49.9484171267678","49.6358410318168","49.4544483296179","49.6036022559398","49.8940738721452","50.4049904010098","51.1801168956063","52.0598913960268","53.1539680921575","54.404174761829","55.5626368276391","56.5384976854398","57.4325023610932","58.1918903516528","58.6141257780841","59.0102882477899","",
"Haiti","HTI","Age dependency ratio (% of working-age population)","SP.POP.DPND","78.301762110466","78.5319776093801","78.8478152728657","79.1212695977909","79.4584534413656","79.8543475382026","80.1694732143381","80.4503065762068","80.6998013054756","80.9139602145676","81.082025032797","81.2211209345815","81.3807618877526","81.5646836456642","81.7577509090982","81.9720455111583","82.2018411006226","82.4334628509739","82.6489915321767","82.824018119116","82.9769767127328","83.129691444865","83.2849886215099","83.4431323228867","83.6054891392802","83.7783425264133","83.9383533120199","84.0590508333045","84.1417373045637","84.1729193797718","84.1400470179644","84.0252183827131","83.7914144651534","83.4365799888751","82.9812561730336","82.4470020245767","81.8385290521912","81.1496639840436","80.3823984888001","79.5426992585074","78.6483303903405","77.6701950314897","76.5809764629569","75.4117360828128","74.1547879420439","72.8421985490925","71.5666152023026","70.3635956506946","69.2417979441899","68.2048966580113","67.1131862549563","66.0501065812409","65.1132658490614","64.1877475497991","63.2843449372842","62.4034039884297","61.5877104706967","60.8591394627646","60.1712469523247","59.4966700801278","58.8189047336414","58.120882973509","57.4139171312685","56.7161065708492","55.9912955357223","",
"Hungary","HUN","Age dependency ratio (% of working-age population)","SP.POP.DPND","52.334420915513","52.4474933395156","52.2395230421197","51.7510733797314","51.2889369805525","50.7927816334761","50.3443385280878","50.0670532104313","49.6607836873808","48.8211471283642","47.8817096122956","47.2695812800184","47.1908507593462","47.5348084567887","48.300114578663","49.4536281535059","50.6583811271421","51.9476079095292","53.1642816985075","54.1792512877256","54.6308607402621","54.2527978876629","53.4056278776445","52.2732805682571","51.5623728023261","51.5456104952255","51.7461009887383","51.9409705017152","52.0156134493492","51.5732108760826","50.6817945127303","49.8950356061072","49.210057368222","48.6097008227858","48.1545911378721","47.861766173196","47.5899073802118","47.302811074816","47.1061418061155","46.862467414201","46.5134969001209","46.0796947512792","45.7484195392198","45.5260957931616","45.2882759790502","45.1149712598825","44.9804921957987","44.9578544845588","45.0548815371194","45.2408244250738","45.3474391729633","45.4921371252785","45.9183193176449","46.5518564551724","47.3832344986651","48.2516970384934","49.1419689923618","49.9595066798946","50.7744401660746","51.8661548498973","53.0182854466453","53.7758455735364","54.2213783062208","54.5703480456464","54.7857651144164","",
"IBRD only","IBD","Age dependency ratio (% of working-age population)","SP.POP.DPND","77.9878438379135","78.1727757091148","78.7023442154757","79.8460561245615","80.7592785736217","81.1171738757422","81.2209081245606","80.9185799569389","80.5795882163909","80.3648773635585","79.9600106594223","79.5775838423213","79.0646294818836","78.5333247148848","78.2949753640896","78.111929181823","77.8871217460754","77.0922374668692","75.4598688107186","73.86239892955","72.5579660477429","71.3318568236195","70.3050458696814","69.2395582113996","68.0982473243459","67.0893625460841","66.2256474400922","65.5335655751011","64.9098690160329","64.3825054000333","63.9839984793201","63.5644972552368","63.0948859931351","62.6170565527031","62.0586730912776","61.3744399083497","60.5662196256194","59.6148708369335","58.6107263099327","57.608569090176","56.5921716226231","55.5517744839258","54.4807230399165","53.4498675788169","52.4442694857396","51.4415084151789","50.5800925225379","49.8996474281182","49.3087115200289","48.7963437129122","48.3561728992544","48.0202322324669","47.8204165003023","47.70938534859","47.681477083612","47.721633861891","47.8074148958697","47.9692770335215","48.1240808283455","48.2369022845809","48.2695787934226","48.1419415748928","47.9909411415654","47.8181605804978","47.5050852781932","",
"IDA & IBRD total","IBT","Age dependency ratio (% of working-age population)","SP.POP.DPND","78.9648638029899","79.2226672102773","79.7700346347345","80.8395974202815","81.7324900808805","82.1563162413923","82.356046710013","82.2139495061638","82.0329785119121","81.9483429579152","81.7013708596998","81.4649191918358","81.1252687834111","80.768120468576","80.6354216425953","80.5367354933969","80.4008046019543","79.7970289211309","78.5100909916214","77.2544755980367","76.2280434706849","75.2699421131477","74.4836300670973","73.664652832391","72.7917776969409","72.0208969345247","71.3473251621777","70.7997819423064","70.2982490503442","69.8735108222895","69.5459875800019","69.1863516253379","68.7986200203237","68.4157060716061","67.9294854876547","67.3324872940293","66.6652885270404","65.8749107453253","65.0065946690857","64.1313147588558","63.2501735627752","62.3654076958101","61.4889736868292","60.6516671514785","59.8230309551293","58.9996500677771","58.2921140691082","57.7179828450841","57.2174396359725","56.7878511517191","56.4132494874695","56.1174602852579","55.9321970238063","55.823008312195","55.770026135289","55.749178411098","55.7343222229563","55.7638116022289","55.7876028026292","55.7769348538896","55.6968411369283","55.4922681894611","55.2680200693149","55.0179222990975","54.657171854442","",
"IDA total","IDA","Age dependency ratio (% of working-age population)","SP.POP.DPND","83.6431096732228","84.1828496710201","84.7774300445888","85.4900361060296","86.275113344834","86.9899697938434","87.6208180010278","88.1994952962337","88.722401752539","89.210391228553","89.6639299761019","90.0808729191352","90.5054188352559","90.8886029342374","91.1695214214395","91.3813135998377","91.568974880049","91.7297854970591","91.858415816127","91.9630141604001","91.9998449267846","92.0553846919659","92.1462443179777","92.2064367357524","92.2918492136152","92.3326894196464","92.2637310150386","92.1291106453459","91.9447739739929","91.7464935143333","91.5073794045018","91.1768166777226","90.8663181543901","90.5795611130759","90.1002489632881","89.5619045933947","89.1436173085722","88.6726018200191","88.0260801615104","87.3329510829233","86.6497838957579","86.0173991288232","85.5026219269987","85.0075686684426","84.461290888336","83.9141193788127","83.3753068001313","82.791819831813","82.2373735304556","81.7371618078984","81.2387176448699","80.7523257747762","80.3295896650866","79.9870150820897","79.6114655652247","79.1522966851005","78.5756061265755","77.9512046143547","77.3169792364435","76.6626236249089","75.9590735478857","75.2220231068511","74.4817000769613","73.7214702255385","72.9503936461879","",
"IDA blend","IDB","Age dependency ratio (% of working-age population)","SP.POP.DPND","82.1146155031761","82.7623545050682","83.5503528091131","84.5369594856947","85.6520795053446","86.6904727239406","87.6031033288681","88.4193477308535","89.124563985093","89.7209252023406","90.2097945205008","90.6482504843823","91.0264178282096","91.3061749637192","91.5160133992698","91.6593318307382","91.7932975336295","91.9085366950625","92.0131894151082","92.0420564112335","91.7033255618604","91.3922903564408","91.486126083166","91.8008941628888","92.229179021377","92.564978731609","92.7511174438683","92.8754497225257","92.9219449571856","92.8771032829899","92.6678392192405","92.3977280636677","92.3692651918389","92.2662544085823","91.8795223024954","91.3474987525083","90.6322225591272","89.8008080257614","88.8908684222918","88.0112387954901","87.1519262702334","86.3144292105718","85.6445342048363","85.0199495708291","84.2965714593546","83.5824512333667","82.94028356301","82.2861185137559","81.6609648675519","81.1265023906999","80.6852397966141","80.3547277205558","80.1276208551209","79.9382269112052","79.7125917562551","79.4361883346782","79.0530272778834","78.5184745487292","77.8689619229271","77.1626205729215","76.3354305728056","75.4087276907605","74.5058735707835","73.6072157316604","72.5919105827999","",
"Indonesia","IDN","Age dependency ratio (% of working-age population)","SP.POP.DPND","73.0194984409818","74.0207833426585","75.1663793463918","76.4584172860914","77.9203945258043","79.483738039885","80.9555738398918","82.2198592536988","83.1804032294979","83.8382766966568","84.2482040508783","84.422880674183","84.400031639968","84.2221403316755","83.8589727302006","83.3290918397158","82.6906388182499","81.9444256925808","81.1288661506517","80.2501103736508","79.2674238909642","78.1692089584605","77.0071856100235","75.816970841528","74.5767878761624","73.2438699452065","71.821860695905","70.3946561857219","69.0148853171995","67.71245262073","66.441821588986","65.1982983795626","64.0004085949468","62.8062315539282","61.638983497166","60.5320359171214","59.5017980028463","58.5270356992151","57.5769241069289","56.6440473452067","55.8008907117312","55.1131405443784","54.5155741469321","53.9272699970922","53.3540032243905","52.8815735759382","52.4846088421651","52.1311902636998","51.796391603422","51.4312184816146","51.0659039313865","50.7251147654356","50.3950625185566","50.043914325018","49.6839805094095","49.3596437927725","49.0806241774761","48.813317657578","48.5572855648717","48.3187310528364","48.0216798448748","47.6279810142978","47.2726576874372","47.0224568841154","46.8135550051726","",
"IDA only","IDX","Age dependency ratio (% of working-age population)","SP.POP.DPND","84.3451453144131","84.8358234121716","85.3420764022202","85.929197556698","86.562572720927","87.1283284048635","87.6290123892131","88.0977007866011","88.536047684837","88.9735202899402","89.4100988544472","89.8160726887103","90.2613971593858","90.6925738317105","91.0064206108366","91.2498528476341","91.4623136478757","91.6442484389951","91.7839319842599","91.9247560923938","92.1451201372051","92.3847911790717","92.4768925682798","92.4104325797375","92.3234872940349","92.2148143203264","92.0149571160798","91.7459595794052","91.4401347167696","91.159356054449","90.9009607410474","90.5349648591518","90.0743172607676","89.6906060477416","89.161865141751","88.6189959176673","88.3562325242784","88.0747686062077","87.5669333522289","86.9722352773537","86.3820730295798","85.8585358152266","85.4266402878001","85.0009346917922","84.5497330962051","84.0925216776438","83.6096296652202","83.0649897762056","82.5498723832803","82.0693804169236","81.5408090465187","80.9697794087519","80.4401223964485","80.0137362822413","79.5560905939645","78.9970024510034","78.3150978781453","77.6424991244677","77.0174033116281","76.3921626391077","75.7561309214165","75.1215882941712","74.4687261064484","73.7825938228864","73.1415022106103","",
"Isle of Man","IMN","Age dependency ratio (% of working-age population)","SP.POP.DPND","60.1304191106596","60.769154195839","60.6493549345036","60.7101984762777","61.1619901273058","61.7632811238495","62.1943814119978","62.5950600213689","63.2821905967339","64.2588092345079","65.4529679272379","66.5938413391987","67.5535954202932","68.4186180977161","69.1425466193799","69.4666628981657","69.4040880064694","69.0881625926943","68.5357750587473","67.8361952281112","66.89935403209","65.9797522997071","65.1248276918364","64.0621430203336","63.258697027198","62.7274105518496","61.900948472184","60.8124341153686","59.7140051258713","58.818292568644","58.1657945469568","57.8152552335308","57.7032570442268","57.5722491873358","57.2356502143078","56.6721437178223","56.0303194369247","55.4120305239374","54.8286343150613","54.2475302658445","53.5319304369001","52.9978993698109","52.8291438403576","52.6680228464126","52.3669554455445","51.9278535671978","51.5667472062821","51.4416885952634","51.4847645429363","51.7084324126578","52.0622949036387","52.8271815119354","54.0534122460909","55.2245138914511","56.1682086412629","57.0942644516275","57.8403933434191","58.2694455486778","58.5594278578726","58.7137753076618","58.7431074854596","58.7313869439674","58.9345423632757","59.3260766682442","59.6823770491803","",
"India","IND","Age dependency ratio (% of working-age population)","SP.POP.DPND","78.1963185263407","79.2466190568615","80.3615159024236","81.5177912967037","82.2853750137233","82.5509385087176","82.623126636811","82.5030296249276","82.3426324478197","82.2116927473581","81.8831795123665","81.5721664288433","81.3068188425448","80.9986462457341","80.6676964293863","80.2142744665989","79.736917591325","79.2201937493938","78.708214458787","78.2074598737802","77.7617081261085","77.4442996803025","77.1464292145873","76.8314430501224","76.5377223359011","76.2649733062572","75.9796715196638","75.6478119789457","75.2337643196994","74.7462897436702","74.2102460090207","73.6394717785432","73.0414337152497","72.42005748992","71.767235521839","71.0333210055779","70.2088855735137","69.3432839707025","68.4423001360828","67.5027186489675","66.5658129376285","65.6393614041737","64.7352214074379","63.8360537864219","62.8827039448926","61.9081709086155","60.9024728456723","59.8780645451957","58.8878284434793","57.9164697840483","56.9435299366504","55.9876762675338","55.060078071414","54.1378376565175","53.2421090234343","52.3977058192572","51.5768937298059","50.7672033452389","50.0307900245271","49.3781313856783","48.725925362152","48.0405766189907","47.4637059570602","47.0132181120622","46.5639973059355","",
"Not classified","INX","Age dependency ratio (% of working-age population)","SP.POP.DPND","","","","","","","","","","","","","","","","","","","","","","","","","","","","","","","","","","","","","","","","","","","","","","","","","","","","","","","","","","","","","","","","","","",
"Ireland","IRL","Age dependency ratio (% of working-age population)","SP.POP.DPND","72.7420960384007","73.1067900470338","72.7866968774046","72.568722925064","72.7195274201401","73.2289532511209","73.520260448577","73.3317169362188","73.1197780684665","73.0479186925858","73.2145241894105","73.265850346439","72.8852251831695","72.4478037974896","72.1517855232236","71.8868727803795","71.5873171481335","71.2550161565766","70.8190860093673","70.3137407535856","69.8884136579771","69.4827412724707","68.9873460677404","68.4039045759177","67.7308290048419","66.9013672575222","66.0245859925789","65.2586139689869","64.5801953700236","63.7538373137544","62.5766507851761","61.2432335020633","59.9077338716273","58.4843685326815","56.9403677604832","55.2788085214775","53.6939472849167","52.3115118763457","51.1260689188045","50.1106004084999","49.1855936825044","48.2896367937699","47.5612657714796","47.1541931452612","46.8096917014581","46.2404537484022","45.4699838177237","45.0913998816561","45.5578463161533","46.6772507032488","48.0748648862785","49.4173482756641","50.5369478087777","51.3979987426655","52.0464573784336","52.5046737823192","52.7774365060908","52.9415976507391","53.0287560298933","53.0371687022091","53.0535571712698","53.0448235155306","52.9466406867294","52.8088109767237","52.5496229649835","",
"Iran, Islamic Rep.","IRN","Age dependency ratio (% of working-age population)","SP.POP.DPND","91.0109246788065","92.7386058204711","94.0482468118631","95.0340100796713","95.2209727907227","94.6787199573272","94.1628840293927","93.7953031383006","93.4715409019677","93.0919037049684","92.5218611795693","91.7350019071933","90.7059557750523","89.4535030005982","88.1524387242486","86.9721412219126","86.2535552141234","85.9390420241955","85.8551156952198","86.1398248263411","86.6872613568139","85.3318783726297","84.2221619320629","85.0747801355294","86.076013187516","87.0640365173786","87.8366989782797","88.5123763065788","89.2812133751723","89.9152585827139","89.8874273123913","89.31523868053","88.6615647705843","88.7904106154351","87.6912585690127","84.2470244769223","80.1309732500436","75.3782117075045","70.2781189842862","65.3222190244484","60.6492581468016","56.3422902016049","52.8371003545029","49.8293700066519","47.0765649654044","44.7919748324646","42.9687321027924","41.6366525331215","40.7584832601421","40.2589386476999","40.0629628816199","40.0885727340065","40.2675281790404","40.6107006323808","41.2091454936804","42.0407182749515","42.8934477448489","43.6705219756192","44.3383750252204","44.7786947808427","44.9349216202493","44.8342885799624","44.6136576243103","44.414481053557","44.2576475929094","",
"Iraq","IRQ","Age dependency ratio (% of working-age population)","SP.POP.DPND","75.9017212286875","76.676666278666","78.5639019784703","80.9132618104329","83.0341572476616","85.1456241865311","87.0229293666007","88.435807240129","89.5163534489412","90.5996171125748","92.134239626389","94.0330902193956","96.6101400980735","99.8484642894232","102.669954316619","105.057551670559","106.867174831118","107.219534590459","106.572493302737","105.818243929897","105.089409794262","104.477819811268","103.869291186815","103.141192769265","102.278396525681","101.297094087741","100.21555922585","99.0883369479069","97.9934288756408","96.8504904614268","95.6739765579081","94.6156945185031","93.6850887253707","92.8411763423899","92.0679652454741","91.3021068910745","90.5489786714341","89.8334071497553","89.1620796654062","88.4946577757058","87.8154980028886","87.1176985817565","86.3837568242254","85.6149589152962","84.801227903648","83.8874965724331","82.9311075666823","81.984975135042","81.0306304495879","80.1148477417428","79.3452096647587","78.8269184426333","78.4084376059728","77.9595494709507","77.4322732901079","76.7457689966644","75.941151388931","75.0599077602728","74.1065293195781","73.0951419263335","71.9840510727635","70.7745819074433","69.4474528755877","68.0336199589456","66.6548244604985","",
"Iceland","ISL","Age dependency ratio (% of working-age population)","SP.POP.DPND","75.2602840914763","75.807449451553","76.0082610332082","75.9484433492868","75.7147771754795","75.2866962023009","74.6840304759863","73.9782386050298","73.0075045937731","71.89356864535","70.7434813837339","69.4870930337744","68.2477494509384","67.1695260891132","65.9671933924068","64.5472250739779","63.4370684919303","62.4413179923979","61.3181880507184","60.4078877242849","59.690052707839","58.8882538851898","58.2048558729815","57.8405056714867","57.4839235695593","57.0982331695572","56.7895344263986","56.2130290303519","55.4946765456696","55.2029561064837","55.2425569763687","55.1554581893906","55.3069468323706","55.6652775974218","55.6464400016383","55.4043611390324","55.1146130152394","54.7251643535427","54.2110979185072","53.7716550710979","53.5109699044125","53.3314321687804","53.1259153534396","52.6920906487493","52.0703928357587","51.0237631119548","49.6035615439924","48.4736425759843","48.0793453819383","48.5910630475959","49.3984902363292","49.8893498658573","50.3224717837189","50.7407510871488","51.0724108016317","51.2221099738985","51.0789131149535","50.5504237232406","49.9243409587446","49.6379021983175","49.9071422727645","50.3588236718681","50.351670582864","50.1598302412054","50.1688158799601","",
"Israel","ISR","Age dependency ratio (% of working-age population)","SP.POP.DPND","67.4069510446206","66.9870116967332","67.2292024632942","67.5725020497519","67.6487841224683","67.5404960190354","67.3128374577104","67.0066626228138","66.6583426681032","66.3106337028353","65.9936315153477","65.7186487207427","65.7309641035576","66.2399605649317","67.0236795756797","67.9172573741435","68.8716050020028","69.8124824629719","70.6130371478679","71.2284624579561","71.5707528053897","71.546446113558","71.3812027383585","71.1804654941048","70.9348314551326","70.7478619205242","70.3865146148349","69.9073112644386","69.5137755701723","69.0079517530554","68.083958297865","66.8869795109055","65.9902421195946","65.4612724383853","65.0064150484383","64.6256451425192","64.1053791794327","63.4169944713757","62.7572844856137","62.0214349729285","61.3653782156004","60.9354903371222","60.7826025882328","60.8369280836755","60.8695128292787","60.7965324131479","60.6785872439375","60.5299830283269","60.4061069673989","60.5187094942489","60.9514027511382","61.6501182328354","62.5502671944114","63.3461694365626","63.9784018028702","64.638409839837","65.3254208243869","65.951371618093","66.4016568980219","66.6943447277344","66.9096172948003","67.0610227135178","66.9632261676725","66.7509366513991","66.5610464169687","",
"Italy","ITA","Age dependency ratio (% of working-age population)","SP.POP.DPND","52.7113345131115","52.9246639423897","52.7456339509181","52.5191761941056","52.5807331892308","52.9136707873346","53.3711650236531","53.9459749022707","54.5079030979306","55.0641055607004","55.6183057623432","56.1060444475982","56.5458497290281","56.9326522258512","57.2536430495541","57.3767009590665","57.2800318408859","57.0616348779303","56.6987929772665","56.0719456120748","54.9821549352955","53.5936185021054","52.1200147838248","50.4879451635458","48.967765697237","48.0938963268662","47.5348100224753","47.0166813565779","46.615514477668","46.2024569290307","45.8326814441136","45.1228392248408","44.7467535816975","45.0146785977543","45.9200858587199","46.2760710154136","46.0798749813194","46.5546147309429","47.0199639784354","47.5438248032345","48.1294446293176","48.7075175866785","49.3473808027516","49.8629152573739","50.3372034792499","50.9499137159275","51.5615168509947","51.9029280358121","52.0470658069481","52.3275513333924","52.6601278213311","53.1271377991006","53.7707896984645","54.4363754385898","55.0998998007766","55.6066425327957","55.9197690149889","56.129984783102","56.307902617926","56.5632847288554","56.7526091414435","56.9283547845865","57.0326358787404","57.1418238396626","57.5226887063978","",
"Jamaica","JAM","Age dependency ratio (% of working-age population)","SP.POP.DPND","83.1966949195824","85.4534310737331","87.7115433329904","90.0845888016752","92.8153495230889","95.529286423186","97.8812122443885","100.105413624297","102.051070159491","103.413830762416","104.043950695611","103.945582458174","103.172429317202","101.907353301501","100.41221816659","98.708823384676","96.9045152993451","95.1601501973602","93.3763194697659","91.4552319699379","89.4886787637293","87.5617348928548","85.694328707312","84.0366915059279","82.6404022253372","81.3720149490087","80.1741174123646","79.0398238045251","77.8516579830047","76.6634977789114","75.5983752614744","74.6300638914427","73.8551926732331","73.1905393760264","72.4404105876665","71.5706135131834","70.562326572226","69.3867008828848","68.0056853211363","66.4314165007577","64.7474956141265","63.0661154919408","61.4528094346279","59.9094099305978","58.44176865892","56.9905194579843","55.4636538247908","53.849642559512","52.220363735874","50.6351233096859","49.1028553697399","47.6218946125512","46.1967581203869","44.8530284139516","43.5762854803788","42.4671719341197","41.5434755779659","40.6624477716921","39.8101027668063","39.0357469289986","38.3245693633893","37.6650783439917","37.2061442403184","36.9793488070563","36.8213630495345","",
"Jordan","JOR","Age dependency ratio (% of working-age population)","SP.POP.DPND","100.987662461526","102.852758517822","104.690305352981","106.396156772494","108.05572854933","109.624771201952","110.945024256637","112.071830393786","113.064949056976","113.891397590291","114.509756087533","114.922249467968","115.137579568283","115.153733528551","114.962177880839","114.543213558648","113.85112370901","112.917173297956","111.813112804274","110.596086061667","109.348795500779","108.062904234503","106.695447623655","105.263230277246","103.817321364408","102.398355064056","100.998469313042","99.5817971067642","98.1403086805866","96.6702090807142","89.8396019032664","83.1997873746193","80.4480410444907","78.0288513506874","76.2343224913088","75.2212898415739","74.9064765209515","74.9878285257744","75.0725812903672","74.9607067870819","74.6577652007628","74.1750913098606","73.5852701497681","72.9213352868632","72.0805558009737","71.1118691378464","69.9743056631736","68.7451509325163","67.5290383241406","66.3429597590715","65.1507679340976","64.0154314863275","62.9972385245377","62.3084954646161","62.0603171156438","61.6234808949505","60.9582989168769","60.338812839042","59.6400832936228","58.8802726956431","58.0792660970113","57.2273523032512","56.2381654714504","55.1554977992581","54.3009741648251","",
"Japan","JPN","Age dependency ratio (% of working-age population)","SP.POP.DPND","55.2221773083982","53.8152578259676","51.3971596123928","49.0028053390237","47.0982713087906","45.8072243377194","44.6219580757694","43.8421498908118","43.6004076840711","43.5136509254201","43.5146182191657","43.7960265785048","44.4969236099707","45.2822959956616","45.9735550437387","46.555654454939","47.0752212649056","47.5374225008096","47.915903116287","48.1485180661041","48.1525582599754","48.3387424950324","48.3706794444109","47.9340804239778","47.5698955741726","47.1096562806627","46.3623306379076","45.5113239122552","44.6175360625366","43.8069904974322","43.2259096480185","42.9361215262821","42.8883052137838","42.9463158255274","43.1350245429377","43.4666246286158","43.9520529327622","44.5676534115945","45.2102463428644","45.8791750960099","46.6755835541567","47.6058531225117","48.5344482614523","49.3482801823691","50.2932483497693","51.5938532384092","53.0146521815892","54.3702199499157","55.7290109699313","56.7866882497385","57.4033595360909","58.5847537839962","60.5362463320268","62.6073022231989","64.4653380797358","66.0229941997136","67.3227876016443","68.3095186249903","69.0229537254226","69.4781102585107","69.8915691054857","70.2569936325802","70.2463331657833","70.1001399306642","70.1168403833763","",
"Kazakhstan","KAZ","Age dependency ratio (% of working-age population)","SP.POP.DPND","73.8570490410558","75.8997903557128","76.4739690699041","76.432906821358","75.878131329949","74.9207197327591","73.7884062129762","72.6335554507434","71.4256234304745","70.2159868041514","69.0539705581478","67.8587525629106","66.5999030381674","65.3003895311547","64.0219541655228","62.7965998279215","62.2477630968938","62.3231814891884","62.311992123319","64.8880689023531","67.1027291001235","66.2657668420352","65.530814025174","64.9075323932163","64.4449308546754","64.1264291619423","63.3579223519795","62.0840933607924","60.8320668769478","60.0943366192346","59.8838110461526","59.7496165652325","59.6406850965247","59.5152641942098","59.3053616735701","58.8590865430448","58.0818642381778","56.9602663792123","55.5286022816941","53.8809153440923","52.2757413139262","50.8892902127798","49.7152750119888","48.7928716446465","48.1439017104514","47.6883857087747","47.3570026780758","47.1117272482949","46.935658443208","46.7707877522094","46.7914967905944","47.2918702077932","48.2666123385578","49.5309872731953","50.9797084009508","52.5207605589946","54.0318746567256","55.4148033056512","56.5235626212407","57.4655912088719","58.3765163228774","59.3848303180197","60.2870919049799","60.893935746271","61.3593284528818","",
"Kenya","KEN","Age dependency ratio (% of working-age population)","SP.POP.DPND","108.002407812253","108.817158425889","109.593332254132","110.257266304864","110.663398796381","111.616415930427","113.163384338797","114.42107595883","115.333920586527","115.975761868831","116.456251481512","117.049287656812","117.590324676112","117.824143712368","117.915116649749","117.954363322898","117.992555754531","117.736734891901","117.139795468077","116.41951437609","115.470638092495","114.46722715043","113.507678367858","112.419381773285","111.306513078073","110.279232774871","109.361470870971","108.538802845566","107.658419599113","106.669245543145","105.564144928838","104.486357019746","103.387893568628","102.189501745126","100.911599651404","99.66540232745","98.5025096101725","97.3253910062077","96.1682417770167","94.8755633080297","93.443539036463","91.9471681010166","90.529323120014","89.2589452128438","88.0596805503126","87.0486694098986","86.2372874684245","85.6322010455064","85.1410633733896","84.6712694841881","84.2201054386438","83.6955084873518","83.0105706556118","82.1267476397034","81.121499936462","79.9924124841202","78.6364414112252","77.1603826189851","75.7364230190387","74.2639405667526","72.6322381007686","70.9579167427054","69.3054789511188","67.6739373442667","66.1190997974295","",
"Kyrgyz Republic","KGZ","Age dependency ratio (% of working-age population)","SP.POP.DPND","81.3396242480704","83.4763145652167","84.8168820645885","85.8268977447788","86.6063416093329","86.60089627567","85.989791679946","85.3351204255429","84.6033675732538","83.8819364645604","83.2797407742468","82.8322277977913","82.3946249044675","81.7576165535556","80.9398838895649","80.0150686893849","79.0738405679264","78.1176307790429","77.1163321768024","76.1130772884536","75.106119420108","74.1845113873514","73.4237642178608","72.8128701758114","72.2989212182697","71.9664419059867","71.9421236004465","72.198390028564","72.7068355632707","73.1434162090375","73.5339912332699","74.0165157672479","74.5636006632443","76.059449211143","77.3693173448042","77.0348145453783","75.8297272275894","74.1332310973412","72.042326103057","69.9851030146554","68.2006776290059","66.4224942005393","64.629398596988","62.9832482972312","61.5008687685001","60.1019662934415","58.648586037128","57.0648841045437","55.3380271036174","53.8306951096295","53.1417387548341","53.4057245301169","54.4404735783782","55.6741442388454","56.9069668645722","58.150156918583","59.0639463884673","59.488277666114","59.9520249168602","60.7277440086941","61.3520516472714","61.5982158967749","61.6068894493144","61.5475158691892","61.3514807542057","",
"Cambodia","KHM","Age dependency ratio (% of working-age population)","SP.POP.DPND","86.7014013309664","87.0895346209243","87.4810340884599","87.9051021165507","88.1884727408644","88.278456537404","88.3137789125645","88.2914002427324","88.2043120396981","88.0511509038789","89.8970339519953","92.5360608170238","93.294054065326","93.2907598385125","92.6305996639946","92.2975175413018","91.8037614851854","89.9206116537871","88.6340422420714","85.7812984299081","84.1968659548699","85.0133582982323","84.7768986051065","84.1122652375505","83.8722564810921","84.234097883518","84.1448141484966","83.9892411516131","84.7473628398747","86.0725842367365","87.676409032794","90.2863460278348","92.0046830393181","92.8229866372581","95.0104669319668","96.2960698840543","95.0767518630347","92.2794951571116","89.1831259482162","86.1983835026982","83.0310606879503","79.950258976023","77.083836990036","74.3840557731","71.766464433307","69.2930311374068","66.8051386489094","64.3296339360911","62.1426116404343","60.4169660643431","59.1158735704429","58.1521956308671","57.6022595047489","57.3927567746693","57.3715668304458","57.4762892275772","57.6337208481402","57.7607192458127","57.7788009060017","57.7205669146422","57.5213483632843","57.1733909693315","56.7923377070363","56.4253473651475","56.1447301469383","",
"Kiribati","KIR","Age dependency ratio (% of working-age population)","SP.POP.DPND","92.344087775829","92.9369959274934","93.3567525370804","93.4526756808227","93.1867072175655","92.8334295612009","93.5524022902664","95.3815546397613","97.1840488619012","97.6295672908339","96.938565851654","96.3673496718896","95.720646977932","94.6368","92.9037340475815","90.8018646560085","88.7633806323127","86.8512432566503","84.8795552810377","82.7547456340167","80.6416354022038","78.6494880938686","76.9528293954427","75.6494128596064","74.8251185977326","74.5779621413006","74.7836359433987","75.2437675914757","75.8549375877096","76.5684215608178","77.2788632326821","78.1634938409854","79.1977288988391","80.0516123138759","80.5183965349997","80.6725679462657","80.5888267179577","80.1245825841253","79.4089309651474","78.4032271275289","77.1480548558634","75.8996027728016","74.6299731233675","73.2668531056815","72.0073038434686","70.8909303257971","69.8427523434316","68.9548434085943","68.293825087198","67.757031434649","67.2575086164451","66.5793475151679","65.7206110250166","64.8822455896411","64.1216485455684","63.5331504087804","63.2850507862567","63.3771631937841","63.6835331027271","64.0121234580973","64.2307341660046","64.2657897430648","64.190430646095","64.0608558943316","63.7487979159819","",
"St. Kitts and Nevis","KNA","Age dependency ratio (% of working-age population)","SP.POP.DPND","102.639700809702","103.37400764481","104.229947125661","105.392213382528","106.895733660195","108.764696276943","111.128035880511","113.93485915493","116.949074711852","119.659926029108","118.549730524253","113.148505303761","107.448412324508","102.557355860223","98.4258041101483","95.0964162677285","92.4704528351999","90.4757720862804","89.0507436570429","87.9416517447701","86.3772780653299","84.0907131154609","81.9161676646707","80.3177442712326","79.2381357735688","78.551935869009","78.0254095906233","77.6837129351096","77.6234968422874","77.757425094858","78.0483508741028","77.3666168585743","75.1408783929109","72.4494062552266","69.90401822027","67.5679955659369","65.4269069022725","63.5004894209773","61.7573529411765","60.2277626095703","58.8931418337606","57.3658872077029","55.4257151541761","53.4137346755706","51.5444015444015","49.838668043366","48.4066284257489","47.3189502901842","46.4692269201901","45.6023834647135","44.359187698376","43.0759841318279","42.0550303542843","41.06875262243","40.1166423661737","39.3725025899068","38.9914080722785","38.9187433565608","39.0810379005296","39.4185942928408","39.8645220972218","40.2188905547226","40.4781954887218","40.908269045323","41.6706992499395","",
"Korea, Rep.","KOR","Age dependency ratio (% of working-age population)","SP.POP.DPND","79.9823503075384","81.5578347540606","83.3763664076014","85.1331202424314","86.4922301332295","87.3272293743395","87.7137709724698","87.3501022681805","86.4923935155371","85.2891064857102","83.5046578195482","81.7229589403991","80.0557308860166","78.0180207549846","75.6071706015238","72.8159183314593","69.8484661838381","67.1419718658982","64.7090906984764","62.6787113052672","60.9224952099484","59.360176466715","58.0273678326804","56.5202437345864","54.6175957744494","52.5282787991913","50.4938888897612","48.6105778656567","46.975167353696","45.5633530587291","44.3249583059879","43.3417475231863","42.5887487640646","41.9832869213225","41.3913576183827","40.6474393461891","39.8762830570062","39.2974595699024","38.9414008404834","38.8398558118882","39.0262683255652","39.2824564341745","39.4441496233333","39.5292757742813","39.525917627204","39.3635610064232","39.1149684167156","38.8293844819969","38.4354178916179","38.033861912487","37.7039074846602","37.2547574179042","36.7828795943106","36.5342930887925","36.4720410483292","36.4601267455493","36.4600654674078","36.7793132181662","37.299629534955","37.8813882499402","38.7671326866112","39.7812162829152","40.6448114715604","41.4544025774417","42.5346866514455","",
"Kuwait","KWT","Age dependency ratio (% of working-age population)","SP.POP.DPND","65.8379894225028","66.740249474638","68.0845583259477","69.6888663180531","71.101435019095","72.318786432003","74.2057769421271","76.7708380240465","79.1720292837975","81.3665678504447","83.3274800667952","84.0418855296218","83.5297214406359","82.8086171014422","81.9121016965781","80.7236384751904","78.420373064179","75.409024615376","72.7148434983184","70.4174498090529","68.6354472397513","66.9309642486653","65.1402392749437","63.4718798909122","62.3651407138156","61.4167229791625","61.098184366325","61.5466027507855","61.71177415726","61.6164354807675","60.8993569064277","59.1485072025475","58.1344514244539","56.0265893073586","54.0115280015324","53.1869769679125","52.2506588528261","50.73174351161","48.8734604524562","46.8399763204956","44.755160861284","42.7214964961408","40.8169124613603","39.0734151650058","37.4722244702497","36.2412473260794","35.4573621830067","34.820819465821","34.1885588888461","33.5300670066357","32.9993181426912","32.172246736738","31.5980337837438","31.6857121405511","31.8448910714324","31.9540907043415","32.0088263103965","32.1024728915433","32.1350703933507","32.2422486608522","32.6530852187272","30.739165342046","28.1434805199737","27.4788324128055","27.1029912369309","",
"Latin America & Caribbean (excluding high income)","LAC","Age dependency ratio (% of working-age population)","SP.POP.DPND","87.6792984869863","88.2724946040261","88.770573799021","89.1304024290195","89.3013944809233","89.327472403227","89.2506456795815","89.0442287228062","88.7215148471007","88.303426249687","87.8010732815018","87.2422894769367","86.6279181047369","85.9464700525814","85.1929663896174","84.3772485704174","83.5263208237629","82.6292862698121","81.6868654163148","80.7165110929091","79.7349707968968","78.6966293766041","77.6570021143406","76.6925974768776","75.7675700470996","74.8719015501495","74.000581314121","73.1325120909844","72.2653396722906","71.4054326368946","70.4925068536452","69.5419253732889","68.5949456350529","67.6632275578335","66.7561929671515","65.8494605400849","64.9302778542951","63.9967027850801","63.0556787832509","62.1234213095459","61.215005992497","60.3247596930959","59.4474679653385","58.5776488926328","57.7146397465527","56.8664793648903","56.035647888719","55.2207836563592","54.4258119285907","53.6672371434535","52.951283670722","52.2946940798995","51.7080689384768","51.1716882021351","50.6975824526955","50.2801910553419","49.8792237670085","49.4982574375027","49.1639307831507","48.8729090080313","48.5566811783615","48.2175598395171","47.9482239665888","47.7676404192526","47.6362616551383","",
"Lao PDR","LAO","Age dependency ratio (% of working-age population)","SP.POP.DPND","80.0186169332633","80.4087598766453","80.713358270617","81.0587065692011","81.6996091953304","82.1577126106001","82.2563015319196","82.4027868003854","82.585722275602","82.8026107456248","83.0610539048127","83.3386521066365","83.6313608590953","83.9655700576652","84.4031155379836","85.0625316722258","85.9880125421069","87.0940322188796","88.2150622371182","89.1748146021161","89.8662402531724","90.273725783644","90.4557044901375","90.5187747833058","90.5358542981633","90.4945390497544","90.3870434171042","90.2446551537657","90.0977047870305","89.9587309717145","89.8603727942041","89.8347604443769","89.8743317445392","89.9594825870001","90.0032199120944","89.8899777305158","89.5841881324574","89.237958879032","88.8152765690607","88.1661566256825","87.2372970755436","86.047989519414","84.6718660620307","83.1485651726428","81.5337865587232","79.5964595509479","76.9407341117713","73.9827460398628","71.2906841800598","68.9132076758434","66.8701503366016","65.1060874765986","63.5619645767597","62.1659308998986","60.8514855524134","59.6548580377812","58.634824292374","57.8022683207452","57.1092477648772","56.4903622140064","55.8812027825725","55.2518136368494","54.6407954328323","54.0669284232336","53.5253966955507","",
"Lebanon","LBN","Age dependency ratio (% of working-age population)","SP.POP.DPND","93.1057267537275","95.1611695220454","96.8996404498553","98.1565346471921","98.9053336454888","98.573746788007","97.3301196054243","95.9871469336751","94.5630767910031","93.077384940986","91.5525849120675","89.9975923265116","88.4236850778664","86.8663686509767","85.34668298447","84.0581918880721","82.756970348995","81.2730803483242","79.8424497509128","78.4009709014258","76.9990791697622","75.677638654216","74.3831802855155","73.2295857484759","72.3244094143883","71.5438523904023","70.8518510274052","70.1915937627089","69.5553565074418","69.1408006118324","68.904649419034","68.5212259676885","67.8614543237627","67.0208045631811","66.0456209489595","64.9316660003998","63.7258136314075","62.4895388884407","61.235130323324","59.9800742890657","58.7751108294532","57.6232604989539","56.4676448617067","55.2520770567648","53.9483576152468","52.612987012987","51.3597781181586","50.2284073633696","49.2286418412491","48.410961681442","47.8285896594537","47.448365777061","47.2064672833187","47.0908167543263","47.0775839655263","48.3364582108649","50.8721295078079","53.3592312481811","55.7444457284083","57.947939773335","58.9073887057113","58.4888831484012","57.9749956549574","57.5802354030357","57.0475892933219","",
"Liberia","LBR","Age dependency ratio (% of working-age population)","SP.POP.DPND","78.4040542888947","78.549726988185","78.9350637314475","79.6255915986408","80.5226896589309","81.3665887535398","82.0933302168264","82.7735275835067","83.4043376462366","83.9938994961293","84.493348847448","84.9125705834406","85.2988056901185","85.6727463735151","86.0632359788626","86.4769731775966","86.9382929221778","87.3584351185936","87.7175286596848","88.1059259936337","88.4672946132189","88.8111230214843","89.1504530201963","89.2897568022077","89.2787624531117","89.315544214382","89.4071912885377","89.4360338449818","89.2855706245107","88.969644569931","89.0849181345476","89.3339165390098","88.9895230808653","88.5373326008069","87.9572212522916","87.3704959721375","86.8815582162824","86.468641763894","86.1783952446528","85.9399917233599","85.7395411503212","85.5802749357466","85.4970081630427","85.5058915876513","85.6192763716864","85.8486024822865","86.1791332304335","86.5400679344165","86.5616629510604","86.4461293670665","86.3845153848308","84.9387922661079","83.8929335414041","84.1405770171068","84.1039806098194","83.7696225636705","83.3156979543346","82.886996416506","82.3273555911586","81.5780596641484","80.4992463808756","79.1758281816491","77.7355487371643","76.2870435714976","74.930982144805","",
"Libya","LBY","Age dependency ratio (% of working-age population)","SP.POP.DPND","91.9809573778587","93.8185302065515","95.7238945912745","97.7739481621355","99.5442897975532","103.125334270134","108.581680848016","113.171326633403","116.473928206402","118.203710223426","118.315274819275","118.09551490895","117.901128223601","113.92088548797","109.363828477725","107.278237669571","105.358708760152","103.580761961955","102.307378773971","101.401092998272","100.441226396319","99.5204658709324","98.6111799851232","97.0155468521955","94.7079586749696","92.3778094343803","90.0719712417831","87.7536425599395","85.3639759931519","82.81114246651","80.1054320050273","77.2800364515593","74.3302413351481","71.2874522703067","68.238485070086","65.3001150433981","62.6007086445771","60.213154042088","58.2375368067359","56.5217926020759","55.375714857257","54.8688055504286","54.5038251442756","54.2312178707777","54.079056428129","54.0214280925948","53.5622357050929","52.8164134237758","52.1972496546203","51.6918875504305","51.3831706548825","53.6124778839499","55.9867957206503","55.5142744874201","55.1827484691787","55.0478591788407","54.8129406406828","54.316780868188","53.5606314027915","52.6904898725235","51.7664329804524","50.7877754794448","49.8326471003676","48.8966237042016","47.9982306839978","",
"St. Lucia","LCA","Age dependency ratio (% of working-age population)","SP.POP.DPND","103.743233132345","108.250729512396","112.065793016785","115.210436193223","117.822318526544","119.950366610265","119.660903513664","118.0049514712","117.774557096195","118.655162792694","120.101553166069","121.196479945845","121.407385746512","120.82580115037","119.530652497685","117.56430157389","115.089249842163","110.524762519598","104.97425280034","100.792728763753","98.2516494656895","96.6677487420873","95.1160357618414","93.9087553887666","93.0933349542595","92.4357102416639","91.6386787769049","90.6020200864116","87.6393406165735","83.2671034260552","79.4802692392819","77.2132605106059","76.106447802027","74.9768687606526","73.9311857698085","72.8534440530895","71.3901610955408","69.6191132654423","67.4011623502419","65.0502411998905","63.1130261304156","61.3048380277437","59.5014900041444","57.6810696801409","55.8170864759736","53.945642161287","52.1127531971994","50.3558176636134","48.8108041397063","47.5697370364257","46.3211246382767","44.9243331702462","43.6369689151513","42.5435350994031","41.5425756738303","40.5807934670782","39.7253953606771","39.0542202876609","38.5420905988793","38.129966256667","37.8225201611344","37.5256143594484","37.3336918113381","37.3031797573827","37.2759418651718","",
"Latin America & Caribbean","LCN","Age dependency ratio (% of working-age population)","SP.POP.DPND","87.2832330259813","87.8393899563008","88.298297183102","88.6265446420015","88.7767429720979","88.7856509918367","88.6905249096958","88.4644065133838","88.1171076915323","87.6670156610939","87.1187477000142","86.5003405807374","85.8243726405583","85.0851753399818","84.2839204080212","83.4315662202801","82.5534427981819","81.6400672022161","80.6900338401839","79.7205162778505","78.7440477007814","77.7190967147987","76.6993770916093","75.7552666766524","74.854724096079","73.988187912913","73.1516332170362","72.3254908117663","71.505169858045","70.6943116772808","69.8364386221038","68.9439789617807","68.0514492863715","67.1678413713112","66.3013047930538","65.4309499642763","64.5461057604195","63.6443481447101","62.7320308464957","61.8239319611563","60.9350982038977","60.0609922955953","59.1958166303079","58.3345396003119","57.4780307270302","56.6402099587628","55.8222783930957","55.0255170799532","54.2548143424823","53.5238915857727","52.8325937103828","52.1971183274041","51.6332463339434","51.1220703428166","50.6731482360136","50.2815406891043","49.9130307776967","49.589122198591","49.337058122132","49.1242535180204","48.8575516396319","48.5386439146987","48.2673835477134","48.0735130920143","47.9267218031353","",
"Least developed countries: UN classification","LDC","Age dependency ratio (% of working-age population)","SP.POP.DPND","83.4940013066743","83.9208554081783","84.3846032185452","84.9747611203614","85.6391054093943","86.2508989491307","86.8157929579804","87.3585035011179","87.8673512601383","88.3736630038909","88.8923002608437","89.3944245018923","89.942631472907","90.4760914503522","90.8913520798122","91.2279910286312","91.5393372728583","91.8254431961533","92.0542096050333","92.2726021270888","92.5773919797676","92.9084633763807","93.0717218582225","93.0501948877099","92.9878076536884","92.9075388540319","92.7451044181512","92.5081651338401","92.2311001343463","91.9865129095378","91.761382856632","91.434814139713","91.0415275889319","90.7391932702486","90.2880455693193","89.8302787888365","89.6812787562816","89.5249701791531","89.1103965007387","88.590467748818","88.09008418181","87.6697408810302","87.3378754146444","86.9971525144427","86.6214163037153","86.2328357101406","85.8495356517603","85.4309474363769","84.9655028977684","84.4817548978462","83.9523147149408","83.3491952495058","82.7366805091944","82.122300415079","81.4886815704446","80.83011082015","80.1287237305388","79.4754446750382","78.899272070721","78.3381659069857","77.7445242695625","77.1394263728198","76.51746836295","75.8646802512453","75.2380777449655","",
"Low income","LIC","Age dependency ratio (% of working-age population)","SP.POP.DPND","84.9182925543889","85.1887029523182","85.481611372507","85.9156581550712","86.4217414301134","86.8732650690888","87.4150387066179","88.088158089324","88.7113584541492","89.2609790014849","89.7705048309597","90.2903582775736","90.8237735186694","91.2679838113991","91.5883175784595","91.8468138465852","92.1209779970152","92.3735002344525","92.4424936716323","92.4818471214628","92.6701595404315","92.8853346313282","92.892189929795","92.8287204093819","92.902929483057","93.0128048275583","93.1193846458883","93.1953585568734","93.2282020164903","93.3455190538276","93.545398700634","93.6567608315972","93.6681891579921","93.9340222494201","93.9214422856949","93.7793551750796","94.1761700229032","94.598355034215","94.5346418029744","94.2375803123077","93.995431202835","93.733829188915","93.5171161322049","93.3028653313744","93.0145680096149","92.7039002098908","92.335388065625","91.857133677723","91.4630932975523","91.1478875487553","90.7737260201715","90.3759641921192","90.1196108153185","90.0773041044954","90.0240215853917","89.7571157187206","89.1819303976074","88.4457127677385","87.6215741024083","86.7532474580797","85.9332903435786","85.1413065661141","84.3167425305816","83.4026955290085","82.5373026957072","",
"Liechtenstein","LIE","Age dependency ratio (% of working-age population)","SP.POP.DPND","58.2740042332115","58.0095496676341","57.5700090334237","57.0523392066661","56.5787276673902","56.2774792379091","56.018776354523","55.7073396619588","55.6751102144512","55.8775691261275","55.9112028910687","55.698118647733","55.0185613224067","54.1088941494758","53.3847864477729","52.6046333034686","51.6993505265149","50.8486082824168","49.8144379264935","48.75523499302","47.6047211293682","46.5604841011589","45.7477517486399","44.7351138353765","43.7233180221562","42.8237419629098","42.272133716375","41.9366469224826","41.5303590418798","41.2248765647599","40.9128793450017","40.8205573233054","40.9601294128842","41.0906874238019","41.2329084588644","41.1937422581089","41.0398582011544","40.8178907976013","40.7466666666667","40.795280751584","40.5657940062005","40.4918102171245","40.702384432288","40.7350815610159","40.7132061598791","40.787554691298","40.9129298210336","41.1423310918988","41.5579233010096","42.2567164179105","42.7309109640607","43.0676490288011","43.5935602647969","44.2096233330734","44.9733390417624","45.641702921069","46.4357819537195","47.3051103954057","48.2001007478591","49.0933694181326","49.7689997689998","50.5436661927998","51.5929679103332","52.6959187583828","53.8198273567327","",
"Sri Lanka","LKA","Age dependency ratio (% of working-age population)","SP.POP.DPND","82.436583133047","81.9724939370817","81.2830051103246","80.5515877013503","80.0436800482938","79.6995187915568","79.285670888446","78.8141358539625","78.3107764922665","77.7332017652219","77.1155947380408","76.4637656220477","75.6999078787028","74.7480780397477","73.6358777113778","72.524216003273","71.5594738854572","70.7398678061825","70.0716302972947","69.5588260264105","69.1186870680122","68.7647849557009","68.4710861706626","68.1824749089022","67.9179797724529","67.2406630901364","66.0165310990747","64.7514776221537","63.5955213716504","62.4956447299733","61.7337347023874","60.8171698875124","59.2808419294588","57.6031777754184","55.9734011116907","54.4998614133516","53.226647871568","52.1685236254304","51.3193407177854","50.516430835705","49.7157015968699","49.0198514345139","48.5448184836898","48.2669692915326","48.1075839018165","48.0577770685276","48.1068618331041","48.2279449537223","48.4097270797358","48.6396740021296","48.9131539493344","49.2394940686867","49.5860029146344","49.9684545344603","50.3938229236869","50.7918658678604","51.1118501999851","51.3380576186543","51.4899106111657","51.5839384848559","51.6372974759332","51.6567798164786","51.6823190565539","51.745033375023","51.8239202756772","",
"Lower middle income","LMC","Age dependency ratio (% of working-age population)","SP.POP.DPND","81.2512556573092","82.2381461640657","83.2492631091304","84.3086341979072","85.1146918160789","85.5608492561009","85.8664623859766","86.0152383773311","86.0722781973226","86.0964217112364","85.9861908305659","85.8601064623001","85.72561037834","85.5370114531894","85.3058798607567","84.9778746508139","84.6292546571921","84.249333654215","83.8685911469217","83.51805290207","83.1684033551954","82.8982227596543","82.6928969550744","82.4885062456185","82.3077254588832","82.1195421168269","81.8723757702514","81.547463390864","81.1389651243519","80.6784720213237","80.1658306198532","79.5933042537592","79.0301319942627","78.3917998094287","77.6774550025391","76.9022935243412","76.0466430921465","75.1144742849263","74.1051082704041","73.0725516895393","72.0665419113336","71.1257286683038","70.2720088483411","69.4415544877073","68.574097687037","67.7038047519789","66.8490541088067","66.0098444704679","65.2236668139607","64.4914642957679","63.7917775253533","63.1346542116466","62.5246029457961","61.9420113363725","61.3830203975462","60.8461784153366","60.3009160172696","59.7641586989142","59.2632894013908","58.7781980052405","58.2396280341144","57.6415559467975","57.0876172224852","56.5825215944156","56.0465815771199","",
"Low & middle income","LMY","Age dependency ratio (% of working-age population)","SP.POP.DPND","80.6109822143874","80.8007342635727","81.3846769202099","82.5640696617845","83.5878898169894","84.1082439746403","84.3752577465649","84.278551018506","84.1202823698705","84.0626512805168","83.8366288863724","83.6081879370799","83.2470145149867","82.8588586105635","82.7068483535183","82.5826440222617","82.407274092497","81.7112634789564","80.2701175091407","78.8545377129614","77.6863134770466","76.6110840967261","75.7371246035278","74.8319803339906","73.8668493061517","73.0106967369514","72.2574789629481","71.6303201327984","71.0466889873364","70.5489981570117","70.1777353965196","69.7660240559622","69.3289710371884","68.903520868732","68.3772656036001","67.7409304376541","67.0325252783604","66.2002430311809","65.3042147060881","64.4125039890811","63.5081503505244","62.5949453744519","61.6845459470319","60.8078542352788","59.9355502118965","59.0682389017928","58.3259484201169","57.7311257907509","57.2228478862592","56.7936378790013","56.4192279158417","56.1120766121641","55.9069378642469","55.7786299559231","55.7017743720811","55.6528042020883","55.6101136241495","55.6119732213661","55.6075565016418","55.5666786038249","55.4596707605898","55.2341644594651","54.9923490631071","54.7219514090726","54.3335483108058","",
"Lesotho","LSO","Age dependency ratio (% of working-age population)","SP.POP.DPND","98.5183208534817","98.6070724704441","98.5110667049226","97.9576787983512","96.7451017600455","96.1148551681381","96.3620898500125","95.8137033728182","94.350719100018","92.6385272352156","90.7947026065796","88.9274247641193","87.118473036994","85.4434721392261","83.9976270925763","82.8618309040009","82.2839621996576","82.4246983905205","83.0457586468934","83.8794298558488","84.7800868906064","85.6576167227373","86.4778619365411","87.2283387896396","87.8879611417121","88.4391045198592","87.5481072830402","86.9487485101311","87.851484432275","88.5237911690595","88.8772226820285","88.8986975650218","88.6198230273836","88.0431300427148","87.1852784755675","86.135404813253","85.0414613301211","83.7611261565195","82.2152933065337","80.5969732129254","78.9987959039296","77.5219101731698","76.1214206059022","74.8023515280882","73.6462694942743","72.660270322596","71.6552145311802","70.6592063382503","69.9073802077033","69.3385742227572","68.8510779391266","68.4840104034647","68.2157351088003","68.0784184239325","68.1373202806156","68.1416869525897","67.93449172042","67.4900982449765","66.87004466725","66.2552307394785","65.6481813520794","64.9680464688448","64.1758278060089","63.2665285082422","62.2736686010548","",
"Late-demographic dividend","LTE","Age dependency ratio (% of working-age population)","SP.POP.DPND","77.1686616736749","76.6800543256632","76.8095226358575","78.0526847237147","79.1097837272053","79.4158427755371","79.385760964998","78.7821653189172","78.1705142666535","77.8110664538096","77.2358964487479","76.7166929188714","75.9643600232786","75.2210535494524","75.0331714037044","75.0074685550482","74.921011331036","73.8677441041952","71.3439588164074","68.8592328516914","66.8707558371937","65.0475623752214","63.6014470096028","62.0258084771483","60.2686523326792","58.7321487057319","57.4634713857334","56.5325876096881","55.7594827751428","55.1956103246423","54.9559910476271","54.7046521526352","54.3232301924781","53.9522099196578","53.4702121429602","52.8511274695522","52.0965593650026","51.1308853579272","50.1529953430175","49.2137192211136","48.2041654122733","47.0894825723597","45.8452642758522","44.6483391716039","43.50876731797","42.3442751674058","41.4380466570257","40.8658430155679","40.4219911733222","40.097898203081","39.9021800454139","39.8684667483233","40.0554931413221","40.4063471896571","40.896653472047","41.4889414904926","42.1551508072235","42.9801348782392","43.7762038804526","44.4561786341454","45.0348783454504","45.3804266206995","45.6159352093042","45.7275013296772","45.5451523669674","",
"Lithuania","LTU","Age dependency ratio (% of working-age population)","SP.POP.DPND","53.9529201215644","54.822468627552","55.5104414968236","56.0793105471915","56.4686748028415","56.87525110221","57.3726116565756","57.8392345906622","58.4704769375362","58.9873038190874","59.1565388641485","59.2535966853237","59.3051021799209","58.9934583318428","58.2510230578336","57.2094710834074","56.1666483695382","55.2893627696475","54.4804163343108","53.7032999344084","52.9451513699947","52.1030683370935","51.2408809576722","50.5036520495438","49.9872812741944","49.6356145750793","49.4671840858519","49.5086270870068","50.2687122123451","50.4762095362803","50.1914842026041","50.5841632982268","51.0341232718861","51.4432831978576","51.6018297624501","51.6908303426552","51.8193299166801","51.9155067707103","51.8675311483392","51.5663087924886","51.045198715514","50.5333131512989","49.9788082343404","49.4729820989418","49.2017642258715","48.9993026577485","48.7238952736323","48.3194062255434","47.9556942173765","47.7635626773805","48.2183593142474","48.8587271779847","49.0656281931788","49.2679130316874","49.6747643092239","50.3619191061471","51.3268928056582","52.4697006429964","53.3218291161476","53.7688027144722","53.9636321004347","53.981202360287","53.6328325704064","53.2410196696624","53.5449086261818","",
"Luxembourg","LUX","Age dependency ratio (% of working-age population)","SP.POP.DPND","46.7284478528467","47.6644094495528","48.4534460175599","49.1582522573935","49.9954234666325","50.8800196621926","51.6865723851881","52.3847431027816","52.8251145562679","53.0262841701012","53.1342838825027","52.869930132369","52.1824081351288","51.6841239612188","51.3085279114267","50.7946176886981","50.1356806925542","49.5105381184473","49.035607392373","48.4881346499323","47.7881493506493","46.9653254785502","46.066854482607","45.0408993898811","44.1879338465296","43.7532831034834","43.4990942558289","43.3491213486187","43.5280733916746","43.9230578402","44.3763871401943","44.9611938509484","45.6226862080361","46.3462678434015","47.1066082511866","47.8019155924013","48.3709551475382","48.807978032738","49.133187489246","49.3895667624481","49.2001395224775","48.9429528503335","48.9986608738049","48.835201339296","48.6414136825574","48.4273639000482","48.0687717143743","47.6801570355237","47.2130001747335","46.7542269196185","46.3029820293268","45.5970832607706","44.9939238363122","44.8006246552271","44.6592575642532","44.4196253128098","44.0799897017467","43.8628572531404","43.8270056967655","43.8630889675752","44.0085433965712","44.1975308641975","44.3443744322715","44.7725431159019","45.4622803870045","",
"Latvia","LVA","Age dependency ratio (% of working-age population)","SP.POP.DPND","48.8369759339244","49.4807670274043","49.7844123244746","49.8214071530654","49.7389319231491","49.6907975184527","49.684989917055","49.7529085468784","50.0400667671833","50.3607943443361","50.6300931492015","50.9328230233958","51.2442091998752","51.2583054294279","51.1128609737572","50.9867407954293","50.7841604531234","50.5717924606041","50.363490252851","50.2686116802756","50.2110201750478","49.9422708390368","49.5588419512587","49.3801279523863","49.3161710239747","49.1370271866074","49.0591393996449","49.1471652429094","49.3983379127066","49.6235505856004","49.6830866578275","50.4104453897103","51.502778157677","52.0374148852879","52.2489673371099","52.2287999372721","51.9543572082749","51.4654070547482","50.5855294070601","49.4331437144465","48.4932720013146","47.7783018808274","47.1743994332617","46.7310337750956","46.4198949431271","46.1935033090744","46.1655186591307","46.2383093094849","46.5573852147621","47.2806969888064","47.9985267565148","48.624345076556","49.3403699742256","50.3815864191996","51.7170479665486","53.0022445169492","54.2757874648074","55.4798446360699","56.3256310462251","57.1028331214081","57.9030936709113","58.3537176137829","58.573500587674","58.7910304708067","59.106810188639","",
"Macao SAR, China","MAC","Age dependency ratio (% of working-age population)","SP.POP.DPND","82.8438198928134","84.4411101179075","83.8285466162149","82.1532153215322","116.477359938603","141.296271063269","124.706023107951","109.818882031615","97.0180034983463","86.1807945860802","78.9678980413425","70.2484912295189","56.7216679457662","91.8275763992036","174.508438987093","139.389767142699","112.680544522279","91.9037145046091","75.8162863886703","63.1780875139624","53.2507977515875","48.1158788934873","47.0882815027032","46.8775565857649","46.736874870305","46.6179797458361","46.557229348079","46.636464859337","44.9960309630765","43.5909667103932","43.9388404962549","44.4432578085208","45.392075388861","46.3643328416407","46.9107280374385","47.1148523819451","47.0312162396704","46.5573252322335","45.664388971864","44.376771351649","42.6774111246227","40.6250506399266","38.3606909197641","36.0114548871835","33.653136748293","31.4580319885838","29.5548030580023","27.8966416389627","26.5005416104195","25.413454167829","24.5517759645225","24.1388656743388","24.5585945210888","25.5094922147512","26.5812475694649","27.6834071152368","28.7304709463712","29.8365829190003","31.203429722938","32.8591001563862","34.5607535716319","35.9475093221149","37.0195565931432","38.072078888916","39.234272303324","",
"St. Martin (French part)","MAF","Age dependency ratio (% of working-age population)","SP.POP.DPND","101.326385599242","102.166897187644","102.776533811017","103.173913043478","102.559798573227","100.200320512821","96.8655589123867","93.6991150442478","92.6565143824027","93.0898321816387","93.4122161816437","93.6567164179104","93.7424425634825","93.885949441505","93.7606837606838","91.7711171662125","88.4158926728586","85.1516634050881","81.7801533813618","78.030470302495","73.7890543090795","69.201672307386","61.572498298162","53.5633106030218","48.1445523193096","44.9045732805185","43.028901734104","42.170135380885","42.0284654945581","42.1363709634087","43.3345183078564","45.5501086571992","47.5318350159809","49.0936863543788","50.21194014606","50.8806061847225","51.0335983585535","50.6834532374101","49.7915701713756","49.1469314998727","49.1077198389422","49.1622276029056","49.2914501653283","49.5130844140859","49.8170814326363","50.070771408351","50.1581387288246","50.0127356087621","49.5570436301626","48.7630924725924","48.5230707233528","49.1770292567105","49.9316225565119","50.4140204196479","50.4438998915358","50.4166163506823","50.5609331335304","50.3428291568035","51.4127144298688","57.1061800843572","60.0584118032126","58.6130227633669","59.5115752251506","62.1677373725467","65.9510955859003","",
"Morocco","MAR","Age dependency ratio (% of working-age population)","SP.POP.DPND","91.1029507618929","93.1789887634446","95.0858415837801","96.8096422704639","97.8361756715967","98.511847730091","99.1969604186383","99.6688237625812","99.8645319030503","99.7850456416997","99.4715328066812","98.9235710047012","98.2682907424914","97.5345132214425","96.6173830019178","95.5340251234316","94.2945392456754","92.8830697336079","91.3956812205978","89.9749657770075","88.6656586370737","87.4592072186996","86.3225811489497","85.2132264959783","84.0926829272451","82.9145275999369","81.6718133161678","80.3741491169844","79.0200220669633","77.6235244606352","76.195771151489","74.7894601998106","73.4008262589948","71.9382564205696","70.3621549030513","68.8413993723825","67.4266056352243","66.0457666328352","64.7216537020207","63.4476580981654","62.2276807795302","61.0419023199319","59.8593006334937","58.6812379549291","57.4496732210295","56.1916489979919","55.0741290970672","54.1573061144755","53.400034148467","52.795415581033","52.3621899992693","52.0610436194687","51.7973785639985","51.5336269622414","51.3322745978475","51.215660270365","51.1432000019679","51.1556180708406","51.2665088515347","51.4045655561766","51.445532015848","51.3907036633908","51.3182365864151","51.1965827591372","50.9925352190748","",
"Monaco","MCO","Age dependency ratio (% of working-age population)","SP.POP.DPND","50.2514640027558","49.6174340756934","49.8438984661327","51.3932097930475","53.0908354703739","54.4328508919556","55.248322147651","55.3326646606486","55.6035055105564","56.5974503876988","57.2661777114299","57.7241512098068","58.2421079429735","58.2691579346042","57.9556835252879","58.1591515226695","58.6084400073498","58.5384986724596","58.0526347056377","57.125328659071","55.846693098891","54.2643983496298","53.2273308500584","53.3062835837263","53.6993875006775","53.9710610932476","54.1841115056442","54.3048786878373","54.2577437066197","53.6830813240703","53.109396277803","53.2526020816653","53.6972531847134","54.1157253873187","54.5033732210568","54.9206038031759","55.2797151636346","55.5447753953624","55.6761711776909","55.5555555555556","55.4480578571771","55.9052469729002","56.7340230107319","57.5070545879148","58.1892963815306","58.6748768472906","58.8503468780971","58.7721923000199","59.6910112359551","62.8541236854023","67.2112136338426","71.5484131797049","75.7607980150894","79.6877376184924","83.2192301840864","86.5269461077844","89.3720788457631","91.6967692699059","94.2964811325559","95.4356633673522","97.078779717201","100.416146483562","99.8459958932238","98.1586042016379","98.5659213569776","",
"Moldova","MDA","Age dependency ratio (% of working-age population)","SP.POP.DPND","65.15993794926","66.5712640737963","67.4662918894636","67.6587531068924","67.1222272562251","66.072376388893","64.7651748921486","63.3014814312888","61.7752463536927","60.2514020936424","58.8117600456579","57.4614315443509","56.170834063987","55.0026424581282","53.9004077672846","52.9300393674518","52.1927793610284","51.683402312765","51.4184374926962","51.6866510138789","52.0829555133458","52.174532113929","52.2918451056193","52.5690759787939","53.0670456821057","53.744946694912","54.5408008199134","55.2414027325156","55.811552461401","56.2805815245102","56.5562906944039","56.7073629018313","56.8998313609654","57.0976096185377","57.0826176553436","56.7754217335656","56.1849614186777","55.2686626670516","53.9340615311033","52.2927141064316","50.5562462195797","48.7709381003071","46.9737309731797","45.2277213458685","43.7107447244036","42.6576130378575","41.9919515615104","41.4201256215393","40.7533317404238","39.9841607416017","39.2276109366252","38.7021715646631","38.53681973897","38.9863509860321","40.5178254811007","42.7369673494204","44.9617606494355","47.0079400184721","48.8156929140567","50.5590674260294","52.1688916299112","53.4770503502267","54.4705439644419","55.2962072281666","56.2505935075156","",
"Madagascar","MDG","Age dependency ratio (% of working-age population)","SP.POP.DPND","94.386332561903","96.5274944772792","98.484569766083","100.131738418284","100.727273370954","100.408316486605","100.035324307275","99.7367758079814","99.530320954203","99.436846784866","99.47008308858","99.6379186220795","99.9087264829403","100.203663582045","100.456448780441","100.662762481763","100.852982189502","101.04055364486","101.233154525136","101.410981781551","101.503867737323","101.426044341463","101.169297203003","100.757666612006","100.212608166034","99.555830305831","98.7466412354478","97.8417425947406","96.9635511803821","96.1459695051172","95.4134806607625","94.7673586289935","94.1715188550484","93.6411585534501","93.2218460910038","92.9583195665602","92.8813263736405","92.941057455216","93.0736201618519","93.1895589658069","93.1978917110378","93.177661036787","93.1353629191031","92.9564871729139","92.6013121635461","92.0343514216222","91.290813209297","90.4683448047263","89.5836295034047","88.6259182667826","87.5514674326768","86.2949697427707","84.89192078717","83.4502181265262","82.1437972798409","81.0274179265593","80.0325838882681","79.1610726988645","78.4146213820003","77.7556849963264","77.125045262279","76.4982094615521","75.8512654399341","75.1537300734546","74.4044379155376","",
"Maldives","MDV","Age dependency ratio (% of working-age population)","SP.POP.DPND","69.7171040387121","70.5976852020884","72.0211161387632","74.0167245411381","76.7395312088491","80.7891354937307","85.2477208317684","88.2841127750356","89.8403768153866","90.867295627604","91.7582246568521","92.3853947388348","92.6198285117586","92.3927919708029","92.2439550711005","92.7106049592117","93.3207532334788","93.4810569882203","93.6783747581485","94.0547212507715","94.2137075395002","94.0835718374356","93.565686622846","92.6397522207644","91.8180114133378","92.2841253791709","93.9548534509927","95.689804064557","96.9930501064903","97.8860695070525","98.7171439433457","99.4047158206233","99.5766576030119","99.0538431525556","97.7943379859633","95.7658276125095","93.0398887441778","89.8914022655857","86.4109854957554","82.5926413479892","78.4343127578265","74.1718596261069","70.1555589268418","66.4206289957734","62.8912667531345","59.5743351264653","55.9074245178981","51.9067994981367","48.3264355238658","45.3985271278994","43.0783141130375","41.2814899674467","39.9334370365011","38.9411756534302","38.1726285126341","37.4098572157554","36.5731854969146","35.7416836237512","34.958294347201","34.2339490950724","33.5342081048449","32.7942534738749","32.3871085076878","32.264975533215","31.9824156478728","",
"Middle East, North Africa, Afghanistan & Pakistan","MEA","Age dependency ratio (% of working-age population)","SP.POP.DPND","84.5715654859176","85.4159204906033","86.2383829319847","87.118452382211","87.9616382482141","88.6984874195534","89.3527032267552","89.8862124554339","90.270858420225","90.5112522101767","90.6563430655156","90.7307171684373","90.7522153814521","90.6863601027951","90.5400890658359","90.4647804221488","90.4960153487116","90.3748055974574","90.0928176321871","89.7777439993389","89.316237937792","88.6006302404995","88.1177917190309","88.0639163218554","88.1761438458087","88.269205242309","88.2304725108201","88.1354168425183","88.0307591081031","87.8893099808158","87.5352088084534","86.942884601161","86.5670786660432","86.2869281806948","85.648450750169","84.5455173212453","83.2038923583169","81.6845886485243","80.0267609058858","78.3510595473532","76.6492574926585","74.9606857213051","73.5153855460961","72.1250965094388","70.6054910875295","69.1350680810874","67.7321515034999","66.338712159177","65.2638002074649","64.5377018195008","64.0306128913738","63.6798246795872","63.5175595620184","63.5243000851814","63.61838506492","63.6239984941752","63.5611531977801","63.5175196738813","63.4405340291193","63.2135845759611","62.8447455496646","62.4085708183374","61.7359305196421","61.0606315618958","60.3669249716533","",
"Mexico","MEX","Age dependency ratio (% of working-age population)","SP.POP.DPND","98.3335861696774","98.863672685165","99.3021988376772","99.6173628111831","99.8872226216262","100.25046569523","100.627360807201","100.942543099558","101.235754791815","101.497178751845","101.715958738201","101.874914685916","101.910399746961","101.792272504996","101.504626069449","101.009374977955","100.288734356631","99.3421230907075","98.182044476208","96.7873763017081","95.144150356867","93.0105886418609","90.6060800660571","88.3603502463285","86.260273958024","84.3257170205781","82.5252079193522","80.7912601195615","79.135305178937","77.555188087948","75.8587871701319","74.1105276579391","72.5773492012185","71.3123295232963","70.2356684550153","69.2581943127318","68.3276181298531","67.4132301084894","66.544339879437","65.6971363362102","64.8374720830817","63.9944301026757","63.180962136667","62.3840117468188","61.5479972392309","60.6344937397539","59.6732082754969","58.6888542638054","57.7194070815135","56.7944957043171","55.9321268636884","55.1794320737435","54.5632141554873","54.027488950612","53.513139465276","52.97209888579","52.3968518760979","51.8182577831981","51.2690018964587","50.7872946012451","50.3089773441429","49.8060368026137","49.3799037503831","49.0415538480472","48.7167150891959","",
"Marshall Islands","MHL","Age dependency ratio (% of working-age population)","SP.POP.DPND","108.28729281768","110.323383084577","111.846174532742","113.027570887234","113.613892762074","113.547674561296","112.795252225519","109.666179611105","103.859180950426","97.4330460568993","94.1070043939002","96.2704745905082","100.988523079501","104.944138736035","107.038795220167","107.884905810349","109.043787714684","110.341448707319","111.784165257664","113.229599885272","114.258859569728","114.713969552679","114.882254536096","115.028723207116","115.261783212632","115.580041105275","115.940196778981","116.227094587438","115.967544396816","114.703709176888","112.670955444365","110.179419768461","107.325139664804","104.064653117823","100.445322018233","96.634889595046","92.7637039086274","88.9238321699778","85.193324890114","81.9968097447796","79.4585029198372","77.1352343993625","74.9268657731818","72.9544160498376","71.3118549880921","70.1780269499361","69.7032999314554","69.8214810221598","70.2696511551803","70.8711076074103","71.5731522384123","71.8319650423729","71.2116671661173","70.0704697986577","68.7656747780113","67.3950329308452","66.1639732516021","65.1076966750648","64.0879773896659","63.0311562256881","61.9553263301604","62.0582935046619","63.2131948686622","64.169133192389","64.2447836927519","",
"Middle income","MIC","Age dependency ratio (% of working-age population)","SP.POP.DPND","80.3599576435872","80.5424723929094","81.1425986580662","82.3662594790772","83.4206522765744","83.9449677871978","84.1957438341327","84.0532570399623","83.8483033215027","83.7542977197532","83.4842107117109","83.2107541655729","82.7956042972912","82.3565636683777","82.1742920832293","82.024659415361","81.8193101435133","81.0622457987814","79.5228394899022","78.0100155886772","76.7536687868727","75.6006358818884","74.6722402448879","73.7086783018557","72.6711744361615","71.7472181799781","70.9336673355997","70.2562316175412","69.6282674966543","69.0843964635444","68.6707525381166","68.2196824317858","67.7393029796635","67.2465702535897","66.6670313765634","65.9782928485729","65.1723695505914","64.2316352574047","63.2538847984644","62.2940352047952","61.3179917223279","60.3314551149845","59.3352089328619","58.3708953483243","57.4177614599845","56.4682536613547","55.6521596887437","55.0027638860061","54.4414677435707","53.9584419268795","53.5393418901847","53.1954829340932","52.9537094751435","52.7814507553172","52.6670067225033","52.5987645093409","52.5599671936634","52.5817643742725","52.6019328800079","52.5841669228364","52.4900862344712","52.2648313156524","52.0256269541375","51.7630083816722","51.3672898560071","",
"North Macedonia","MKD","Age dependency ratio (% of working-age population)","SP.POP.DPND","74.3902364926036","74.3067176309513","73.688583307665","72.5251764378672","71.1298146895957","69.9216027391948","68.6877582012404","67.3427736636568","66.0056417547632","64.6207428705374","63.2638666113366","62.1991044223582","61.3641680846606","60.5722278340444","59.7168197793157","58.9264957929787","58.3434150013486","57.8803521330152","57.2388451707017","56.4284208099391","55.5325618276044","54.5120135278381","53.6852666991802","53.1142840671061","52.646745532374","52.3016133446848","52.0315216044632","51.8239484479709","51.7138985936843","51.6175546462194","51.5043329134034","51.2881606367072","51.0749427296796","51.0931907467276","51.4097600820622","51.6387863943968","51.4505753838652","51.108262459676","50.7755742734507","50.2993481029117","49.6535888870754","49.0253833872834","48.4950971023654","48.0257861874555","47.4705214167274","46.8173694803374","46.2205163172983","45.8026442433186","45.465110015989","45.1209438129325","44.8337754824883","44.6211175116841","44.6285736126547","45.0133457627298","45.4776570410231","45.8787830708818","46.3865862414523","47.0672255043133","48.0106840670598","49.2556155977468","50.5073201188734","51.3921943501335","52.0830012221691","52.8340697087164","53.4859870639466","",
"Mali","MLI","Age dependency ratio (% of working-age population)","SP.POP.DPND","75.4331559588758","75.650549640675","75.8191083841117","76.0697680437364","76.5243761556239","76.9788547035754","77.4047023553857","77.9210500446814","78.5087672963062","79.1523697501607","79.8307838210308","80.5872904278552","81.4072639276668","82.2526533541745","83.1752645708304","84.2048402783578","85.3654087557925","86.5678651403367","87.7638300060565","89.0256801667569","90.2969591968552","91.5511734578143","92.7709253683465","93.8783906819455","94.9712350531179","96.1983550069955","97.6085989724964","99.0980096077148","100.458599743629","101.49113421708","102.109294733611","102.545356922589","102.855486640917","102.93934571176","102.796515988259","102.442138102144","101.983566542074","101.449799685408","100.754605770192","99.9912004994696","99.2877095020225","98.6095350644855","98.0229691528268","97.6196752326577","97.4334899551954","97.5418176830727","97.8338469561819","98.1854739493354","98.6304786371738","99.1596620223077","99.774606425734","100.448595050496","101.520019157259","102.371894954384","102.530025586738","102.527919857724","102.313780775536","101.88009329702","101.280425994696","100.416568884451","99.2426538469197","97.9663657641359","96.7585373584825","95.5627428168982","94.2739621678949","",
"Malta","MLT","Age dependency ratio (% of working-age population)","SP.POP.DPND","75.2964543575704","73.4749934663531","71.4754619090476","69.5088945529075","67.6236244384265","65.8136728664753","64.0991467052619","62.4754891735158","60.6792468584311","58.8428431981542","57.2697983787154","55.8742501094261","54.5959650172","53.4290530249183","52.3946974016865","51.5110163751544","50.7828256678058","50.2251150044044","49.8492724497092","49.6465891073032","49.602188436062","49.701284500115","49.9388094997102","50.2714228558958","50.6543989646278","51.0548409544975","51.2638443682989","51.2767928894822","51.2667076054719","51.2595582812561","51.1880063861213","51.0099982983386","50.8145473938996","50.5693384481878","50.1801133973113","49.7795486203434","49.3131841138208","48.6634380497808","48.034718059846","47.4772265473391","46.9564201865554","46.5669237309626","46.2354353245314","45.7977906211135","45.2401376869035","44.6070549983349","43.8568345732296","43.0042121695838","42.4462058790781","42.7038789942016","43.4631225556363","44.336184687293","45.4521528946512","46.7001868242298","47.6796080782753","48.274826180852","48.8332492844933","48.9049838377527","48.2514161767364","47.3547541904016","46.6974581383966","47.0550672482837","48.1391709876354","49.1465329757208","49.7967062194204","",
"Myanmar","MMR","Age dependency ratio (% of working-age population)","SP.POP.DPND","76.6502873440346","77.7991364199235","78.8992622766558","79.9670710950826","80.6424032571059","80.8600035472634","80.9384277452992","80.92278175723","80.8192337951438","80.6371637400874","80.3817805560463","80.0825898220171","79.7334161643676","79.4389877268983","79.1973122128957","78.8946443112614","78.5502528969534","78.1214820954939","77.611758059418","77.0855703391781","76.5193978901527","75.9388658518696","75.4508260947434","74.9220982722603","74.2732423794045","73.554674127204","72.7131939885338","71.7384863269656","70.6544107911123","69.5732770156335","68.5640819743697","67.6272739657965","66.7352277282887","65.8302412465037","64.8819797218011","63.8951960758404","62.886662220846","61.8050027662346","60.6153398492122","59.3810136784612","58.2217539588067","57.2352074018873","56.4403415340296","55.7675617214783","55.0806514558901","54.3329324573011","53.5569485953781","52.7788438336245","51.9331393368263","51.0971909384398","50.3522749835262","49.6180713857605","48.9034909828251","48.2399603707655","47.7168930939888","47.3459615010681","47.0384089285758","46.756347215943","46.5323258218492","46.396472048483","46.3134094770448","46.2474842232341","46.2100569537985","46.2092542209052","46.2094250408467","",
"Middle East, North Africa, Afghanistan & Pakistan (excluding high income)","MNA","Age dependency ratio (% of working-age population)","SP.POP.DPND","84.8497822743229","85.72977274499","86.5791909557175","87.4755922599906","88.335466746909","89.0902366899595","89.7570215320943","90.3046856917872","90.6977566350457","90.9514037790718","91.1125375514346","91.2097180778519","91.2587366792832","91.220341094513","91.0945360878043","91.0419443964438","91.1108981324089","91.0305095788464","90.780430642933","90.493494884417","90.0477052106563","89.3283234477373","88.8511532707028","88.8242449372036","88.9617141020788","89.0773223898104","89.0624816477261","88.9976330449807","88.9263983457298","88.8234643751462","88.4656521674309","87.8959553686113","87.5961674868279","87.382504624671","86.7815470770196","85.6828592592666","84.347811721707","82.8427389555835","81.1970972269506","79.5372636684351","77.8418448646911","76.1629136437728","74.7654788219145","73.4384691228385","71.9790305334041","70.5772478819446","69.2674392496279","67.9928353966521","67.0398044674987","66.410607367659","65.9183687133873","65.6581730573366","65.6150311948489","65.7404372424163","65.9155394717964","66.0311595309876","66.0376253936309","65.9530678989896","65.7503007559934","65.4348446071677","65.0338430244032","64.4976807571805","63.8942367111251","63.2711410507435","62.6000386012815","",
"Montenegro","MNE","Age dependency ratio (% of working-age population)","SP.POP.DPND","74.3888322404828","74.8507428148285","74.9266438563577","74.4408240094864","73.5762999434446","72.6174936866616","71.645309596009","70.4392079130452","68.848784244117","67.1026461502404","65.5350093362537","64.1894022648","62.9099787380851","61.6613106816838","60.585842633014","59.7795482786346","59.1283337605078","58.4109892607535","57.5082388019549","56.4942773063311","55.4854984508691","54.4111964739208","53.3079996865941","52.3639886413729","51.6258131589174","51.1081048025779","50.7753226582775","50.5467166059754","50.4109351591615","50.4034257716417","50.5306300782229","50.6254713985153","50.6026422210893","50.5618587481679","50.5005698643895","50.3994099207081","50.246762092818","50.0198132874551","49.7447005653059","49.4980967394173","49.3198597017799","49.2334265342526","49.2426856576484","49.3651091817044","49.5975629387174","49.789189017833","49.7613655733314","49.4878516468846","49.1361993739349","48.7735626597112","48.2459709265313","47.7757820614215","47.7143448010288","47.938770224384","48.4844300871515","49.317180564088","50.102612231378","50.8972133834732","51.8453520785359","52.9482821311871","54.0327933331695","54.7977027492217","55.321120340735","55.7603675124215","56.1495772729094","",
"Mongolia","MNG","Age dependency ratio (% of working-age population)","SP.POP.DPND","77.7765452326873","81.13170976831","84.4752579072668","87.5469584245077","90.5861871849504","93.8551918795853","97.2039916831462","100.408519985668","103.235091940196","105.004425605171","105.711054925229","105.944032664386","105.749548781975","105.142797091951","104.140838190804","102.813064677458","101.270201632028","99.5773570762935","97.6794317653334","95.7965279972081","94.1084123324134","92.5179167918559","91.0174822930263","89.621708480199","88.3574749121196","87.2514052279939","86.315808379724","85.523607748184","84.7671770703652","83.779172632772","82.4360798726683","80.8558601824978","79.1347317883394","77.3488713835084","75.5588164541737","73.7854052580562","71.9917334612135","70.0998889627817","68.011666352161","65.5992152911426","62.8796894489998","60.0556081479177","57.2868846352447","54.6740050910007","52.3149219210631","50.301413827289","48.6916914180332","47.5020153723875","46.7362412620023","46.4101397882339","46.4948711694247","46.6487262591356","46.8940830192974","47.5860682131157","48.6804175336851","50.0825069416898","51.7262924597998","53.5127010854887","55.4120963362594","57.4288259442459","58.9121466009596","59.6313854511985","60.0028703844358","60.0027669535657","59.5684105260823","",
"Northern Mariana Islands","MNP","Age dependency ratio (% of working-age population)","SP.POP.DPND","115.331525757949","115.707434052758","116.468392815489","117.005879692447","117.129730912273","116.677221870382","115.448639870077","113.316134153602","110.835850956697","109.852941176471","107.571428571429","102.788772939906","98.4608135699702","94.8617155692826","91.7320774463632","88.7135162219717","85.7314725697786","83.1226075861269","80.7800067241959","78.6070190641248","73.7137788290952","65.8108221125701","58.106960950764","51.5958416925041","46.3485829529774","42.355099736545","39.4798054556989","37.5004809727192","36.1323155216285","35.0665489388142","35.4860894029384","37.6057778742134","39.9702593017132","42.1417303349933","44.2581959622152","45.4369811320755","43.5081876214266","39.8709932530954","36.6141030780881","33.6713173264114","32.639953429708","33.7583126746154","35.2602795219769","36.5811394809913","37.752881611548","38.7657453153514","39.5919118492788","40.2798933739528","40.9023668639053","41.5287406308357","41.933875623196","41.9740988903308","41.9535479053892","42.0298828913716","42.1937593677613","42.3825317855169","42.5419017939864","42.5770547945205","42.4449991292738","42.0908124704771","42.222754204321","43.1749611434492","44.3591591215264","45.6023222060958","46.5285591369382","",
"Mozambique","MOZ","Age dependency ratio (% of working-age population)","SP.POP.DPND","78.7544397761341","79.2887664764903","80.0323571175972","80.7790112240817","81.5668774793177","82.4455077872411","83.2953800202709","84.0707034626129","84.7833868965244","85.4277114858764","86.0299825864067","86.6370786477176","87.2067268296832","87.7182658521108","88.2031669000504","88.6979041097218","89.3104310975975","90.0639341382647","90.9954029435048","92.1756211358161","93.6050274843416","94.8661059835602","95.6116792929084","95.9625344753234","96.115431473908","96.140890032176","96.0999828170752","96.0580967742379","95.7760407490065","95.3088973545134","94.8830779250313","94.5219537203457","94.1521114210069","93.5875999819242","92.7913859853629","91.9204648361317","91.1433393086102","90.8761449061074","90.9637154421639","91.1412533869643","91.41800590567","91.6817606110248","91.9062034965013","92.0740306774078","92.224142603261","92.3546289579785","92.4680735069968","92.6490302179457","92.9953654301209","93.5010159523487","94.0261658892848","94.332148584921","94.4104058552586","94.3878820252348","94.2161364066836","93.9293110832597","93.607198247634","93.2423544063081","92.9253199854508","92.6621562736864","92.291028024715","91.8281932595934","91.3012310999481","90.5547175254326","89.5117827853714","",
"Mauritania","MRT","Age dependency ratio (% of working-age population)","SP.POP.DPND","79.0352532845653","79.0784149397264","79.2281409356255","79.5810686949251","80.3934693973699","81.746682935734","83.3295067467113","84.9019903998114","86.4268508225578","87.8875303384165","89.2621260983442","90.5147771785983","91.6294212680111","92.595590823281","93.4111331871532","94.0685369614926","94.5820882274624","95.0474807332391","95.442706506089","95.6747617499802","95.7594221414181","95.7298528358613","95.5954024601399","95.3818391414","95.1191108279353","94.8097119469675","94.4578757262327","94.0939071349141","93.7352808538357","93.9147163597532","94.0737168651938","93.6852310696192","92.1041785497433","90.467292994328","89.8986539248916","90.1467375928521","91.1437313826015","91.4953803929168","91.1177597694217","90.5068817705597","89.7415289584708","89.4823325029037","89.6304959264814","89.7159656025279","89.7979464494244","89.9065929024563","90.0447923176414","90.1764924696341","90.0705345110381","89.9184630036215","90.1508605099638","90.7731713679931","91.664195198007","92.031078213882","91.7948866179137","91.5214425586679","91.1907782824228","90.7873726755356","90.2920743605582","89.6916163393409","88.9498303196694","88.0959295107984","87.1286509307235","86.0514074690377","84.978354637561","",
"Mauritius","MUS","Age dependency ratio (% of working-age population)","SP.POP.DPND","92.3692031024235","92.5865888124114","93.4486635196239","93.597401688041","92.7878019918108","91.5596722370761","90.0401183528487","88.3446976795591","86.5503238408553","84.6307861532308","82.5458740433469","80.3132164089474","77.8287484112259","75.1303625851787","72.5459100957996","70.206919712709","68.0400178697547","66.0145333595196","64.1632667416995","62.534606842316","61.1327206311611","59.9372949729947","58.8979360515379","57.9460988524089","57.1198398100072","56.4864578908872","55.9990837503736","55.5522192211895","55.0724422253372","54.5554652203892","54.056822580035","53.5071979851092","52.837621099927","52.0418201114501","51.1027410001317","50.0610962566845","49.0217619848612","48.1058617616369","47.3311004687492","46.7850755365493","46.4132350891217","46.0108090426869","45.5631562220941","45.0371925177476","44.4285151578596","43.7141008435022","42.8471378943506","41.8745636623748","40.9211541271497","40.1045199897569","39.436655842418","38.8683881383446","38.5139017716225","38.4388601389527","38.4067100217946","38.3923483566676","38.4624739783061","38.5107396477242","38.4931808158946","38.4410218949367","38.4194108816657","38.4728266812466","38.6410231913564","39.0159696460938","39.5416044069779","",
"Malawi","MWI","Age dependency ratio (% of working-age population)","SP.POP.DPND","85.5229913710451","84.9697270807467","84.5461602125164","84.5966069865958","84.9626262411262","85.5574687416053","86.4368570579674","87.3131118782185","88.1726952859712","89.0067038003809","89.7627609218306","90.3826497187796","90.8792197661742","91.2806443684086","91.6078917465664","91.9178690795262","92.2331015963086","92.4490496790906","92.7786633079929","93.3703197398614","94.0680887626254","94.8007720938936","95.5182291771821","96.1461198899623","96.6106375733656","96.9401109303793","97.1604730466875","96.9210859994966","96.7214374775821","96.9415340555209","97.1822499365851","97.4336028495245","97.6889973217102","97.8702444338536","97.9048925169559","97.7628505890635","97.4925183614205","97.2146372285927","97.0712678366793","97.3921193979076","97.9424274308025","98.3784994561858","98.8122746292155","99.1771026288471","99.5243301565615","99.9013106426173","100.209831452238","100.354877136686","100.189727690775","99.7902005606032","99.2985785532606","98.7056878168271","97.9454573129397","96.9140962579928","95.6432329654004","94.1706815867058","92.469842966706","90.6164711918926","88.6926562642419","86.6850770289584","84.5894429995323","82.4504103830217","80.331752037888","78.280606285515","76.3409449778756","",
"Malaysia","MYS","Age dependency ratio (% of working-age population)","SP.POP.DPND","93.2854650323811","94.8183615626427","96.0486480758033","96.8974465380273","97.3364158841822","96.9851065000634","95.9139646089628","94.5468713517726","92.9891498582439","91.3567973561375","89.685697785429","87.9752467034077","86.277128541754","84.638822430948","83.0210408152928","81.3877277127171","79.7600292264447","78.1607031149851","76.62971358785","75.2486474911538","74.080368364838","73.1611423473025","72.4857893226084","71.9689076820868","71.5496306263132","71.2283337009988","70.9645943473839","70.6656392520746","70.24344767255","69.6490082414258","68.8920849246428","68.0149166944822","67.1101537856569","66.3377644358613","65.7089512339228","65.1226757109751","64.5481113388644","63.9698636053134","63.3225841852581","62.4677878211496","61.4063888151392","60.2988538546068","59.1995253303348","58.0535975543566","56.8082475537643","55.4857254554276","54.1658567260995","52.8774181200561","51.5703106887847","50.217187727247","49.0080301479463","48.1465198770693","47.5176972010419","46.9575013879116","46.452998725794","46.0390855919982","45.7340885358718","45.4951518994463","45.227518847802","44.8360877975172","44.2708649510882","43.5789018280947","42.8965624836029","42.3268043029121","41.8927658645277","",
"North America","NAC","Age dependency ratio (% of working-age population)","SP.POP.DPND","67.2616426423804","67.9182694228097","67.8395137445407","67.5220844554688","67.1945255997378","66.8263955164507","66.2023340499333","65.2616469115993","64.1701395458248","63.0378874370562","61.9508986283903","60.7258343200646","59.2530575718021","57.6706074625329","56.1261578299467","54.6980822740421","53.3574423759321","52.2084064973161","51.2824262968435","50.5404464936084","50.0348635818076","49.7344210694664","49.601605065291","49.562233026122","49.5138599855124","49.3999983642789","49.3455112880432","49.5287384895767","49.9019031736256","50.3639798074716","50.8090963826132","51.2186574037213","51.563006402289","51.7321355854839","51.7235410470172","51.5606043997504","51.2847762002031","50.9237478538864","50.5137288062897","50.0997525068492","49.6882163753091","49.2849714222891","48.8939088185578","48.5150938611052","48.135891435529","47.7327813762333","47.4388905463718","47.3989022859514","47.5297893996299","47.6989653709284","47.8487533422805","48.1241480909888","48.619484998797","49.148943594214","49.6395786217625","50.10045473104","50.5474767196139","51.0199804302156","51.4948859923699","51.9839252362171","52.4460933680307","52.8566525659112","53.300978209787","53.8175797357663","54.3601438683216","",
"Namibia","NAM","Age dependency ratio (% of working-age population)","SP.POP.DPND","87.3758541708247","87.9205150257388","88.4432352698149","89.043057890944","89.5782411370047","90.0552708733143","90.5945188835263","91.0875622846632","91.5777777777778","92.0645398638547","92.5384699417457","93.05473458758","93.5985405500374","94.2343245846094","94.9229498546611","95.5595558889989","96.4849845684364","97.5291434632723","99.7770808772511","101.76783076101","102.881671617602","104.959720469766","105.428788704443","104.072556613553","102.575933502718","100.859552681021","98.8671887362377","96.7819388233074","94.4136233020693","88.6362738311452","84.3884953118625","83.9733335066049","83.7777948254244","83.5761835984508","83.357014269826","83.0253341116611","82.5210950580461","82.056104177152","81.6835410122091","81.2772089093169","80.7235309023517","79.9444192509389","78.8936247547273","77.5660733798826","76.026430041059","74.1613552573432","72.1750510200995","70.4594873717606","69.0611791172725","68.0053052757571","67.3402115495657","67.071490510433","67.0273861674891","66.9670951831369","66.8472385988561","66.7829222941766","66.9127141567747","67.2764239848555","67.7544912713027","68.1991512920047","68.6758501750883","69.2049280206522","69.4803500031965","69.1003275178326","68.4996560642518","",
"New Caledonia","NCL","Age dependency ratio (% of working-age population)","SP.POP.DPND","71.5910312358923","72.035523682455","72.3626007392595","72.724954391196","73.2337813808531","73.687448728466","74.0897529069767","74.4717375146002","74.7958093531378","74.7874504050945","75.2576658598747","76.3897660233206","77.3145273367042","77.9630994218343","78.3246286373194","78.3576183000091","78.0018791105543","77.3589765604877","76.5950516906523","75.7137942896457","74.6636509898104","73.4341895807327","72.0562271577172","70.5439662001584","68.7625167336011","66.7540847122489","64.7741295947887","62.9248957431741","61.2320470007368","60.3297389488989","59.5976954315639","58.4968692062826","57.5652880804796","56.6893256489828","55.8478600337805","55.0532758660714","54.4046991490323","54.1305658934114","54.0778278458416","54.0549876630243","54.1519837486008","54.1880527078452","54.0210369938056","53.6052231928454","53.0939532045537","52.52997459727","51.8997594619803","51.4231877230808","51.1138893850092","50.7975122074176","50.3745264525475","49.9783368313255","49.7087207411776","49.5462108606867","49.4340885903758","49.2486652014189","48.9630198040617","48.6885022391425","48.4570034346988","48.341135549337","48.2739909003632","48.2319006288654","48.2687928283355","48.4047019311503","48.6593989393047","",
"Niger","NER","Age dependency ratio (% of working-age population)","SP.POP.DPND","100.354745738878","100.170203606341","100.227312910209","100.406381350691","100.519766089975","100.480049742599","100.275300505936","100.0011205617","99.6664697344862","99.2861634333905","98.8791151642987","98.4484274450886","98.0027935216135","97.5542690786344","97.1089285251776","96.6700486735271","96.2519037285248","95.8862505651186","95.6258850289467","95.4962268319208","95.5069823341911","95.6348594815961","95.8174580266513","96.0250880976174","96.2283391828177","96.3758056738418","96.418772613441","96.3870792800028","96.2941909238317","96.1264753825853","95.9533300477606","95.8191083859086","95.7190176529565","95.6401607979707","95.5892281117979","95.585433805969","95.7627316835882","96.2081490491038","96.7954591299157","97.4996264930728","98.3020935757532","99.1648395565348","100.09783599039","101.088806817637","102.126021479622","103.161797729245","104.162685909184","105.116178985624","105.99092009742","106.753966582566","107.358330771975","107.748947211758","107.77930818857","107.587243447039","107.29012934659","106.76550873684","106.063782914591","105.292342759729","104.411348645466","103.388518016932","102.206558256442","100.876178117822","99.5107362854154","98.164041724651","96.8325672256489","",
"Nigeria","NGA","Age dependency ratio (% of working-age population)","SP.POP.DPND","80.0626757362147","80.0395082839382","80.1538131533676","80.5180727193926","81.0623649407342","81.5469012809652","81.9554857330461","82.3968096206672","82.8870950556414","83.4234985635855","83.9551505419278","84.5437002468703","85.2106911041407","85.9039853698027","86.6348753588225","87.3933864726587","88.2092071201434","89.0367599799139","89.888970613068","90.749680406397","91.4865270213037","92.1971057127877","92.9326952319604","93.700242535095","94.3209108578386","94.698423402768","94.9524308750503","95.0078553423348","94.861196367801","94.5537492644628","94.0547521701476","93.4621238269268","92.775318527314","91.9754648058757","91.1719085372769","90.4546627570498","89.835314313018","89.2308944527818","88.6082412306977","88.1093885201792","87.8803537652729","87.8660990232171","87.9887566173429","88.2016466613452","88.4323064270027","88.7013602682499","89.0370331032741","89.3717479065226","89.7010850655611","90.01512867819","90.2349884259357","90.3493899125583","90.3779963318547","90.2972750019224","90.092940117399","89.7206263682148","89.0622854601106","88.1255756898501","87.0562828519935","85.8794318634782","84.5258373117038","83.1000083234404","81.687287853566","80.2464063402127","78.7709744526654","",
"Nicaragua","NIC","Age dependency ratio (% of working-age population)","SP.POP.DPND","100.779973032128","101.68690180057","102.485918266021","102.958584192368","102.858846894414","102.368357332271","101.840604326246","101.355077134317","100.929675725928","100.561785278117","100.251319821622","100.001360104456","99.7417057510053","99.5207934810441","99.3890775443121","99.2748286817247","99.2017797375806","99.1897376981309","99.2572601814609","99.5267386962048","99.6961949460789","99.6137402047881","99.4965513360418","99.3826410942688","99.2976050838964","99.1630965053167","98.8773385722103","98.441517415809","97.7780145523417","96.7991703076211","95.6059422010843","94.2620307954433","92.7689723886751","91.1481985537271","89.4053609359947","87.5609238817577","85.6579431812919","83.723867161581","81.7739025051142","79.8669555758554","78.045426702172","76.2627403429759","74.4910277838672","72.7501380751168","71.0839597269489","69.4687250377982","67.9597654389063","66.5780733917154","65.2625486607333","64.0300059503856","62.8894902643049","61.8063368356308","60.7923863166663","59.8943184475099","59.1180966549615","58.4227991763294","57.7782531320644","57.1888758345376","56.6166527426414","56.0113131029246","55.2388559468015","54.3648388491391","53.5775290251537","52.8658369386387","52.1895509332864","",
"Netherlands","NLD","Age dependency ratio (% of working-age population)","SP.POP.DPND","63.8823136811387","63.4412516042256","62.3426275996338","61.5779592237971","61.1484681346575","60.8508390264695","60.5770110846954","60.4075978867992","60.2624004963333","60.095614918722","59.8875240778083","59.5306609185883","59.0556301195096","58.418418767683","57.5856441631713","56.5874780753114","55.4546443614944","54.345378149482","53.2822029837789","52.1860853771585","51.1258985175782","50.1384758686527","49.1577350376847","48.1158033750898","46.9950179975564","46.0737499652245","45.4790834394223","45.0733501472246","44.9258266291655","44.9982657516814","45.1820967673494","45.4275168201686","45.6926157372403","45.9411627880563","46.2126735776954","46.4793379314632","46.678356484411","46.9014218637429","47.1611679571244","47.3984900222728","47.5997257745678","47.7234584540489","47.778007873293","47.8837208072943","48.0486896030983","48.1687259592709","48.2136628287853","48.2541352334204","48.3834903176158","48.6378733180059","48.9390840593512","49.6322091919466","50.6460351411108","51.4289591698403","52.0149611855016","52.4272622166642","52.6972672445206","52.9840892509348","53.2595764421941","53.5125012921873","53.8223735345247","54.1991252368432","54.4455963721084","54.6264908553262","55.0909942337838","",
"Norway","NOR","Age dependency ratio (% of working-age population)","SP.POP.DPND","58.6152541284383","58.3225476518062","57.9248921972322","57.7292805225555","57.7787524749431","58.04067273134","58.4494715412487","58.8448536812424","59.1344289527736","59.4101209131981","59.6133381654051","59.7209678429209","59.8180928642308","59.8921621346665","59.9391427816934","59.9537379829521","59.8576344027959","59.6805208725389","59.4302861178741","59.0456674930368","58.5424534378895","57.9526847351943","57.3924139432034","56.8300927206256","56.1047958469576","55.589764572273","55.2529697485391","54.7884392926817","54.4642300175619","54.4000102278248","54.4470022925958","54.5478809435049","54.6927870679401","54.7703797876354","54.798595729719","54.8412385210465","54.8878006841267","54.8767200635376","54.7290587762079","54.5029199266599","54.2490224128071","53.9426008662733","53.5644614689625","53.1550102414156","52.7570832006829","52.3220986245749","51.7958323440353","51.2684421687637","50.9217590461968","50.8957069938457","51.0382769236853","51.2230746496865","51.4440615689539","51.6716018336905","51.8888567930458","52.1044566844697","52.4161859607572","52.8187217825194","53.1960276841597","53.4506846449634","53.7024036773317","53.9942602946959","54.121894369811","53.9423382909882","53.7846035980815","",
"Nepal","NPL","Age dependency ratio (% of working-age population)","SP.POP.DPND","77.4951855171379","77.5409814346199","77.4857389633536","77.2604060901965","77.0756672979325","77.0239367230435","77.0065597577172","77.0223160179539","77.08152781684","77.1817596672773","77.3112884798898","77.5268188520006","77.7946702795663","78.0203817949094","78.2872698193033","78.6044059125784","78.924904446075","79.1872666493896","79.3902588362096","79.59928333329","79.7656324134908","79.9328044204299","80.1203772694931","80.2713242853739","80.4676078171735","80.7453109116123","81.0600531908318","81.4770009373898","81.9685234321807","82.3212937998171","82.4138121433919","82.3146467000289","81.9837250719137","81.8258370514492","81.9369587333842","82.1310872499135","82.3282875131383","82.2646727822246","81.9808345109139","81.5529364487184","81.0445699996489","80.4071397893568","79.5878346721543","78.6140023049205","77.5292988288111","76.3566959043179","75.0965421342507","73.7412792890358","72.2103147648034","70.5131590457199","68.7230673269311","67.1104103276562","65.8847037805744","64.8884391194323","63.8731073448067","62.6773848232675","61.6232358975145","60.8935676824888","60.1789003710396","58.7001840122581","56.652683071554","54.9709890210653","54.1657821006166","54.0220133747515","53.6868554776039","",
"Nauru","NRU","Age dependency ratio (% of working-age population)","SP.POP.DPND","63.1373937677054","63.3253506671228","63.8907175773535","65.400443178221","67.7821721934895","70.3768624014023","72.1162062090572","72.1863598091496","75.5549389567148","79.8578846679421","77.9840848806366","73.3658036400923","68.9732142857143","64.5493767976989","60.3056970819824","56.4837625979843","52.9449978345604","50.2201719438037","49.1823385118561","49.8996386993175","52.2388059701493","56.031050955414","60.960960960961","65.4117173344071","68.1790805059225","70.1352964584162","71.985048199882","73.7087378640777","75.1241880015285","76.4374295377678","77.8887040118321","78.9932763946938","79.2986222937914","78.9865343727853","78.0920590302179","76.8441196938065","75.249569707401","73.430855587685","71.5102589976455","69.6419650291424","68.1216931216931","66.8863261943987","65.7405885253986","64.4059486844256","62.8724093264249","61.4136546184739","60.1851851851852","59.2751549833095","58.8823622797269","59.2463030688504","60.380070265091","62.2168674698795","63.8946528332003","64.8072704481354","65.4142285186326","65.9445538554764","66.1549925484352","65.9680492452","65.4223119054483","65.6562768086932","66.9582676036139","68.0637290081814","68.8027463882134","69.0872846361954","68.4336669956295","",
"New Zealand","NZL","Age dependency ratio (% of working-age population)","SP.POP.DPND","70.8881964083074","71.1250039780904","70.9171678719926","70.5199450683043","70.1022890186189","69.6914448628698","69.2798061685713","68.9679747971559","68.7495970235314","68.3943566513281","67.8441695245819","67.2521174716029","66.5877489579306","65.6740842273102","64.5726564575051","63.5375922819949","62.5878996549613","61.534395560988","60.4725126811948","59.5010883935639","58.5547976464069","57.6624352932866","56.6648217596442","55.5062471291883","54.4597617746192","53.6708562428598","53.0382786623258","52.45807449512","52.0812162050748","52.0206835124924","52.2165060145131","52.3123800492615","52.37793628577","52.6104451985299","52.7771904435731","52.831992610945","52.7893263636509","52.7498651779348","52.7780169453447","52.7802897451444","52.7172966382163","52.4848880657864","51.9651555848397","51.3493361554743","50.847736601215","50.5037483038793","50.3686450148658","50.4429979608737","50.6047098354443","50.8301336353722","51.1623907332559","51.638047175897","52.2425741120968","52.7030093022296","52.7543470643702","52.5174780979885","52.307552633679","52.257834938067","52.3710857473679","52.5965951829053","52.9981292985865","53.6270312994757","54.0514723670098","54.2574461849167","54.5939916672758","",
"OECD members","OED","Age dependency ratio (% of working-age population)","SP.POP.DPND","63.2377799266195","63.6330527698234","63.5850796549518","63.4486600573687","63.4172577420066","63.4681826702795","63.4682118549292","63.4092737069934","63.3027531359208","63.1064548434527","62.871713068327","62.576484665692","62.2322022682842","61.7972554747911","61.3033730462135","60.7631607217071","60.1581649627579","59.5645008768417","58.9826955129929","58.3686455626155","57.7007981060379","56.9695701120655","56.1980286594528","55.3949747151706","54.6796952883781","54.1347757566838","53.685436318786","53.3045214673346","53.0365470075937","52.825302179425","52.6254536603494","52.4581051497065","52.3284428964959","52.2139589333353","52.1043360124661","51.9134666854036","51.6584984058598","51.4263836728718","51.1918252609867","50.9837799733645","50.8155190021387","50.6665578270429","50.5193295487219","50.359091889079","50.2215164205284","50.1169424160534","50.0462322835019","50.0189644159665","50.0564327057213","50.1319513202109","50.1823839846826","50.37961613739","50.8078653062516","51.2878024896518","51.7379872091092","52.1287926432972","52.4884893712752","52.851361491693","53.184585474974","53.5203735005626","53.8583261155513","54.1538431306871","54.3884901461631","54.627217803952","54.9293928010136","",
"Oman","OMN","Age dependency ratio (% of working-age population)","SP.POP.DPND","81.5684811478328","81.6485361561523","82.0062550677632","83.2732037933897","85.3683883374449","87.4092552445425","89.263149244438","91.1451856699858","93.0397408936712","94.93048716384","96.8032976758275","98.6458858904401","100.45522044286","102.200951035148","103.012901174341","102.916357288939","102.55763823106","101.885460849779","101.151762274479","100.554044716607","100.203152868534","100.001891592816","99.8147873361735","99.7004808870634","99.7489762135751","98.8572483043257","96.6874985214532","94.0235129877264","91.0410049871743","87.9002425780532","84.7114802644668","81.5194522277757","78.3253642662555","75.1895375448551","73.4428059651754","72.7095618178856","71.5309322950465","69.9666074953139","68.1584488632881","66.2432813749827","64.2577157828065","62.2100767230744","60.1302890531434","58.0410313668988","55.6231374794941","52.9309144264007","50.3918280645057","48.1710758509604","46.3687424803325","45.0385630222864","43.920261133618","39.102486722755","34.0090633813326","32.4945734382025","32.812648804734","33.02053908217","32.769904557786","33.0322459964072","34.1666301915092","36.2325820015673","39.2044242565832","41.4961719450782","40.6042782083888","38.6735887164327","37.6631602323536","",
"Other small states","OSS","Age dependency ratio (% of working-age population)","SP.POP.DPND","74.4085719388167","74.7666086928193","75.0423703367619","75.1405199710121","75.0229042260116","74.8651127875286","74.7273525958153","74.5277338129148","74.273651174797","73.9649627513998","73.6082013651937","73.2668967441125","72.9545334537551","72.5330550207786","72.1181143356574","71.7790214325251","71.4239927586848","71.0628191571065","70.7112568596773","70.4178817541639","70.2022189065351","70.0579251736694","69.9566056376714","69.9179650493507","69.9085353353764","69.9375224171769","70.0560132766481","70.2020261290545","70.2582462525219","70.3116164763584","70.4109335770978","70.3867552045695","70.2568216179553","70.197171736745","70.3649596149278","70.2579364117267","69.6250640567421","68.7227433105524","67.5855891352296","66.0593351484735","64.630368230602","63.6879535878197","62.8461542972579","62.0239088925565","61.1398092301567","60.3237430039028","59.6077024989273","58.8487870330449","58.0525035802909","57.3509239348997","56.7661417483843","56.2806699330059","55.9161418791983","55.6550228390544","55.4126909543487","55.1368368679275","54.8626577298136","54.5089414957949","54.0545833750716","53.6212686743385","53.2509049137526","52.8768202622496","52.492007188242","52.210445993158","51.9545207257915","",
"Pakistan","PAK","Age dependency ratio (% of working-age population)","SP.POP.DPND","77.7069677889498","78.0687977339578","78.6852973926361","79.6428670038074","81.0257819209402","82.5342747726101","83.9055142087154","85.1359438007866","86.1974696183078","87.0696084228225","87.7599428869068","88.3123938670614","88.7370094356937","89.0255342479234","89.1858564816686","89.2180959941713","89.1258463793923","88.9482889442391","88.7396426151106","88.292857948665","87.2404618832674","86.3582298727762","86.2282607132429","86.5734749859611","87.3779148345794","88.1450659406049","88.6277391667405","89.0604180319788","89.5185026194753","90.0358993217998","90.3524722641165","90.6055379024562","91.3237120318044","91.9353108787057","92.1153641235323","92.0050933998263","91.5013917796717","90.7652198383735","89.8748985312392","88.9480257631773","87.8265663645158","86.5773622162083","85.5449528888916","84.4400864362812","83.0037628777389","81.4989219399268","80.100024981889","78.616390172067","77.3059146807243","76.3243708555709","75.5364234270318","75.0100380395422","74.7398435909083","74.6202486526627","74.4256172449709","74.161810917677","73.9138783908976","73.5768238017572","73.1024168008764","72.6314584931864","72.0651682830605","71.3439501303533","70.7109794452284","70.1673862519405","69.3926431439163","",
"Panama","PAN","Age dependency ratio (% of working-age population)","SP.POP.DPND","90.503461530653","91.0099962123084","91.5192047632171","92.0243123198005","92.4027583365146","92.6094288977055","92.7179852187248","92.6987972873397","92.5230409936416","92.2161455780979","91.8163009690522","91.3239881326361","90.7109987840061","89.9505965966544","89.0279410941262","87.9281130266121","86.6464572619408","85.2099944890809","83.6565977429551","82.05613440256","80.4753405233374","78.9365854181099","77.4642394516975","76.0829266003379","74.7756371709318","73.4900032476439","72.2095159708655","70.9598528924662","69.7753019785548","68.6877022789984","67.6882408455763","66.7417856105342","65.8482400125357","65.01743818075","64.2224528426081","63.439321181873","62.6593331628865","61.8743954736491","61.0790501953712","60.2913330455299","59.5451982251845","58.8544709788102","58.2235606348269","57.6552429718081","57.1455777301836","56.667292448204","56.228327813305","55.8490841487759","55.5206266587647","55.234464280737","54.9787704410051","54.7645056657503","54.5835697778655","54.4075216838135","54.2499473891337","54.1048939156735","53.9493724089181","53.7889222787002","53.624280829378","53.4020908356858","53.1002058685187","52.7929130402984","52.5235087553911","52.2832629253976","52.086689450372","",
"Peru","PER","Age dependency ratio (% of working-age population)","SP.POP.DPND","91.0453716766285","91.7566127338076","92.3594098340656","92.8554653069974","93.2186846260506","93.4621262092324","93.6110409813011","93.6777859197615","93.660211474509","93.5641963261109","93.3399769359397","93.1136033626556","92.9629280090058","92.7054327487235","92.3337337780662","91.8826071581148","91.324974110496","90.6228187122144","89.7638312762445","88.7813008934958","87.6729501958783","86.4684485726349","85.1903568484894","83.8564693620679","82.5366351931085","81.2716023550304","80.0672162128076","78.897958133559","77.7315460036214","76.5731736838065","75.4157192605356","74.3176180487689","73.2367592598115","72.1226891613753","71.0046208460218","69.8855109203906","68.7533140333823","67.572845929944","66.3373279866207","65.1180385872912","64.0029073497459","62.9840392352179","62.0588640528885","61.2360977253486","60.519573375419","59.9218464564285","59.4213281709725","58.9908779480438","58.4861812206581","57.915054074934","57.4065110598485","56.9732555404503","56.6078305489283","56.2690728263129","55.9260526415525","55.5249961792269","55.0315226387303","54.4342798477223","53.5702959648924","52.7058864277693","52.0259679366878","51.2732345713394","50.5475609612953","50.0391504388028","49.6973010705299","",
"Philippines","PHL","Age dependency ratio (% of working-age population)","SP.POP.DPND","102.54712004701","103.933359879796","105.031426020567","105.653078762432","105.640615718952","105.416120548408","105.220123520926","104.784838313392","104.081505151694","103.175143742173","102.448416883704","101.846165439128","101.07094471745","100.068509862332","98.9013129387191","97.3980615065676","95.4152458085326","93.3686204055846","91.5395113421161","89.9130687185418","88.4668338126951","87.1193998151487","85.7431183766391","84.4754056562315","83.4470167663644","82.6916213602224","82.1789303736199","81.6684459966201","81.2200097970777","80.9750658097744","80.6376867539352","80.4295485629981","80.0698044356479","79.4132075654664","78.8922732700555","78.3513792566435","77.6409765550621","76.7544156910898","75.5384346968209","74.1825986663884","72.936876606391","71.8430200888632","70.8905082045512","69.8842742816374","68.8601701921728","67.8557797530439","67.0134961718752","66.2081132680944","65.4578959893668","64.7322063281476","63.7943677675165","62.9060289047957","62.0255491999165","61.1835246269493","60.4579386236435","59.5211985547012","58.4031241305213","57.3664779049531","56.4951142171875","55.745826525598","54.8178657691752","53.59656857012","52.3747406896807","51.2166581870048","50.0600272907847","",
"Palau","PLW","Age dependency ratio (% of working-age population)","SP.POP.DPND","107.750556792873","112.405513561583","116.467727674624","119.292112737601","120.905773771196","121.808622502629","121.980279375514","118.710191082803","112.363427257044","106.304307635422","102.855103497502","102.166064981949","101.720430107527","100.319182891797","97.7864380358535","94.7522314558326","91.9256550883608","89.3996673219416","87.1239470517449","85.0307484625769","82.4684014869889","78.6660904638433","74.7624948368443","71.8097754293263","69.6819338422392","68.1449631449631","65.8271254582003","62.7568979221074","60.2407002188184","58.2318687136051","56.3422131147541","54.5076694705591","53.0340735068913","51.9443155452436","51.2173128944995","50.5955508845682","49.2349311015301","47.2075441021055","45.0814536340852","42.9079086647512","41.5141676505313","41.327685678814","41.6515360592636","42.0273101654505","42.2930576495082","41.8276799771003","40.5422853453841","39.3316009816659","38.4385696598937","37.7180714022819","37.1812080536913","36.9310005301825","36.8538633387258","37.2452947581272","38.0855873411801","38.6223574381777","38.8546461730514","39.16712243144","39.5456325891109","39.9512501965718","40.3739940034717","40.8252158073968","41.2358835692699","41.6233921866262","42.0144462279294","",
"Papua New Guinea","PNG","Age dependency ratio (% of working-age population)","SP.POP.DPND","80.2758473622909","81.0715834373147","81.86041542903","82.6457242285188","83.4155144133293","84.1681699491767","84.9224680459294","85.7173956222937","86.5093648561044","87.3172415852089","88.0925588814864","88.7601682823142","88.9668133051607","88.6366998398015","88.0644400946925","87.2929415655231","86.3398071016087","85.2233993029067","83.9901723754564","82.6841036043789","81.368491406821","80.5639865941779","80.2670962354927","80.0581175530134","79.9316774945244","79.8622495958325","79.8288618019846","79.782936635988","79.7151577593753","79.6332452851974","79.4887964633648","79.1234353900257","78.5408554725847","77.9170127180845","77.298110161124","76.6746756403692","76.0752754056323","75.517018477224","74.9612919743328","74.4163821857913","73.8931516348343","73.327844631617","72.7073792134938","72.0371751055006","71.3086839526359","70.5944059046986","69.9319740225988","69.2716381875149","68.5909294678462","67.9026023134093","67.2323873619272","66.5940389141745","65.9603271074004","65.3208940914198","64.6770936798606","64.0395867812166","63.4039488403005","62.747368992176","62.0835728625426","61.4277597667137","60.7966355025057","60.2004502555026","59.6478729772873","59.1154128064381","58.5895021011812","",
"Poland","POL","Age dependency ratio (% of working-age population)","SP.POP.DPND","64.3676726623327","64.8533713377083","64.3933501090468","63.5320397837812","62.4450551456971","61.2542353342258","59.9117444250837","58.4536677731174","57.015749876749","55.6147416500203","54.1187994810287","52.7832737792286","51.8349853723614","51.0875092048371","50.6450911510873","50.5667722435376","50.7734510440825","51.1920681309555","51.5823994546682","52.017382500801","52.3885891782197","52.5325024927724","52.6898361882751","52.8875272060084","53.2465443245666","53.7101180673535","54.0248570722458","54.2125800763873","54.3190520826215","54.250227018252","54.0315528240809","53.6751792573387","53.1887384775525","52.6595648829808","52.0799767263411","51.4084299288673","50.6519973757847","49.7461925000558","48.5986708188556","47.4582116617726","46.3835221191094","45.35587779018","44.4836130007559","43.6609246648372","42.9286318913617","42.282987328555","41.6701569210444","41.1182419857251","40.7089419389074","40.2461435125724","40.1427258410617","40.6038867481198","41.1812976961914","41.9187994358197","42.8060356896606","43.8362521585049","45.0280416831877","46.3552256954314","47.7612534407976","49.2108489415536","50.5227064080951","51.5090347483071","52.306617945756","53.040171083641","53.7259735061021","",
"Pre-demographic dividend","PRE","Age dependency ratio (% of working-age population)","SP.POP.DPND","84.6554737199843","85.0016000458899","85.4317845103502","86.0088806621008","86.6552734176276","87.2887301205106","87.9062965263107","88.498551271834","89.058006180517","89.6174435545731","90.2139161709451","90.8628715638144","91.5714484398321","92.2934753271463","92.9345457367954","93.5097883332239","94.1059587616936","94.643846658058","95.0296000020122","95.3867207582993","95.771104812976","96.1565345406885","96.4598988583009","96.6738558924545","96.8552345537281","96.9590070676894","96.9911114400664","96.9436448172123","96.8161855184721","96.6811614945081","96.5130532933357","96.2719720478051","95.9479717939495","95.6509274132521","95.0744757096545","94.5638491021175","94.6015343240041","94.6690774766176","94.4464122191959","94.1243823946603","93.8689066501775","93.6604682781521","93.5095452888182","93.3600403967676","93.1841298776421","93.0300316564326","92.9361090923837","92.838587183912","92.635731631038","92.3775153786745","92.1051184850203","91.7738416071","91.4328326694719","91.0581885811373","90.6377009862045","90.1400833669527","89.4736095497365","88.6905728882577","87.8534423522096","86.9753352294281","86.0144010058034","84.9979373143804","83.9648267577927","82.883991675084","81.8048805504338","",
"Puerto Rico (US)","PRI","Age dependency ratio (% of working-age population)","SP.POP.DPND","89.67593408158","87.6374799243733","85.5881348268312","84.0142771914666","82.9117899189093","82.1552462677134","81.6158095306623","81.1536517996409","80.6485411725586","79.982968280098","78.5958346036986","76.5904030165346","74.7212435400256","73.1853738621645","71.966667953799","70.9906840314979","70.2142543987188","69.4804125883565","68.645082575907","67.8058570438079","66.6943970716692","65.2996170004297","64.0595137862025","63.020112519035","62.1072067220275","61.2594376405409","60.398696884519","59.5734076619901","58.8639930635584","58.2158367930519","57.6564328905997","57.2212509605339","56.800568215614","56.3849039889754","55.9446344897728","55.5050543006944","55.1647773002751","54.9063519173598","54.7067483236799","54.5297394277479","54.4369863557776","54.4795240826755","54.5935114989907","54.722311412047","54.8311530049206","54.9320163666705","55.0610001340662","55.2275607041916","55.3968338574703","55.5577089110657","55.2535122555344","54.399541499749","53.5909036370517","53.0622119883651","52.830179831457","52.8564868623137","53.0953758178919","54.357888467815","55.496940093307","55.5573505958644","55.8409672655089","56.3280871183446","56.6985030090185","56.8593197817144","57.102662014672","",
"Korea, Dem. People's Rep.","PRK","Age dependency ratio (% of working-age population)","SP.POP.DPND","68.8035576899955","67.6486695793947","66.6599438490704","66.4286016988433","66.7557081208368","67.1183290909125","68.7729746201733","71.9058371763222","74.5615394121488","76.1893688991886","77.108247392596","77.6706635688165","77.4838379314685","76.1432435719667","74.6354917745007","73.2604412016482","71.7351600811177","69.9893970403642","67.7878860063766","65.4530265713394","63.1904231860009","60.8953766253644","58.3380037209061","55.7562983135696","53.4373583723089","51.268895034955","49.3375167041194","47.5318952974265","46.1400387346823","45.3795871345668","44.9666177954561","44.9073953854984","45.1434437551699","45.4914775509838","45.8944009752538","46.2336486796122","46.4205576845905","46.5460445593041","46.6846091038782","46.8463829258826","46.9898517860149","47.0947236868851","47.160473871519","47.2703334382366","47.3806916925401","47.3258619340289","47.1412888899528","46.885303407959","46.5901185903644","46.2442424960299","45.8635697310212","45.5183312098033","45.2153385500139","44.9167005556729","44.6183996622518","44.4304103992538","44.0123282583146","43.3710786654511","42.9880557043149","42.9458246992114","43.1993270106715","43.5542200289193","44.127259935747","44.9468910727381","45.6599941348635","",
"Portugal","PRT","Age dependency ratio (% of working-age population)","SP.POP.DPND","59.1520291995302","59.0167064031121","59.2398576930826","59.4322070764637","59.6050257565785","60.2640388284223","61.0421463510687","61.5205116664158","61.9358523904581","62.190223034785","61.9619371029284","61.6228106259714","61.4358507778557","61.1036207306775","60.7099028162346","60.6296044155049","60.6952633095858","60.588471062169","60.2772096061858","59.7420024956833","59.0926891376689","58.3399968915003","57.5954752903945","56.8196116937551","56.0181885890858","55.3437026881976","54.7003285907911","53.9682546992409","53.1945752331607","52.4080623780774","51.49836395052","50.5349229002801","49.7881968786243","49.3315230137625","48.9785715329449","48.6487816825691","48.3981421229632","48.2512501440866","48.1872210239773","48.1636201837127","48.187116261373","48.3793384190982","48.7003669975105","49.0173222956897","49.373496396338","49.6803556531447","49.8485818819196","49.9501563011353","50.1334939963251","50.4568268189575","50.8405935299935","51.3181626645034","51.847563868264","52.4520220427443","53.0684518514169","53.5461746188761","54.1064166804349","54.7787059554707","55.4000956836287","56.0597690902446","56.7408062962516","57.3226204831259","57.9534940611134","58.7431554582857","59.5712560251323","",
"Paraguay","PRY","Age dependency ratio (% of working-age population)","SP.POP.DPND","100.910088736852","100.283894003207","99.6773798548614","99.4657982641157","99.6030313271155","99.7489482331445","99.8337153963759","99.6989284287861","99.343641180031","98.7792274569963","98.0209743877633","97.035199593432","95.7755115466062","94.3712745724534","92.9341092961224","91.491323426464","90.0679297278677","88.6539135075635","87.2770034325549","85.9943613207618","84.8645591838736","83.95836081625","83.2687064009634","82.7529476432899","82.4292144597015","82.2678929757204","82.2351377508747","82.3104503570741","82.4538832528884","82.6144001130704","82.7567936942236","82.8781271111986","82.9290582224109","82.8274044751613","82.4989949410331","81.8875244099029","80.963298856361","79.7754612209207","78.4083002399761","76.920193570859","75.3709927233408","73.8518323898482","72.4154451799927","70.7961250474172","68.9951357452936","67.2726814974197","65.6362593147206","64.0858464459094","62.6578348407997","61.3466407240638","60.0854500313449","58.8837421038049","57.8075986249322","56.8858508247695","56.1352116443968","55.5597734558191","55.1509755644003","54.889974325347","54.73685224195","54.6312782944239","54.5220192083825","54.3435648184816","54.219471606521","54.2026658651783","54.1439537929832","",
"West Bank and Gaza","PSE","Age dependency ratio (% of working-age population)","SP.POP.DPND","","","","","","","","","","","","","","","","","","","","","","","","","","","","","","","104.934171337882","104.785958285449","104.61801812026","104.389170068371","104.029198540418","103.540352900245","102.913792116618","102.10595015674","101.1508750374","100.082676150424","98.9265882484286","97.685306998021","96.2675398821517","94.6180636947076","92.7882776900855","90.8092101558127","88.7273345792031","86.607797966723","84.5417587368882","82.6809354359812","81.1510015511531","79.9072985267286","78.8657836325142","77.9372989223921","77.1079372691143","76.4598535621394","75.9242787531905","75.6896464008083","75.6773580843112","75.5232104451405","75.0766806037347","74.3888286268739","73.58927215619","72.928715183441","72.0721491548406","",
"Pacific island small states","PSS","Age dependency ratio (% of working-age population)","SP.POP.DPND","99.1905848637879","99.2758362477002","99.3692747374975","99.4566821080254","99.353733612218","99.2645966001963","99.1953495439568","99.0099025697711","98.7530946160647","98.2841211220733","97.5396763848102","96.6919134357349","95.7663747402378","94.6873278693261","93.5328619320128","92.3912104206818","91.1644043318837","89.8392764533694","88.6208527765935","87.8329349907049","87.1609950749132","86.3196161505577","85.558572864953","84.8836572293655","84.3110042964585","83.8257800162928","83.4033090394652","83.0237656221394","82.6805990770821","82.3243763930715","81.8617918492241","81.2719973511147","80.6430766313826","80.0718709168758","79.3545823946499","78.4192006628947","77.4371436723463","76.3743531814961","75.2361068046673","74.1061694711819","73.0346232311835","72.0703607542016","71.1384803091902","70.2293337874049","69.4306920735423","68.7105893300203","68.0638504439528","67.4794060899812","66.9962397929652","66.6375927914095","66.3697527114362","66.1620179186974","65.9436618042578","65.7534843347364","65.639075575065","65.529742875963","65.4351988396864","65.3755525471063","65.2776904411932","65.1344627768092","64.8919820090283","64.5631231138198","64.2242845622333","63.8121861194135","63.2940393143827","",
"Post-demographic dividend","PST","Age dependency ratio (% of working-age population)","SP.POP.DPND","59.0562892598868","59.4301903348685","59.3438011994956","59.1842514740694","58.9714308577754","58.881390471294","58.8197092288908","58.7789362338051","58.7130776397405","58.3973689778389","58.0672952629047","57.7158508239692","57.3266143281558","56.8549418854482","56.3362574332743","55.7528652767824","55.1128153942595","54.4982996735284","53.9029060688683","53.2868919573014","52.630056731796","51.913640755571","51.1742639242512","50.4352996367027","49.806858418212","49.3571877408249","49.0175220137161","48.7638584050765","48.6478552762962","48.6082682951289","48.6055342279798","48.6537955772852","48.7440538452578","48.8343084474978","48.9144014099869","48.8691296549649","48.7272051298478","48.625662289056","48.4956017037111","48.3739438131002","48.3120660592377","48.2852451125394","48.2702123286526","48.2507503321211","48.2558281667907","48.298884975725","48.3857163938806","48.5314372345608","48.7408528316655","49.0065980146393","49.2268147039358","49.5926954782013","50.2533366189513","50.9785056148039","51.6805054353102","52.3264371328876","52.9101146021569","53.4910502439669","54.0168032921689","54.4986719701432","54.9648338118021","55.393808576131","55.7699967230278","56.1459280306962","56.5749487354357","",
"French Polynesia","PYF","Age dependency ratio (% of working-age population)","SP.POP.DPND","87.2778548726443","88.5918633142756","89.8298816568047","90.8039378282409","91.5811851148583","92.330188490275","92.9630277243496","93.4192941176471","93.6719233710893","93.7567087226592","93.6705850377115","92.6041445531296","90.6255864873319","88.6266930360782","86.7778097154355","85.0683418473008","83.3696229421137","81.762797588638","80.3587003255328","78.9797484796599","77.4993477249782","75.9152152839046","74.2375291448407","72.5100441944556","70.9500237336407","69.6922817281728","68.6826564913237","67.8733869261688","67.2639399470423","66.8153978559313","66.4048081791308","65.9800898036145","65.4803435383195","64.8644507939913","64.1006789451967","63.1780781663238","62.1243277443847","60.965140295907","59.7277185281712","58.3941996773135","56.9722026282102","55.4682275312566","54.0065636537673","52.7841361011773","51.7783886154632","50.8402066949157","49.9547098869171","49.1379889393905","48.3945702358243","47.7863390825084","47.3378129662503","47.0187854391205","46.7909436883184","46.5489558050836","46.25508001016","45.9045488676402","45.5128271951131","45.1927612787509","44.6934596450585","44.1090343805358","43.9125213258905","43.9054246580979","43.8573627501283","43.7995222335327","43.7306825252721","",
"Qatar","QAT","Age dependency ratio (% of working-age population)","SP.POP.DPND","90.9384941675504","84.5277403153048","77.3565410904467","71.5063829787234","67.0269635199436","63.8155876035594","61.3733905579399","59.4529506206681","58.0271792486953","57.0775141794231","59.8104525788064","64.0176820968769","65.3846588022803","64.6532779880357","62.5384897360704","59.6913457721318","56.5873937305719","53.4795789760534","50.5119602631694","47.8232544317831","45.5306422773233","43.7160663667207","42.3186737383566","41.1801984268018","40.1573692819674","39.1798452796604","38.9205938659043","39.2701912923901","39.4011294072984","39.2647511107912","38.9875624011291","38.6606266423602","38.3415171536212","38.0584150827276","37.8057427911609","37.5633553812289","37.2823737320002","36.5307969891246","35.2744210756877","33.9802299866348","32.8367830295541","31.8920233463035","31.1259755560185","30.4649162302839","30.4796485142167","31.0339900844394","27.0842232733857","21.1224568538297","18.435488034342","17.5524670701733","17.3027574453637","17.7762458572907","18.3782591274813","18.6697215040946","18.2924831391245","17.6464950526448","17.3550598474027","17.4530719656234","17.784456417313","18.6630569940031","19.968510996034","20.2600013826796","19.960355294568","20.0951254427778","20.1151630671203","",
"Romania","ROU","Age dependency ratio (% of working-age population)","SP.POP.DPND","53.8133618516661","53.7423938729907","53.421159897501","52.8339838870174","51.9666615366178","50.8872234792474","49.8119266992048","49.658996386976","50.2851647534239","50.7470019194888","50.9567863547879","51.0225198222174","51.2697628483823","51.7869957873291","52.6551982212247","53.803382064935","55.1311179649953","56.5900430160077","57.8667561113373","58.949714573201","59.7717107298935","60.1958119457699","58.8260151757053","55.7359596928532","53.5030635801272","52.4444764239809","51.9274098993734","51.7966522549969","51.7600521117617","51.6290355514318","51.2177047842213","50.5500429373324","49.809172157925","49.1939574929274","48.6728374369512","48.1985280018648","47.7772912629072","47.5790604516588","47.6885523271894","47.6479847716283","47.3028700041796","46.8137486101034","46.2023543760568","45.5990821741001","45.0713374974319","44.7235013938328","44.6924990146748","44.8659733655323","45.1708039916349","45.6558486393944","46.1712166992167","46.6849893722241","47.0859211857548","47.3962302449571","48.0460231839618","48.9572601796888","49.8906722812143","50.9128670248701","51.9746076994291","53.0183319640266","54.1194231232454","54.8586318110313","55.1136103150113","55.3509300976065","55.5131705543589","",
"Russian Federation","RUS","Age dependency ratio (% of working-age population)","SP.POP.DPND","57.4705090677439","58.7266882123478","58.8168627594349","58.5631738279379","57.7260887306109","56.617692761229","55.5702353088293","54.4307461115817","53.4325937298708","52.3786136596926","51.1039012196434","50.0157336083864","49.1892861985564","48.3473016448717","47.5959999528337","46.9777551248526","46.4817775225047","46.2317862991668","46.1863650678199","46.3778738019684","46.7357610788402","46.7567780823076","46.6620228500854","46.9866578284594","47.4078969904996","47.5758639837564","47.6864143707257","47.8988621463866","48.2450689842227","48.6714122236362","49.0447864912524","49.4146959612107","49.7222620342946","49.8018237528378","49.6730171908853","49.3617913978232","48.929552191967","48.1911076034732","46.8046745891395","45.0653585397066","43.5652823296039","42.3668405184076","41.5231777036921","41.1118911605145","40.933146045048","40.7583002208105","40.542928781967","40.2034276919991","39.6340464969755","39.060138267231","38.642521135056","38.8324315097642","39.7122076623378","40.7840417932466","42.1236258137655","43.6560400391556","45.0865219275749","46.4109081650047","47.5290734735912","48.5943754955694","49.5678005245706","50.271723309629","50.9772520257906","51.7902694468508","52.5688404175722","",
"Rwanda","RWA","Age dependency ratio (% of working-age population)","SP.POP.DPND","109.662256001709","112.004599332619","114.127534595506","116.010075065869","116.85943297702","115.947663518386","113.968355810903","111.55394323164","109.031545589859","106.685908179231","104.591274260935","102.78264258558","101.186717007036","99.7399961017803","98.4648809581897","97.3598140048075","96.5243914558681","96.0797999185715","96.0531003566994","96.4242335466939","97.1393523549707","98.1045548531804","99.203958444287","100.335480649222","101.446127185971","102.490150719396","103.4083350357","104.146110633726","104.640907083181","104.852567120117","105.194644406223","105.117747711388","104.213406918138","103.027685181793","109.354280830309","118.450901928596","113.974193980509","109.716570834576","104.607444288348","99.2180096177262","94.4536679586952","90.5238507314175","87.757384184102","85.9880720700817","84.8000186123761","84.0730589597124","83.7018005421421","83.5241260971409","83.3333364498896","82.9429082669906","82.3172684092226","81.5730315854728","80.8360311488319","80.1580788750867","79.5357562621641","78.9223819506378","78.2448735010216","77.4819533507808","76.5839285100698","75.4998497905928","74.3140418599029","73.147975044359","72.0525122623854","71.0958025684348","70.3196484501421","",
"South Asia","SAS","Age dependency ratio (% of working-age population)","SP.POP.DPND","78.6356707466594","79.5910900885413","80.6105252605042","81.6886278560928","82.4650079557045","82.8017449556674","82.9524757323587","82.9354650796672","82.8763619586916","82.8446510038652","82.6155660547081","82.3629454903176","82.1825921821263","81.9773251038596","81.7345432087934","81.3704166543735","80.962586517727","80.5225258066132","80.0932321579249","79.684623924175","79.3305922915622","79.0846451573305","78.8359219895275","78.5450101048219","78.25517081418","77.9605864248906","77.6202309106204","77.2014077537973","76.6863716617308","76.0997393059489","75.4688454012623","74.7898007359966","74.0654849082975","73.3181392795619","72.5414513827128","71.6911073853985","70.7596195197001","69.7988416846901","68.824433427135","67.829929914954","66.8473197787006","65.9156919079781","65.0428272836884","64.1800352489081","63.2688765099685","62.3342981242577","61.3735760584303","60.4010361668531","59.458559058127","58.5232755406614","57.5742066850967","56.6295790628726","55.6972980791021","54.7640625659773","53.8473608562814","52.97662280478","52.1373690417707","51.3486656958703","50.6650536202901","50.0582287685015","49.4468704959794","48.8132633790215","48.2657152530905","47.8197718202639","47.3788256908965","",
"Saudi Arabia","SAU","Age dependency ratio (% of working-age population)","SP.POP.DPND","87.364635103322","88.2122079704266","89.1181491898881","90.2411962359479","91.3030038030547","92.0836839402467","92.7722311424969","93.3208095706366","93.6542704437392","93.7724947503979","93.6852372276763","93.2758320029728","92.5293682408435","91.6083863875186","90.6604983348856","89.7961028433464","88.96864444551","88.1312635022575","87.3455554573132","86.6655975808114","86.0860008344338","85.4735539431847","84.8017854957177","84.2197823633713","83.8515860716899","83.6893123812477","83.4304307426023","82.9714530548967","82.6209613181711","82.2540134626624","81.659956725403","80.8955287745728","79.9698075992884","78.9060013716869","77.68461094439","76.3045787533882","74.7919489346494","73.1628344224265","71.4489752023652","69.6530999313474","68.1130198702666","66.4398035897849","64.0534792635866","61.1899443751802","58.0839366721672","54.94563722827","51.9448835829891","49.2042186155406","46.7802589341483","44.6825678374265","42.9005614534727","41.4089493877037","40.1703328400109","39.1407285565451","38.2815919272348","37.5454186766442","37.2291095685902","37.8285364491946","38.9722820162999","39.2782204735528","38.9149758727624","38.552207752274","37.6406020466918","36.8306261402051","36.5549841438871","",
"Sudan","SDN","Age dependency ratio (% of working-age population)","SP.POP.DPND","97.5226338400911","97.7299487661889","97.9198182134904","98.1954218917034","98.6306499989163","99.0240622952706","99.3134561500069","99.6104694402312","99.8996107651388","100.196370398903","100.481947784876","100.82003246819","101.136511416651","101.934775826723","102.460147439194","101.96830380375","101.394194730281","100.78395188408","99.6489257948525","98.4144653709609","97.2253492679129","96.2323497273308","95.5336101198387","95.034610129695","94.8983696224422","94.8555401152813","94.8524332834171","94.9251810515464","95.1536358094542","95.5803935804235","96.0705022788768","96.5633070979791","97.032966825205","97.320564643219","97.3393923978864","97.1487668684596","96.9570841438229","96.6649734050703","96.1765697444099","95.6801393690024","95.1517633344521","94.5892398518607","94.0589737929295","93.6700179262459","93.2628651590167","92.7382924648302","92.1484245869754","91.4461428178601","90.6222785895462","89.7634302379454","89.3924674265098","89.4248468701466","89.1843321717158","88.6212641998145","87.4735853605784","85.9877638060761","84.6398651758502","82.9096453636308","81.3342577442889","80.4985049329979","79.9333278187227","79.3162930043441","78.6892450691913","78.129580689837","77.8507021774661","",
"Senegal","SEN","Age dependency ratio (% of working-age population)","SP.POP.DPND","88.6413940766873","88.8615190481451","88.9071963735147","88.9447936035121","88.9824796822314","88.9377045608135","88.8115675036174","88.6490564015673","88.4767496395163","88.3310944901867","88.2402723678011","88.2221888649525","88.2997303554622","88.4905418680438","88.863253678928","89.5324449305621","90.534923444181","91.9130519457152","93.5031925049374","95.0348148452142","96.436107098248","97.6731423192173","98.7205245713699","99.5813355229566","100.246913199874","100.626288570046","100.639238957347","100.36896140477","99.8901506301943","99.2394743537378","98.476334585809","97.5816100577241","96.561447515716","95.4827707032692","94.4120565043252","93.3990215186766","92.4537937557362","91.5860987287436","90.7765323829859","90.0185685700444","89.3044099670112","88.6170704144299","87.8104255095416","87.1442837620044","86.7778117747401","86.4483699936111","86.1729960381091","85.9870662969999","85.8979802483688","85.9160488245931","86.0160131954431","86.1119512712844","86.1926954188229","86.0806462338988","85.5824022152232","84.8018050977194","83.8342155048284","82.6634749255329","81.285092700946","79.7592228578564","78.1214558387831","76.3835914170458","74.5922709423436","73.0702280774448","71.8215628365833","",
"Singapore","SGP","Age dependency ratio (% of working-age population)","SP.POP.DPND","88.8916041674554","89.580215237688","89.412304548839","88.4579728221555","86.9542177383169","85.1426665096746","83.1053508903952","80.8303051694278","78.2862201302056","75.4615693874606","72.429135563171","69.3115672598595","66.2179923794873","63.2114172079758","60.2817761963808","57.4399893119498","54.7672956653954","52.2738271347846","49.8736937153788","47.5816668090782","45.2221486268855","42.758628075175","40.9165309754116","39.9383471267632","39.467076526651","39.3742018075128","39.1976627354083","38.5984953302491","37.9797352983953","37.4558506065661","36.984660810193","36.7071413745528","36.5663395700654","36.4179105706588","36.1419982535519","35.5898525306159","34.8076329822397","34.0437770728819","33.6131560449939","33.5431357077727","33.4053702798412","33.1856643975603","33.1413664813315","33.040255189436","32.6647872830213","32.0662807862252","31.1695382893287","29.8728951478371","28.6303332765411","27.87340474654","27.3410335609054","26.9496478674041","26.8734686937048","27.0192311085442","27.3124316272141","27.6825611982179","28.1544000884945","28.8474686470753","29.5555499902006","30.1882050728381","31.1638429496119","32.3224926548392","32.7954085061744","33.1253772353762","33.9448002385635","",
"Solomon Islands","SLB","Age dependency ratio (% of working-age population)","SP.POP.DPND","96.7242666216007","96.2241353269899","95.8460034024996","95.5769683340742","95.4609295199183","95.9236242231753","96.8495336278841","97.8354874068007","98.9007871782143","99.9884048560463","100.562231662161","100.741234650219","101.202906116767","102.078563746526","103.412421129478","105.1894555007","106.278125124447","106.393423687048","106.392689819291","106.315440035171","106.118598149446","105.780626637955","105.313038021529","104.763418681472","104.14623938778","103.409909261126","102.381348644975","101.048552237512","99.5250091344397","97.9056430599787","96.3372805952289","94.9235393767932","93.7022900763359","92.6382908687411","91.6773531674788","90.779216915265","89.9105138976808","89.0532352204293","88.185818851318","87.245554820975","86.1464342313788","84.9819188283071","83.9052008534816","82.9532877540288","82.1608551305916","81.5414563752588","81.0959459210551","80.8006246520674","80.6221777285507","80.4797085244748","80.1212596402766","79.5345922568412","78.9013401865719","78.2467882651838","77.5836955583062","76.9089027717064","76.2096173491104","75.459072438253","74.6188605833754","73.7821002386635","72.7954880412204","71.6603938376208","70.5656141699441","69.461496422262","68.3761263483294","",
"Sierra Leone","SLE","Age dependency ratio (% of working-age population)","SP.POP.DPND","72.5486795403684","72.7813024657152","73.1051124290967","73.743757899489","74.8258152538388","75.8746298047022","76.7486926450742","77.6326534573572","78.5140485382739","79.3404736201578","80.1009973572026","80.8121563012849","81.4763587732755","82.1042221260978","82.7204297509699","83.3017216943345","83.8098775276869","84.2684456336077","84.6936762374494","85.0752822434997","85.4206758830476","85.7453590640802","86.0503062186487","86.3540895018777","86.6722967656655","86.9865748737428","87.2875459945497","87.5856687748337","87.8598961319984","88.0611188368475","88.2147252140095","88.3773288928895","88.5616580020104","88.7467871605378","88.929116483409","89.1067160552372","89.2788113942012","89.432741542871","89.595011671534","89.8548271362193","90.0438978243554","90.069608650817","90.0452307064201","89.939041949425","89.710799774432","89.3721615922689","88.9771015244595","88.5252545788116","88.015316236263","87.4650765460197","86.8705890973432","86.1791802899757","85.3632166963529","84.3471895637314","83.1094211925305","81.7770077231895","80.429374818765","79.0717330500269","77.7298523709784","76.4806176920907","75.2912582751821","74.0851904590161","72.8656793787969","71.6396127509545","70.4490063510929","",
"El Salvador","SLV","Age dependency ratio (% of working-age population)","SP.POP.DPND","95.3552838029441","95.8020131343577","96.2839737800321","96.861900617428","97.4010848583537","97.8652955611407","98.4365474887621","99.1187489081415","99.7978357751466","100.362744081949","100.218675677829","99.4576589679755","98.5894719670266","97.5511213513504","96.3937593331228","95.1581887883418","93.8623374853348","92.4700427382362","90.9854095974415","89.4816772747457","88.2541764862951","87.2709356376517","86.2554668115081","85.2007896877916","84.0615036641566","83.009629240227","82.0404569270091","81.1007856861658","80.5862499100689","80.4546630977435","80.3355480107646","80.249491979092","80.1137704778476","79.2081787941288","77.6646299223566","76.1878494934027","74.8476370528616","73.7047068309664","72.8061818784476","72.1555644245019","71.7087215898503","71.3670085645315","71.002188288813","70.5706323079928","70.1186249131299","69.6710957720224","69.2440953096605","68.2795280419026","66.6695784260743","64.9368275717632","63.1923118813812","61.4982214351668","59.8614006151838","58.2846485906134","56.8238054281832","55.5409330027161","54.4248715450653","53.4928042678851","52.7722014739782","52.2097784509694","51.6140634244598","50.9622853822343","50.3277720476879","49.7246065816785","49.152974332256","",
"San Marino","SMR","Age dependency ratio (% of working-age population)","SP.POP.DPND","54.1004894615922","53.816199376947","53.2481060606061","52.3897058823529","51.3506285102969","50.6879136189481","50.9692426983717","51.6936797873253","52.5798735691099","53.3605581078782","53.9400101677682","54.2242317675626","54.2826640387616","54.0683053459885","53.7200096938363","53.4235540518769","52.8922313785103","51.8549427205827","50.8105006455315","49.7997611185274","48.5342691990091","47.0608039862636","45.7892649391856","44.8615184099055","44.2636709923171","44.0266478764973","43.7206349206349","43.5186942493832","43.0996679822089","42.5914521492795","42.3503729306895","42.2754992227669","42.1542631547935","41.9901363504497","41.9812399908488","42.3285811269518","42.7722994173017","42.9861996342072","43.2739237729641","43.494766527469","43.7791727023982","44.2089044734885","44.6590191538623","45.1592721964444","45.5888894380468","45.9758305200842","46.4034534607363","46.8683826643452","47.3610723261659","47.7897465695258","48.2224004276931","48.5495696525343","48.9232001423868","49.4594472339078","49.9196547449612","50.1734684561307","50.179211469534","50.0332667997339","49.9913103927702","49.9913457377759","50.0323624595469","50.6178268325931","51.6646448308397","52.3897389738974","53.0633390395531","",
"Somalia, Fed. Rep.","SOM","Age dependency ratio (% of working-age population)","SP.POP.DPND","90.7429364930946","91.7619233524984","92.5840829904423","93.2745167610454","93.7506713134198","93.6626512715287","93.2273229183355","92.8444310468024","92.5123733489084","92.2295954219874","91.9950512490512","91.8070599477811","91.664420531074","91.5679805817795","91.4198945029694","91.2331709455532","91.1125362236366","91.1479534310121","91.4027052189116","91.7633292687004","92.177018413357","92.6955185807873","93.3018045094868","93.9340513423481","94.6085964083748","95.3173705045817","96.0630749073556","96.8539814826667","97.8569074876978","99.0891472217465","100.284585364723","99.7398658641223","97.3811189427473","96.5793817284183","97.2262624164634","97.8020775578893","98.2970725849318","98.7168586147031","99.1012945440483","99.477514422204","99.832943368729","100.187445320287","100.582862649323","101.05239899656","101.736848446365","102.889222455719","104.449702457792","105.596730086905","105.681770285997","105.21015029448","104.573720079122","102.788082814341","101.042597706327","100.550307457839","100.2653241472","100.055871482839","99.8839178350572","99.5044564281167","99.0066337746835","98.6327632765507","98.2939485015647","97.9709487089111","97.4850737162065","97.0182430549318","96.7915743356176","",
"Serbia","SRB","Age dependency ratio (% of working-age population)","SP.POP.DPND","51.0406436035392","51.0551495121646","50.9651763356761","50.6988746119553","50.2942931608157","49.7934210592238","49.2132348079334","48.5538411804431","47.809212761869","47.0423798770981","46.3635117553609","45.9287276424014","45.7595048526459","45.7211443144882","45.7365550082566","45.7740903458197","45.8211160122349","45.8364282700657","45.7465092488808","45.4961939857683","45.0448725015907","44.4569543076313","43.8170506716946","43.2284243346897","42.8911395247745","42.8549994321096","43.0039216800187","43.2506646804391","43.5471478531155","43.8386944181646","44.1116036311743","44.4669511257588","44.9373833377141","45.4380008885585","45.9366963292739","46.425371329415","46.8995069484556","47.329954821108","47.680664148257","47.9311822978536","48.0799058920134","48.1518125880113","48.2192030424731","48.2837315864194","48.2786292134742","48.196334272477","48.0190814295974","47.7509427617515","47.4020422688159","47.0426888973918","46.707163814053","46.5325545822968","46.8453076064932","47.6152988175827","48.6099080245693","49.7570563003371","50.8721349656193","51.9843219838154","53.2665314122019","54.6017908714794","55.8406068162926","56.7307892970407","57.3125583332035","57.94954577942","58.7227716497179","",
"Sub-Saharan Africa (excluding high income)","SSA","Age dependency ratio (% of working-age population)","SP.POP.DPND","86.1277462946642","86.5653400364577","87.0513717668183","87.62677948823","88.2152194007446","88.7341980714886","89.2196744080259","89.6806577487089","90.1087032697549","90.5292156119114","90.9546396679301","91.3934749955175","91.8459058990494","92.2780278856935","92.6488339179269","92.9803458535432","93.3406851530696","93.6893663566364","93.9588251830915","94.2292882211066","94.45325616514","94.6277505720309","94.7660783614164","94.8584170304885","94.9588830375644","95.0121607700812","95.0003463286571","94.9275562436089","94.761419125548","94.5312035735223","94.2506918774406","93.9440475214311","93.6787000331386","93.3226134318645","92.8029214228998","92.4335986470941","92.3976712439928","92.2822305785401","91.7502470443041","91.1234334639816","90.6144030728147","90.1914463139828","89.8420661388319","89.5448464430188","89.2955762101614","89.123051968456","89.0256374283934","88.9523293139236","88.8209044959266","88.657188929116","88.4827324811646","88.2475533110325","88.0132740996708","87.7533978755792","87.4434249044715","87.0438647964832","86.5386208184342","85.9089221248339","85.1486065583063","84.3435073706694","83.4547784024206","82.5147094663584","81.5804499119693","80.6148905786455","79.6441501174418","",
"South Sudan","SSD","Age dependency ratio (% of working-age population)","SP.POP.DPND","83.3060708948458","83.2489850192223","83.3031697793919","83.5828867739763","84.1762606544017","84.8976054811354","85.5718976827767","86.2186787507805","86.8294672186474","87.4063951960299","87.9549672860695","88.4865307222558","88.9990962180942","89.4783496700019","89.9307971539399","90.3836075047577","90.8609476497577","91.378614180643","91.9497633910967","92.5434207054671","93.1758079136088","93.8429518821932","94.4772435757937","95.1051831067501","95.7419184708599","96.298532601678","96.7082847682225","97.3058092035317","94.307171765996","91.1120779559908","91.4566057255549","91.6105272790875","92.0004067019794","92.6385366318199","92.9921024910339","93.2743161217881","93.8462278884831","94.1104157432352","93.2429068332891","92.2507174891477","91.9949724496863","92.1734388779814","92.9681135459292","93.7423467848427","93.2405990450502","91.6844373372986","89.9068408380396","88.0326278139764","86.2943729163057","84.9057713415494","82.8788642165735","80.8904152822664","80.0948406892743","79.9449606897753","81.8933067907365","83.8812631029683","86.0953541551969","90.731383102336","90.3713218078454","85.8298504519708","82.2145234543695","79.8436920442961","77.5880127024722","74.7150000182575","72.1441308683101","",
"Sub-Saharan Africa","SSF","Age dependency ratio (% of working-age population)","SP.POP.DPND","85.7399304027246","86.1104327305892","86.5298436784875","87.0533497958509","87.6174653366914","88.1641594778583","88.7077944568498","89.2331379602406","89.7381305173537","90.233465315144","90.7342463500644","91.2586818514422","91.7952771154717","92.2906189844771","92.6939508483344","93.0443133983732","93.4353596512859","93.8133260857817","94.1040204718679","94.388869118257","94.6270491313327","94.8196606596788","94.9648488366279","95.0163251900204","95.0361030620893","95.0274478542004","94.9795669583333","94.9132687504389","94.7894986520788","94.6128230402433","94.3961900947568","94.1144813469217","93.883300829512","93.6182393980195","93.2076436497133","92.9299478248993","92.9609559766605","92.9429884554533","92.5601005539139","92.0797157652726","91.6838560986419","91.3355631823261","91.0170150097702","90.7200332587918","90.451396359082","90.2395607810025","90.0761909415633","89.9063752908252","89.6602099537148","89.3636645057265","89.0363052187841","88.6400497596348","88.2342183359317","87.8020005689926","87.3267476837606","86.7774988003347","86.1414578601448","85.4052686799716","84.5730793191002","83.7205967449088","82.7998548126026","81.8401403523976","80.8967338002141","79.9378713947723","78.9894151364192","",
"Small states","SST","Age dependency ratio (% of working-age population)","SP.POP.DPND","82.1483081241827","82.6293013376481","83.1081715707798","83.490220114236","83.6561777494308","83.7590335585846","83.81868296636","83.7359268805008","83.5295557623832","83.1535065805094","82.5131464662886","81.7300069780449","80.9027941316083","79.9483692377656","78.9830394429853","78.0366175718676","77.0631488343559","76.0724127912472","75.1219799077481","74.3304378215662","73.6647898380416","73.0467986335921","72.5062725453019","72.08878442618","71.7683708473231","71.5304042932807","71.3721631897884","71.238822705434","71.0462549868279","70.8591419429261","70.6997206907755","70.4384723757217","70.0936885418994","69.7886431711908","69.6017728955924","69.1926251671809","68.4250850707279","67.4716642061886","66.3573227479188","64.9998191127994","63.7262413021517","62.7734854110206","61.8872862636736","61.0248363758652","60.1452820272862","59.4043220567524","58.6778260165864","57.9438439141103","57.2216724226081","56.6051785880037","56.0728236218436","55.6125872004999","55.2620154893878","55.0069330274301","54.7908708681619","54.5721390338653","54.3732040121295","54.1493874239456","53.7889465179009","53.4969526634758","53.3228170522854","53.0686265270687","52.7956860780919","52.5970556732529","52.4118314505274","",
"Sao Tome and Principe","STP","Age dependency ratio (% of working-age population)","SP.POP.DPND","57.4862223868846","61.335618850823","67.8046421663443","73.8568736361833","79.4550381118793","84.6470891293148","89.3971816283925","93.7067354512673","97.7020916519026","101.435001323802","103.065895832788","102.548128478783","101.928539393033","101.410883261573","100.949307005886","100.508741097031","100.017994916436","99.434250764526","98.7919121698953","98.1186834901097","97.4433981166099","96.7634692480688","96.3416269225612","96.0500366259086","95.5304798485656","95.7026043730413","96.4405641370047","96.8498902731938","97.0693810141728","97.1539371631392","97.1449182430266","97.3265306122449","97.6045410374666","97.6114022598528","97.300591610429","96.6671526461583","95.724309415951","94.4433558211796","92.7831803862485","90.841249212878","88.7894081405257","87.4703825612521","86.8326603858232","86.2234705860988","85.7516401455813","85.3615742758194","85.0589352550137","84.9017749158304","84.8173552400702","84.6653030287298","84.3254149303971","83.8218111967048","83.6717083575722","83.8271264192784","83.7810322604749","83.4586672773071","82.8209846070996","81.9116677653263","80.8091322001239","79.51862975208","77.8559392739706","76.007866273353","74.3221383454013","72.8534635081309","71.6102003642987","",
"Suriname","SUR","Age dependency ratio (% of working-age population)","SP.POP.DPND","98.1887132504787","99.5815103671295","102.367867707331","106.034668127935","108.54865811441","110.385136290121","112.009168379335","113.240116738539","113.808280627287","113.575058355113","112.54992465788","110.765987652993","107.663005423934","103.82652404324","100.390422185346","97.2254294458422","94.1959619299114","91.2497578758636","88.4295479690217","85.8428813292385","82.6803190531577","79.1940895445456","76.4140380137644","74.2871999705493","72.6524066586859","71.3516505413244","70.3298659349819","69.5487806440865","68.9728326394811","68.5596836900625","68.2038379670029","67.8522461162634","67.5489700442155","67.3264995870225","67.1554194171376","66.5113719167145","65.2995573971184","63.9147914967094","62.4357226057558","61.034392373805","59.8666447538328","58.9808854762294","58.362701042567","57.9833348411631","57.7430117527172","57.5504297411845","57.4221057460787","57.328284758578","57.1847790469057","56.9543460873231","56.6089695395621","56.1253673199606","55.5258858749285","54.8395874717679","54.1140452613281","53.4028748516418","52.7446939555142","52.1853252162768","51.7426585604147","51.3678297634159","51.0956145805573","50.8451694489066","50.6267614825701","50.5295811461931","50.4628213246437","",
"Slovak Republic","SVK","Age dependency ratio (% of working-age population)","SP.POP.DPND","62.2012524451228","62.7448209295906","62.8234281685866","62.5769978434529","62.4474818307406","62.1765731671119","61.5044409772127","60.6105804391033","59.649753702474","58.7273936936291","57.9068729260084","57.0545777226401","56.3443368390405","56.0507316299064","56.2106902003055","56.5041919011288","56.7218009094074","57.0728353125491","57.44068517465","57.7253258631349","57.6220714592741","57.0351593610531","56.3926513304869","55.8005753516701","55.6576252136951","55.9075833027011","56.1741374898479","56.3500493043211","56.2584835005308","55.8086933717957","55.0559355008797","54.2702386649077","53.4482509266164","52.5462740164265","51.5375030682602","50.466341918971","49.4405602768456","48.4218725013923","47.330968246246","46.1695907700042","44.9704945905628","43.7473693099929","42.6108368504795","41.6006959112054","40.750523791546","40.0609481106868","39.4503846591065","38.9500326393961","38.6006960396032","38.5436675449526","38.7142612720511","38.9901403319512","39.4612066242009","40.1143714089078","40.8909492177303","41.8080986794682","42.9974711861622","44.3936163689056","45.8020130464426","47.1743766979644","48.4093813779099","49.4568271263227","50.4641276809572","51.4188207516504","52.2037685532826","",
"Slovenia","SVN","Age dependency ratio (% of working-age population)","SP.POP.DPND","53.3115337731943","53.6323746394417","53.6535658952609","53.53473299005","53.3451716556739","53.082564668556","52.8317117301808","52.5621345161255","52.1231517245811","51.6486589078901","51.2577113468056","51.1030658101753","51.2325279315747","51.4954054804952","51.8114294505795","52.0868063976176","52.240302699303","52.3301663630884","52.4101457944476","52.4397580849553","52.0807454161371","51.2901311080463","50.3944211063315","49.3713003383214","48.4951842822844","48.0118004444224","47.2193308661538","46.5013886066518","46.3517273300085","46.1948048429157","45.8920602563054","45.4498302115735","45.0071468622079","44.6468047280555","44.229006991628","43.9872414756241","43.7657329664657","43.4011651416424","43.1950469228618","42.8866335938091","42.5645686629814","42.424459078888","42.2556869323588","42.0162458149059","41.9313915084785","42.0451213026428","42.2209182675545","42.4652205925435","43.0052297347777","43.571395387797","43.8963622404648","44.4503082732056","45.3740424569636","46.4464612484058","47.6055386258521","48.9026039344045","50.2163362216959","51.5486078260965","52.7824926183278","53.749455202959","54.463108894626","55.2631346363753","56.1949556465181","56.8926761847261","57.4487296195149","",
"Sweden","SWE","Age dependency ratio (% of working-age population)","SP.POP.DPND","51.9264386481275","51.2841858092177","50.76808782271","50.454251732108","50.4172851140692","50.6287515476549","51.0382505415988","51.5898967954293","52.0465232472112","52.367662401635","52.7048489498458","53.1817089894548","53.8207768173646","54.4905936381026","55.1597755190751","55.7733261535396","56.2071665856718","56.4829394334479","56.5593822226115","56.3500483923448","55.9661295532016","55.5252519796027","55.0975556093334","54.7732559414373","54.6152047139372","54.7931475221729","55.0986239858159","55.2088400502121","55.2688124151901","55.3476359366169","55.5560987835711","55.9416861019786","56.3587348172387","56.7288490338822","56.9701152828011","57.0179793657014","56.9020872898277","56.6883925805387","56.384788632554","55.981027732018","55.5104209281643","55.0111554168069","54.5213243917717","54.0506658678293","53.6233711040416","53.1107024197386","52.5660416287233","52.2802354294016","52.3737693928873","52.8220133028977","53.5668026337551","54.5597028804313","55.6781619872381","56.8428650266998","57.9349102431268","58.8360981487734","59.4873080659899","59.9437746878275","60.3159015203771","60.5841239468728","60.7610678252936","60.893031225029","60.8510659836657","60.7360556550349","60.5975578774891","",
"Eswatini","SWZ","Age dependency ratio (% of working-age population)","SP.POP.DPND","99.1913202475644","100.368675095147","101.428643095635","102.410251918677","102.852153043404","102.620827833056","102.279137245353","101.700264310229","101.000815230422","100.610874404409","100.494856041879","100.612217795485","100.92614560372","101.392398145151","101.980522540018","102.673980390278","103.456976350892","104.323198100258","105.200130811657","106.035067429126","106.885025347268","107.776003665003","108.602189231806","109.182390735709","109.536809900923","109.635496290843","109.224307315545","108.242886237046","105.569506380682","102.675078803303","100.585366750893","98.2928096697845","96.1325047972075","95.0093156229421","97.6277635903019","99.4112799985205","97.1182262085886","94.3466458670394","91.1338092060374","87.9490260503941","85.1389501230213","82.8226728056092","80.9567079898747","79.5155256297847","78.4074397943882","77.5516147981893","76.8701325178389","75.891507996278","74.4402647205533","72.9558045635231","71.6908221513826","70.6572053201754","69.8229787619846","69.0473127223441","68.1569900715811","67.1629718043683","66.2545161075709","65.4408298646128","64.5911509558562","63.7013214049848","62.7630147884624","61.8328842416431","61.200849569132","60.8127499411903","60.2929796322665","",
"Sint Maarten (Dutch part)","SXM","Age dependency ratio (% of working-age population)","SP.POP.DPND","96.3123644251627","93.359375","89.7152818128995","85.8921161825726","83.0532212885154","80.6751054852321","77.9770992366412","76.0763888888889","74.5477626150428","73.2808857808858","72.6318622174381","72.2430607651913","71.1502782931354","69.0222032450897","66.5228476171798","64.2999096657633","62.5292740046838","61.3073929961089","60.6607480716053","60.3391684901532","60.1290322580645","59.0007171886206","56.0743669195427","52.3418319169027","48.835057616284","45.8015267175573","43.3463461406753","41.4977477477478","40.2003108271456","39.4415729738371","39.1845642577253","39.2953175707","39.6584524178206","40.0516004897674","40.343857180547","40.5840707964602","40.7608695652174","40.8548618586293","40.8089563019141","40.7661546850859","40.7731015553522","40.5838213762811","40.00814000814","39.3363874927723","38.7174436419348","38.2303479798198","38.0443574134775","38.0499305350903","38.0581472842386","38.0047799571452","37.8896686796148","37.6697468862997","37.3975128476717","37.2808025116778","37.3483146067416","37.5853712271425","38.073063316728","38.6672356162435","39.2586618038996","39.8663157165616","40.3806654799398","40.7325908121467","40.8765712757422","40.8626598128377","40.9985363473736","",
"Seychelles","SYC","Age dependency ratio (% of working-age population)","SP.POP.DPND","80.5820197470986","81.8949064845837","83.4895638045244","85.3526443195339","87.4170577763392","89.6434702758813","91.8945543384033","94.0552099533437","95.9382304479442","97.3356949050347","98.1625258799172","97.8691845741987","96.272682687592","94.1839033381118","91.9778654030949","89.7101171050106","87.4872176257321","85.0489682230675","82.1939493433396","79.3642164296546","76.9587960502392","74.9590163934426","73.2696704774714","71.8598065929369","70.7482454751728","69.9169205927546","69.3021816493888","68.6668964837979","67.6664959641037","66.3068045203174","64.8687113071942","63.5453912235895","62.384689522236","61.3006206188329","60.4050928427833","59.6438414246343","58.8182725081054","57.8873210675706","56.7016455998092","55.3156146179402","53.9272975639372","52.5951817190965","51.3412870571222","50.1296722827763","48.9480052735186","47.7865372953305","46.6153686180722","45.4766303975912","44.3372894016101","43.2201860449855","42.2594805318289","41.4948703841548","40.8880592252218","40.4487539816376","40.0932329443516","39.7253922433779","39.4016137581719","39.1919367956315","39.0878121002171","39.0862076334573","39.2121931908155","39.5484197503093","39.7782260415331","39.8025048731806","39.8409771836829","",
"Syrian Arab Republic","SYR","Age dependency ratio (% of working-age population)","SP.POP.DPND","101.254855351437","102.284862617132","103.049255823704","103.339597424388","103.858625275034","104.736584573903","105.451204932252","106.018304047","106.456471855754","106.774659852271","106.98235919814","107.000586043628","106.889900468304","106.848663704315","106.880540563512","106.996665305753","107.116602907462","107.131354621739","107.047891676204","106.886488058999","106.689606891943","106.345162507983","105.673311015289","104.850405634416","104.027791893342","103.16982240352","102.332995218084","101.468203489038","100.491518268195","99.3607522995369","98.0612239756694","96.6152505330466","94.989742535679","93.2850548694904","91.6468189257483","90.1140387683428","88.6549540111197","87.19485076237","85.6569102706671","84.0374637537264","82.3779981231534","80.6814451431658","78.9725217648601","77.2933484925607","75.5789443245206","73.8691559143367","70.868267735144","66.9388746305668","65.6405173888153","65.8946920115445","65.4955827080745","65.4332716281491","66.9195396903742","71.6990633976703","77.7771171894011","80.9126541140768","80.1246656652147","77.6378005722762","73.6166493104807","68.3491350011588","64.3008702952672","61.2276125344165","57.7320812518306","53.8991071034884","51.2977156907185","",
"Turks and Caicos Islands","TCA","Age dependency ratio (% of working-age population)","SP.POP.DPND","102.935846321131","102.448685631977","101.862464183381","101.247327156094","100.8164714235","101.209103840683","102.289803220036","103.81981981982","105.672727272727","108.139963167587","110.200296735905","108.40275262586","104.707511249567","101.990049751244","99.6499045194144","97.8267523722069","96.0259052104798","93.8717876306128","92.1074043938161","90.3360250065121","86.7901234567901","81.6907879623248","76.531914893617","72.0134493670886","68.0258302583026","64.3251639627201","61.2589227774173","59.0085942295887","57.147024504084","55.3643303261624","53.8633671185994","52.6485547698797","51.3772175536881","50.0769738288982","49.0595448404863","48.3979098885931","47.8338334583646","47.3976032910034","47.0105910488555","46.6639444671294","46.3738668333854","45.9914982474457","45.2129159616469","44.183422921229","43.3220466516178","42.6498572787821","42.2351808865991","42.1052631578947","42.0425708218965","41.8125899102138","41.3920981315076","40.6245726008662","39.5370048644892","38.5125123477116","37.7441540577717","37.1398598778615","36.7269742711344","36.5328042690018","36.4457139105026","36.4371957772299","36.5260988588478","36.7105819786064","36.9395740613519","37.2081972081972","37.5960969840331","",
"Chad","TCD","Age dependency ratio (% of working-age population)","SP.POP.DPND","81.7363230238707","82.5122488214505","83.3653416420205","84.2690144929184","84.8965746249216","85.1902466975004","85.497623126777","85.9095015671241","86.3853668242871","86.9336357492474","87.5640945008667","88.2637848422364","89.1611322113317","90.1987206863725","91.2632496156779","92.4631825720449","93.8519350096486","95.3703323670809","96.8631252094649","97.8676907185345","101.649879826049","105.265812784621","101.319318609092","98.0422213878424","100.790203152455","103.74807097223","103.298022177811","102.21513009748","101.603842283467","101.332626197314","102.270339166419","101.88400205343","100.924269713968","103.301482758399","105.645960748268","104.367439531386","103.701625685937","105.03232780512","105.872529168672","106.116641675102","106.577097521903","107.33914662915","107.647489593358","106.774670267271","105.158221499759","104.389061641316","104.392684154219","104.486401753743","104.236571604908","103.97192695548","104.049189600275","103.803919970792","103.419922191978","102.900131941391","102.351171749544","102.372075248765","102.2828708469","101.801281508928","101.186169914043","100.684531380519","100.054552902552","98.923632922988","97.8599966421734","95.3580792822124","92.9204543197374","",
"East Asia & Pacific (IDA & IBRD countries)","TEA","Age dependency ratio (% of working-age population)","SP.POP.DPND","80.2066929364679","79.4540042604843","79.6837755002574","81.3636263035453","82.9388432260335","83.6634354067497","83.9378378656288","83.4935389506988","83.0030873723726","82.8278092846341","82.4391511956569","82.0967898810338","81.4266211786422","80.7661919414618","80.7411081241416","80.8630762996856","80.8635047384899","79.6536726180324","76.6777854763773","73.6848364689741","71.2664418887716","69.1104710399633","67.4150922528899","65.5351200745021","63.4061324822742","61.5396418340938","59.9884759111772","58.8269713104098","57.8517585028477","57.132737112795","56.8094110915105","56.4979958329977","56.0540883809211","55.6392358526753","55.1436575513377","54.528875905332","53.7730953991723","52.8006215143708","51.8592964612057","50.9858259890037","50.0227550478268","48.9409631424507","47.6944329312914","46.4560767827737","45.2513616000827","44.0186584401953","43.0849524644464","42.5348417174817","42.1352844803964","41.853091514237","41.6722138437665","41.6087009319892","41.7217049543799","41.977569290603","42.339254309404","42.7674882634495","43.2710899468432","43.9553387916124","44.6177097821435","45.1504679737526","45.5611855567184","45.7228870806412","45.7857734017158","45.7076443957817","45.3097104831249","",
"Europe & Central Asia (IDA & IBRD countries)","TEC","Age dependency ratio (% of working-age population)","SP.POP.DPND","61.9884995896528","63.2292313017933","63.7015658226297","63.8640739803583","63.6141657367165","63.1477730875221","62.6546489481778","62.1082316866865","61.6451082395089","61.0836098407777","60.3139461544009","59.5852193755053","58.9875554005551","58.3698507184162","57.7998652564333","57.2903982869811","56.8542174533303","56.5769352824781","56.3516831430247","56.3488409786667","56.4155359538183","56.1685343717963","55.755505332157","55.4688374821073","55.3704907352818","55.2861363654217","55.2180890638144","55.2161588213031","55.2907122314503","55.4157618206449","55.5208598683744","55.5990615458178","55.6630786375622","55.6561951488359","55.5145661503121","55.1364312401903","54.5554176823724","53.7937484116729","52.6789912815814","51.3439984200062","50.1084157732069","49.0091807455202","48.1017561922122","47.4275473010713","46.8885087216663","46.3736973999782","45.8680431913661","45.3636355639049","44.78287824046","44.2151755079071","43.7981308865101","43.7113774154281","44.0198118707368","44.4988408068956","45.185279569699","46.0618665434986","46.9761520517742","47.9004287970495","48.7582187106284","49.6575441633859","50.5381980899331","51.2093619550306","51.7867526535246","52.3358934945742","52.7668651325274","",
"Togo","TGO","Age dependency ratio (% of working-age population)","SP.POP.DPND","90.685625323392","90.8801682447082","90.999868842919","91.1709691918618","91.4643403519836","91.6886401661093","91.8045914842693","91.9632595157373","92.1470282333077","92.3978936609861","92.7263969998609","93.1130922478237","93.5386335732353","93.9951230873804","94.4732422762667","94.9524511203272","95.4208132594164","95.8388057278212","96.1608943551485","96.3832493013858","96.5068810178632","96.533096079374","96.4775189300165","96.3396714696142","96.0909911404664","95.7277198522724","95.2713197067147","94.741950770181","94.1377225526165","93.4462405522521","92.6837013286766","91.8645578578242","91.0093825966278","90.116927170057","89.1767669889691","88.2761084641698","87.3490122541787","86.2738867690372","85.1117030695733","84.0677671609111","83.2127073113092","82.565824636685","82.0675408470875","81.6066339378965","81.114921095177","80.696832117533","80.204312790326","79.7799473995672","79.5419332577068","79.4616258596642","79.6012785464137","79.7650790498887","79.8622752397873","79.8491086960976","79.7250507009625","79.5447229064934","79.3296721728603","79.0530863064437","78.7144893095191","78.3350096225957","77.8578289317394","77.2351069393817","76.4675916371753","75.5812237552942","74.6397124343511","",
"Thailand","THA","Age dependency ratio (% of working-age population)","SP.POP.DPND","88.9563700331458","90.0094254528182","90.9749013293259","91.9151511758353","92.6576692202142","92.9745066887379","93.0084663434186","92.8644170351951","92.5125939051025","91.9123426901841","91.0029004976676","89.8639015372406","88.5526259609137","87.0477737072632","85.3832906155143","83.5762789164553","81.6403868040387","79.5000164861589","77.1569484226574","74.74891079006","72.3502920401613","69.9776947374886","67.5846129879496","65.1320179851335","62.7092422838431","60.4287650626296","58.3270464915277","56.3563952996613","54.498214856717","52.8418476311822","51.2977536711141","49.8954078377684","48.7588328530172","47.859628001212","47.1281429207993","46.4677380280416","45.8485006159732","45.2831507258956","44.8016090932276","44.3675535728877","43.8829877665989","43.3792360174805","42.9588444120937","42.6269343596548","42.3578746279834","42.0963439239568","41.773454802002","41.3866114142164","40.9922627538581","40.6382297866718","40.2890456323974","39.9223743100647","39.6234784277851","39.4940129315302","39.5565144682596","39.72661984392","39.8914360247636","40.0618541912691","40.3013405116213","40.607794056073","40.974368915158","41.4084358543198","41.9038541372374","42.4662473757894","43.0865648827834","",
"Tajikistan","TJK","Age dependency ratio (% of working-age population)","SP.POP.DPND","80.0862689326117","84.1125903873206","87.7949618209997","91.0133290298586","93.5526854445773","94.9605034413346","95.645249204038","95.9825536957902","96.021482414743","95.8301472405052","95.5468964842202","95.203937544268","94.7189417811315","94.0368251398993","93.209060397809","92.2942174258638","91.3320318707012","90.3758516916583","89.4842829150709","88.8480325994279","88.4868565379047","88.2155034839598","87.9424715808044","87.7120342387002","87.6220844939239","87.3878979708245","87.1042919432603","87.1568532717948","87.5258238045709","88.3804411191422","89.4998415209496","90.4215752274854","91.5701536589716","93.069878903726","94.0557079587795","94.3929280326475","93.8707792959","92.3026087479438","90.1370893660617","87.5243339703586","84.8141091599029","82.1958494099529","79.6141838620057","77.2114992826189","75.0763673677751","73.0961466114903","71.2602403323497","69.7592546755616","68.5822066610905","67.5572053751767","66.671879604656","66.1456733097743","65.7413184753698","65.215142797166","64.7981575112711","64.6546579324183","64.6316867686227","64.645778430695","64.8775137072655","65.3067752248518","65.849974933617","66.3779272694554","66.8418998393555","67.1019442904471","66.9813440301354","",
"Turkmenistan","TKM","Age dependency ratio (% of working-age population)","SP.POP.DPND","82.9370428541374","86.7653700827302","90.4114733576444","93.6924190081953","96.0392627225471","97.3892187437219","98.4125882007253","99.2853885048794","99.7465613660946","99.6332165786107","99.0619965348451","98.0709976255592","96.6707479670785","94.9662271620126","93.1724799105317","91.4158775954942","89.7007816334671","88.0458112753758","86.4615725728223","84.934236267064","83.5140155910937","82.2550027584132","81.1612301131485","80.2993140181631","79.7725597797186","79.6601899316109","79.8680784716573","80.2615744692626","80.6730972758656","80.9478661746476","81.0873827923354","81.1081530969594","81.1573676700683","80.9949769088622","80.5567409932442","79.9615963121468","78.8962341256455","77.2715325561024","75.186516402282","72.8179102134905","70.3890407943669","68.0355363171198","65.8206662149256","63.7820708168489","61.8357532074403","59.9336113140604","58.0961095389874","56.2962342587438","54.5793253554075","53.0188969464663","51.6877450217362","50.66872067968","49.9899680397498","49.6527243219463","49.6360012127956","49.8828092786115","50.362522707908","51.0505542299452","51.9153750883916","52.9006878790807","53.9054052049039","54.8331023876948","55.6044069090817","56.11056820952","56.3406372282943","",
"Latin America & the Caribbean (IDA & IBRD countries)","TLA","Age dependency ratio (% of working-age population)","SP.POP.DPND","87.946352643959","88.5302705430361","89.0040532199334","89.3285610436476","89.4606429756678","89.44366425882","89.3152494821197","89.0494091051072","88.6611201398413","88.1718041554226","87.5925119944434","86.951550063004","86.2554861955278","85.4982047138685","84.6824762143853","83.823882572908","82.9516041009088","82.0581726200177","81.1419225922058","80.214466514881","79.2858850401914","78.3141727047038","77.3418109970985","76.4329114976635","75.5603421727541","74.7172721940606","73.9007889099745","73.0889041880431","72.273255994041","71.4570764831218","70.582328930627","69.6641766611662","68.7424130294078","67.8273831223148","66.9254793543733","66.0155568463825","65.0900319685782","64.150752218896","63.205560298747","62.2672049990118","61.3498732636374","60.4473841825851","59.5543056968773","58.6682825433064","57.7902746990298","56.9321083627849","56.093720090327","55.2747671172194","54.4795961271847","53.7232744278769","53.0098423864335","52.3571670475814","51.7766717854632","51.2482583734402","50.7837413649151","50.3777223226227","49.9950062435622","49.6528119860892","49.3848297908743","49.1597766139074","48.8787695366365","48.5483424657499","48.2673534970817","48.062226839005","47.9048148879317","",
"Timor-Leste","TLS","Age dependency ratio (% of working-age population)","SP.POP.DPND","74.3374597783339","73.0810688768636","71.8821539830886","71.0027015250545","70.2146034086681","70.1093393007519","70.8468197464278","71.5668513201525","72.238066356093","72.8179765274641","73.2824307896683","73.611333834976","73.7754538782096","73.7961695694568","73.6995910543507","72.761983981885","71.2194049786124","69.7453199766102","68.1239053998048","66.7775526403743","66.4348917316533","67.4949789012416","69.1236831995471","70.4833203780429","71.726019313573","72.9774623897266","74.2945024177926","75.7616603633268","77.4367827814119","78.9349271630088","79.8598675791202","80.4142017320995","80.9607251849638","81.5615267809977","82.1046661822008","82.4813713228725","82.6358385288952","82.5968544694406","82.3440305206463","82.0002878174714","81.7305534688143","81.5625237501285","81.3080276676744","80.9919362002428","80.6605543834404","81.1793813645135","82.5124980143342","83.6567633362332","84.4121975964905","84.8682521917227","85.1582077526578","85.0594830302091","84.3909683058831","83.1870928982483","81.5588924305849","79.8035950871916","78.0492613122434","76.3036466329563","74.5703324878166","72.8233434295127","71.0611048617633","69.2591979701031","67.3349252593194","65.4641122246022","63.7629138391458","",
"Middle East, North Africa, Afghanistan & Pakistan (IDA & IBRD)","TMN","Age dependency ratio (% of working-age population)","SP.POP.DPND","84.849782274323","85.72977274499","86.5791909557175","87.4755922599906","88.335466746909","89.0902366899595","89.7570215320943","90.3046856917872","90.6977566350457","90.9514037790718","91.1125375514346","91.2097180778519","91.2587366792832","91.220341094513","91.0945360878043","91.0419443964438","91.1108981324089","91.0305095788464","90.780430642933","90.493494884417","90.0477052106563","89.3283234477374","88.8511532707028","88.8242449372035","88.9617141020788","89.0773223898104","89.0624816477261","88.9976330449808","88.9263983457298","88.8234643751462","88.3749902405206","87.8013982788885","87.4992080705728","87.2838640073567","86.6795421914558","85.5750683242642","84.2333503485366","82.7213870428691","81.0710951876629","79.4071984573931","77.7079208883336","76.0257040824584","74.6278479053071","73.3024145762288","71.8449657059371","70.4465308894105","69.1413591078364","67.8717770809827","66.9253120976525","66.3036813114021","65.8178244189283","65.5637165114235","65.5267796614606","65.6588002060007","65.8402476705282","65.9605958941891","65.9703177571346","65.886574403853","65.6819786169619","65.364902785694","64.9637013444812","64.4280751406071","63.8255081102546","63.2022253845333","62.5320058575705","",
"Tonga","TON","Age dependency ratio (% of working-age population)","SP.POP.DPND","95.4223272297696","95.4495834530307","95.6363636363636","95.9360008722198","96.131995327599","96.2519709463127","96.2117019670977","96.6104200024634","97.3820846273292","97.9036340193878","98.2035084423361","98.2848568790397","98.1198403338474","97.7069326327975","97.5320205628649","97.5700934579439","97.2520537173837","96.101289433136","94.4274427442744","92.9099754766237","91.512409159468","90.1755885323596","88.8225091539796","87.4395118872291","86.199099321641","85.2634763372346","84.7188978307167","84.1143883814942","83.3438310485365","82.8101149425287","82.4837558341722","82.2901459854015","82.1728440032784","82.0436814635654","81.8191719155579","81.5440071005488","81.2111464507735","80.4276138929711","79.317663288587","78.3816382896899","77.7002820996521","77.3306321464135","77.2805625245337","77.5377712819293","77.9748293443095","78.3807964347811","78.6905923110558","78.5402412299045","77.8952442693529","77.1820510701595","76.5331448577393","76.1796354226379","75.9850643608136","75.664413675438","75.2630367593871","74.6407466543761","74.0343701553584","73.7503504460973","73.47015906402","73.0916655746298","72.7347005474303","72.6332498731733","72.8403593642018","73.0878702631144","72.7669242760954","",
"South Asia (IDA & IBRD)","TSA","Age dependency ratio (% of working-age population)","SP.POP.DPND","78.6356707466594","79.5910900885413","80.6105252605042","81.6886278560929","82.4650079557045","82.8017449556674","82.9524757323587","82.9354650796672","82.8763619586916","82.8446510038652","82.6155660547081","82.3629454903176","82.1825921821263","81.9773251038596","81.7345432087934","81.3704166543735","80.962586517727","80.5225258066132","80.0932321579248","79.684623924175","79.3305922915623","79.0846451573304","78.8359219895275","78.5450101048219","78.2551708141801","77.9605864248906","77.6202309106204","77.2014077537973","76.6863716617308","76.0997393059489","75.4688454012623","74.7898007359966","74.0654849082975","73.3181392795619","72.5414513827128","71.6911073853985","70.7596195197001","69.7988416846901","68.824433427135","67.829929914954","66.8473197787006","65.9156919079781","65.0428272836884","64.1800352489081","63.2688765099685","62.3342981242577","61.3735760584303","60.4010361668531","59.458559058127","58.5232755406614","57.5742066850967","56.6295790628726","55.6972980791021","54.7640625659773","53.8473608562814","52.97662280478","52.1373690417707","51.3486656958703","50.6650536202901","50.0582287685015","49.4468704959794","48.8132633790215","48.2657152530905","47.8197718202639","47.3788256908965","",
"Sub-Saharan Africa (IDA & IBRD countries)","TSS","Age dependency ratio (% of working-age population)","SP.POP.DPND","85.7399304027246","86.1104327305892","86.5298436784875","87.0533497958509","87.6174653366914","88.1641594778583","88.7077944568498","89.2331379602406","89.7381305173537","90.233465315144","90.7342463500644","91.2586818514422","91.7952771154717","92.2906189844771","92.6939508483344","93.0443133983731","93.4353596512859","93.8133260857816","94.1040204718679","94.388869118257","94.6270491313327","94.8196606596788","94.9648488366279","95.0163251900204","95.0361030620893","95.0274478542004","94.9795669583333","94.9132687504389","94.7894986520788","94.6128230402433","94.3961900947568","94.1144813469217","93.8833008295121","93.6182393980195","93.2076436497133","92.9299478248993","92.9609559766604","92.9429884554533","92.5601005539139","92.0797157652726","91.683856098642","91.3355631823262","91.0170150097702","90.7200332587918","90.451396359082","90.2395607810025","90.0761909415633","89.9063752908252","89.6602099537148","89.3636645057265","89.0363052187841","88.6400497596348","88.2342183359317","87.8020005689926","87.3267476837606","86.7774988003347","86.1414578601449","85.4052686799716","84.5730793191002","83.7205967449088","82.7998548126026","81.8401403523977","80.8967338002141","79.9378713947723","78.9894151364192","",
"Trinidad and Tobago","TTO","Age dependency ratio (% of working-age population)","SP.POP.DPND","85.6772733265943","85.9859381026566","86.5272259130932","87.009098093842","87.3446086538975","87.450786407963","87.3691259431178","87.0819396357804","86.4965048962247","85.3841020920091","83.2805874023492","80.753240665621","78.5815837444838","76.5433031780684","74.4031061271273","72.1284261263837","69.8161074402672","67.5960194988667","65.6761875899689","64.223369129288","63.3053767730045","62.8809500236042","62.8141957920954","62.9537789285383","63.2014069182758","63.4587507451119","63.585289446777","63.4564284208533","63.0396575033799","62.4431363980694","61.7018748878154","60.7771803582734","59.6455262057771","58.2726120948055","56.6785401133187","54.8591324476627","52.858829819109","50.7750998173383","48.6762718422805","46.6396967952922","44.6860432992313","42.8508616425469","41.2193523899994","39.8258012224622","38.6619847504478","37.7387962350157","37.0547376735169","36.5640086809904","36.2472799208704","36.0950095570514","36.1101843464105","36.2905286621654","36.6101684510362","37.0441855092139","37.5589461070007","38.1403751183439","38.7665220813723","39.3960473561017","39.6459929683535","40.2210664936843","41.2232789405813","41.7652156605823","42.1590638234979","42.614599248085","43.1406495832357","",
"Tunisia","TUN","Age dependency ratio (% of working-age population)","SP.POP.DPND","89.1581192205279","89.5676459337162","90.1218891844508","90.9771899711278","91.9095989656241","92.549822979674","93.2410911882182","93.9011769765643","94.060821816701","93.8385059007161","93.3985734611","92.8132291199825","92.1451165427133","91.4354612037746","90.7002067798566","89.959530896729","89.2920023812244","88.5883199554441","87.3593814819335","85.6562000286978","83.8967591867026","82.1434404425593","80.445828047529","78.8419465472054","77.5673762022308","76.7204172468984","76.0875815676039","75.4176816814545","74.49811583506","73.297654750397","71.9024808485234","70.4138904362038","68.8582456192213","67.2033916701352","65.502244390858","63.8340853286694","62.2115877985696","60.6115577340321","58.9643202481143","57.2417547504502","55.4608438213728","53.660525234157","51.9112777835838","50.2584264600528","48.7389360170876","47.4404054705282","46.3887240167153","45.5415647182237","44.8953248719495","44.4685451077198","44.2865187934696","44.330555449489","44.5723999969535","45.0647236444453","45.6850530876263","46.3571118128582","47.1066362415689","47.8580034971682","48.605731168883","49.3812826199351","50.0715512342682","50.4189303353303","50.5514810011478","50.6050838772721","50.531188748014","",
"Turkiye","TUR","Age dependency ratio (% of working-age population)","SP.POP.DPND","85.7769738415505","86.5266100431706","87.3819817544619","88.1996027373516","88.9612790510155","89.5291330283309","89.951137107401","90.2592701777944","90.3703265576687","90.2707185348871","89.8761850721526","89.3319222402388","88.7479418586993","88.0696532557978","87.2548726497346","86.1187897841123","84.7668572044419","83.431923785345","82.180710142901","81.0461143325928","80.0794741875253","79.306356161868","78.3161894357537","77.0205731556622","75.7064310931119","74.3990622858918","73.1218009079823","71.8745360091989","70.6370230340056","69.435118399769","68.2237810347092","66.9994975358517","65.7903098491365","64.5681550773813","63.3480515860618","62.0979741665925","60.8090209430509","59.56187620375","58.3947836154959","57.3100413594485","56.3172082445777","55.4197844017726","54.6201100107839","53.9106325504308","53.2784264879328","52.7174114645273","52.2002887151974","51.7039880562328","51.0570512318991","50.2459919396016","49.4548531901584","48.7243135492246","48.0371465077245","47.3558028630143","46.6296994569191","45.9452643498497","45.5909695430664","45.4922047348395","45.5464015844488","45.9523014817405","46.4852950931551","46.8236862996519","46.8629054112918","46.7152423180544","46.483848695231","",
"Tuvalu","TUV","Age dependency ratio (% of working-age population)","SP.POP.DPND","81.7532467532468","85.6673241288626","89.051094890511","91.8612408272182","92.7949061662198","92.2300706357215","92.4847664184157","93.429158110883","94.26597582038","93.2395332875772","90.5450874831763","87.871777924653","84.6852693056457","80.9493469257725","78.2914880587875","76.5147143681477","73.6442516268981","69.954245043213","65.7612580414582","62.7917516428733","61.5215961411971","60.1489361702128","58.7078069993788","57.4605742013748","56.6613798572561","57.3440250342265","59.2441860465116","61.11645813282","63.0863488416619","65.0219089350352","66.8183541903678","68.4716981132076","70.1110483719179","71.6892400300978","72.6744186046512","73.328352633545","73.8183848157797","74.0418441029439","73.7635594778452","73.379587365346","73.1180845274805","72.6715907043776","72.177491501163","71.2594947889066","70.003463803256","68.7033265444671","67.2654690618762","65.8306188925081","64.3368890304092","62.9693098613491","61.9127516778523","61.1842105263158","60.9361201059759","60.6454439252336","60.0466268395745","59.6156645799971","59.1815931265472","58.8106370543542","58.9826999852137","59.4724943481537","59.7143295960682","59.7555242125059","60.9536082474227","63.6","65.5965665236051","",
"Tanzania","TZA","Age dependency ratio (% of working-age population)","SP.POP.DPND","89.7514229317184","89.6205945010901","89.4964693536354","89.6502626068498","90.1464396538761","90.9246156949714","91.8416063268454","92.7679027244971","93.4021741882859","93.7800628339241","94.2165607515971","94.6877773437897","95.0346492650089","95.380779086353","95.8970907797272","96.4444926476164","96.9676010270055","97.5090514449874","98.2159144637489","99.1954094292139","100.335270696506","101.369034829885","102.144056360125","102.332520127071","102.215834643119","101.715329739844","100.776364233242","99.6027361509189","98.6118802040059","97.9756700624315","97.2456014617362","96.5367023394313","95.8148635390732","94.0525829108998","91.3681355833495","89.959281618922","90.6227731964554","91.0810748337651","90.7124970219975","90.3820403709978","89.9082784429868","89.7620220724384","89.8883631341803","90.0505133577548","90.3097721850774","90.6762965909488","91.0767350765245","91.4270477925087","91.8198503154903","92.4557016271145","92.8167061072576","92.60622527949","92.233280830003","91.7543640263095","91.2304392041999","90.382069839357","89.3048051417289","88.4175088164829","87.7810296358629","87.2431978937846","86.5379845130098","85.737762820315","85.0182361204846","84.3899011707131","83.7597146713438","",
"Uganda","UGA","Age dependency ratio (% of working-age population)","SP.POP.DPND","93.7704888100381","94.9869499744059","95.871826220273","96.3354649809499","96.3038772606227","96.0698523538588","95.9263548177598","95.8614591120029","95.8769259573699","96.0249146012153","96.3847043118775","97.0022399339801","98.025636850995","99.1964032440585","100.047416692041","100.684693060542","101.248657483385","101.68650976582","101.998802532825","102.607356633562","103.536586169821","104.245654914998","104.604490357716","104.724391313348","104.57768087697","104.487843984875","104.568286769463","104.61650653037","104.754058661129","104.969406468622","105.27250875451","105.561804062619","105.738816304519","105.965110891878","106.44291205141","108.022933827083","109.501248775079","110.437093155186","111.093630244514","111.132887554241","111.202172904865","111.209538199074","110.905017009275","110.402331085896","110.087749464791","109.760305775951","109.306445131681","108.692196658918","107.885150146124","106.955953092401","105.957237112969","104.991946480974","104.015180479864","102.960950754645","101.659121068481","100.031967639667","97.947403817142","95.640435867303","93.5640775343582","91.5697078154151","89.7016309112795","88.0347218678354","86.6448141858633","85.4896724288882","84.2692386918341","",
"Ukraine","UKR","Age dependency ratio (% of working-age population)","SP.POP.DPND","51.4066015383519","52.5329320031921","52.9672132054879","53.1419954956748","52.8250470235156","52.5564689178942","52.3783268588859","52.0805433438701","52.0107664900481","51.8287759792775","51.4052152497552","51.0833183303172","50.8937105691859","50.5958404744289","50.2947553792567","50.0647580202195","49.9186525181125","49.9319347379418","49.8762281022617","49.8940234674101","49.9145860098354","49.5546580492072","49.0661760367487","49.0163402593507","49.2647170544848","49.3143237104933","49.3995705093989","49.6550096516886","50.0005103946807","50.4105058391686","50.7409137088706","50.9845912314443","51.2131504133231","51.3893809875295","51.6317226416987","51.3330009207008","50.6065689738015","49.9232950219756","48.6410746163886","46.9112274706498","45.5082031520681","44.4619703115316","43.7827952677339","43.4992725559268","43.2844447040593","42.9263643308974","42.5377338231405","42.2913224989539","41.7453667037233","41.2449127726442","40.8671467578984","40.5166354406486","40.8345526687369","41.3166740567217","42.0954905825425","43.3341607506951","44.485957567843","45.6557777135064","46.557661136037","47.2491268952806","47.8846379680524","48.2195987327939","48.5413219822399","48.927142092575","48.9225090613665","",
"Upper middle income","UMC","Age dependency ratio (% of working-age population)","SP.POP.DPND","79.7247619969842","79.3099955269192","79.5976351977075","80.942309605936","82.1782381862947","82.7598085892854","82.9735682380536","82.6201016723881","82.2263825137722","82.0505047471701","81.6680121008859","81.292733800418","80.6763356520798","80.0533465501657","79.8999839144451","79.8696527218498","79.7567322619349","78.7059645082223","76.2867204856096","73.876671287106","71.8955562320288","70.0248626809265","68.4981082036744","66.8979970284205","65.1340551119135","63.5685212035943","62.2439206212719","61.226163912899","60.3616504497237","59.6856026030375","59.2686033523137","58.8383938910261","58.3442554315604","57.8845979169105","57.3295504151846","56.624646037924","55.7719213570908","54.7336415932967","53.690518954926","52.6999501887773","51.6532057015649","50.5241744469937","49.2962527963348","48.1072576614806","46.9728069265077","45.85040352685","44.9696775527734","44.392735682706","43.9501127444163","43.6161125940514","43.3793829127582","43.2599056692575","43.3144358558691","43.4914852618901","43.7633355217301","44.1147548834402","44.5412566212891","45.0922586116765","45.6089411793584","46.0353659847771","46.3616415213835","46.483816971302","46.5297774743624","46.4752770041333","46.1847374818197","",
"Uruguay","URY","Age dependency ratio (% of working-age population)","SP.POP.DPND","55.6856376635188","55.9005077328245","56.1402801050289","56.4466975414093","56.8094601758771","57.1419780003376","57.429025603576","57.6674743513469","57.8490266112502","57.9803610460289","58.0882965218736","58.1602554493187","58.1882296878723","58.2507115928133","58.4432066558556","58.7684101430249","59.1732149522215","59.5761508476928","59.8949705783176","60.0836709812636","60.13427194952","60.0997366110623","60.0237602633528","59.9037509830882","59.7619285796381","59.6465383266052","59.6029246770415","59.6144838598087","59.6020199172119","59.4990201388343","59.2889168018702","59.0412762608654","58.8598045535363","58.7725047749787","58.7993083135012","58.9881196578214","59.2603832889857","59.4958631026161","59.6483800712565","59.7460863862008","59.8113405108553","59.8489216395122","59.8358581980962","59.703312305219","59.4505495039191","59.214030422378","58.9850686251671","58.6708765063403","58.3029599925215","57.8823079373983","57.4226662302485","56.9523598346889","56.5267544018137","56.1887709485469","55.8914702038185","55.655253084089","55.467903558164","55.2221042886245","54.9160760110058","54.5633225323007","54.1627509533779","53.6466642752878","53.0930916288326","52.6676318563048","52.2955026226606","",
"United States","USA","Age dependency ratio (% of working-age population)","SP.POP.DPND","66.9354046625049","67.6083747305395","67.5087467326172","67.1817554792835","66.8777012267588","66.5610424794393","65.9985287814559","65.1173811063162","64.0797693239846","62.997596875772","61.9946613779737","60.85114524364","59.4065751976991","57.8329917214712","56.2992571440269","54.8818005160446","53.544071606248","52.403894493565","51.5006827178822","50.7891686161789","50.3205679983998","50.0520528903637","49.9439250729823","49.9232284077432","49.8830003733776","49.7654113331785","49.7054297393338","49.8926857604386","50.2833103997195","50.77464898173","51.238482086274","51.6541373756373","51.9977277550372","52.1602619489498","52.1445550097576","51.9691102485906","51.6754019155487","51.2932387708189","50.8653430749568","50.4451370434482","50.0358331385231","49.6385027806598","49.2523674393258","48.87487974038","48.4979199966309","48.0956829396105","47.8032811357291","47.7735820707482","47.9187424830396","48.0979715941135","48.2461171051273","48.5112483606419","48.9935347408379","49.5000916066393","49.9593733626838","50.3802792773562","50.7885326899222","51.2357568878998","51.6943264101797","52.1637515215282","52.5896816378799","52.9517089793606","53.377633599054","53.908799692093","54.4480428025866","",
"Uzbekistan","UZB","Age dependency ratio (% of working-age population)","SP.POP.DPND","83.5331214908891","88.1724166726683","92.5960825053068","96.5693978091704","99.7914625922437","101.676702380297","102.419521899105","102.682054699837","102.381712376187","101.676958193304","100.859026195637","99.9325497594093","98.7204837228344","97.1640049393006","95.2815931913323","93.080231573812","90.6638767067631","88.1670961171072","85.8046168146196","83.733792744685","81.8994292270279","80.309873754096","79.0076036233993","78.0491380015688","77.4709206143801","77.1600128444768","77.0134418863655","76.9161524232238","76.7338817960995","76.5311041209389","76.6016505407828","76.9292635236091","77.2832853868679","77.5811998724592","77.6190343652758","77.3436588329064","76.7869581513787","75.8326662845938","74.4279490840898","72.6291482627593","70.5343533403284","68.206878584831","65.8327687506574","63.6048706178502","61.5072809151456","59.3766906615768","57.1652563080568","55.1243231431766","53.4488462806641","52.0994530058547","50.9135971391737","49.8601391184231","49.0804585754969","48.7263222498675","48.8305476003008","49.3359508232811","50.0611692979578","50.8221131406473","51.7097466682868","52.7698563917884","53.9511270861508","55.2497682839009","56.5268870521244","57.6444238962333","58.6494292141216","",
"St. Vincent and the Grenadines","VCT","Age dependency ratio (% of working-age population)","SP.POP.DPND","112.371652909201","111.559782207002","110.420184282889","108.817701453104","107.148132760929","105.940840732017","105.093242430319","104.430004610015","103.84856951032","103.341319414734","102.939497113372","102.665327726521","102.48472926804","102.277105964337","101.992411792156","101.535805344201","100.929216717959","100.288654125594","99.5902355659993","98.6542264201655","96.5467164573196","93.2625809299588","90.1573743427782","87.7611992759354","85.8723418945043","84.250564602401","82.7777684858419","81.3957323307279","80.1497761497762","79.0567070030896","77.9170976211314","76.1560920478448","73.7203736586119","71.3428072041948","69.317738791423","67.5624397835915","65.9731494387793","64.5462478184991","63.4273832558408","62.7956402487184","62.4522498032763","61.62477750089","60.2077738515901","58.7765584215106","57.4997906256107","56.3325455303768","55.2507934747959","54.2067058416868","53.2244931756393","52.3932979383576","51.7973991551396","51.4193530519552","51.001249826413","50.4912739722214","50.0830414090522","49.7577777155498","49.489752888589","49.2745638200184","49.1817729437691","49.2641896055139","49.2905142329767","49.3515735052789","49.5822339489886","49.7221975943494","49.6601169138318","",
"Venezuela, RB","VEN","Age dependency ratio (% of working-age population)","SP.POP.DPND","96.3926490281079","96.8823313561082","97.2188508616432","97.4466618655702","97.4676909976151","97.2663234399696","96.8637427635558","96.1947713406175","95.3046323810247","94.2297796339389","92.9883837095699","91.6100915993859","90.1229314480241","88.5765616207899","87.0843063224604","85.6893802678692","84.3809578530406","83.1664430725558","82.0338489114978","80.9752144898742","79.9701233576251","79.0027997255958","78.0702869569722","77.1767372241129","76.3286820580338","75.5298863341302","74.8123454418042","74.1714365465527","73.5454900519293","72.896085897059","72.1990591285084","71.4407394592324","70.6185222514839","69.7410278800045","68.8185739387096","67.863724482244","66.8993883479444","65.943565076166","64.9991649138246","64.0561526392205","63.1073480179797","62.1505961811793","61.1981775928077","60.2656616560146","59.3548547902397","58.5122487499449","57.7736601935159","57.1009620481937","56.4767365652723","55.8991914356006","55.3598306657652","54.878041791136","54.4459843494093","54.0187230989071","53.6012010654475","53.2199829831147","53.0083098007427","53.3639666664058","54.5900649107737","55.9638284576163","56.4854585659602","56.2700924770689","55.6970242477288","55.0083324049546","54.3357993626306","",
"British Virgin Islands","VGB","Age dependency ratio (% of working-age population)","SP.POP.DPND","92.7740058195926","90.3340440653874","88.3959841232781","86.3145809414466","84.7127996381728","83.7152391546162","82.4549989156365","80.3295786399666","77.4250788643533","73.5481521937011","71.4063848144953","71.1887400373071","70.7707707707708","70.1460692598063","69.5153473344103","69.003984063745","68.52871754524","68.0566360665941","67.6574772832281","67.2921434019832","66.6816412099431","65.1085862217748","62.8774422735346","60.5242668050869","57.9595860029571","55.4657293497364","53.2090635115526","51.3542333120068","49.9642455817755","49.0427098674521","48.4776853252648","48.08343243985","47.6245551601424","47.1332063052139","46.6385846672283","45.9901800327332","45.3772159949122","44.9312316488951","44.6574930445898","44.5209493114562","44.4166963967178","43.6287036397541","42.0334040296925","40.4683335448661","39.3059360730594","38.5642346879026","38.1755613223513","38.126871766948","38.4109098567818","38.8036105869754","38.8122586146361","38.1151681339299","37.2021521906226","36.4861374203547","36.021128213593","35.5893566010298","35.6327821595868","35.6790174681549","34.945294552817","34.3484680693983","33.9102841482764","33.4415699008224","32.885975863504","32.1738540819094","31.7775106837607","",
"Virgin Islands (U.S.)","VIR","Age dependency ratio (% of working-age population)","SP.POP.DPND","89.2175128085701","87.7031686094237","82.2347183171925","78.4353284017037","76.2005527724996","75.0956003703256","73.9588824459673","72.280701754386","70.0971110975386","67.420940111614","66.8664563617245","69.0062659328616","71.2362575723581","72.6216859558401","73.1766019716574","73.4592719061519","73.7214805715628","73.5042257716222","72.3079410126991","70.2414244752027","67.3766966805537","64.4103796884776","62.2084258643887","60.6528769491851","59.4977248584973","58.5423419454322","57.7110148418073","56.9100380996812","56.0317779254703","54.9043355614153","53.8232770100317","53.1840570601733","52.8712527656867","52.8175274583465","52.9560160770788","53.1679736333674","53.3610464786334","53.4562603560352","53.4012692041327","53.1454035226263","52.7558280138354","52.3494736842105","51.9648759173156","51.6117763773806","51.3746615680911","51.1455807341751","50.9226376993246","50.9166132672109","51.1644446923635","51.7476937721349","52.5703665113136","53.5875870480945","54.7613257613687","55.9880455654534","57.2669757135777","58.2595025051057","58.8405625812552","59.2580496711845","59.5838926174497","59.8956693798624","60.3989979778469","61.1513638577691","62.1299044865189","63.2984684348151","64.4379677038204","",
"Viet Nam","VNM","Age dependency ratio (% of working-age population)","SP.POP.DPND","84.8819902963466","87.5309194769171","89.9674681591678","92.5543585258034","94.0065444906932","94.4259404414363","95.0154302617967","95.1620825455406","94.8145194064578","94.1852512004364","93.2914108064935","92.4350911486962","91.2195058375903","89.8803425176672","88.5692305973907","87.2094663755865","86.4970941454025","85.8734163604269","84.7838467544662","84.2157826361651","83.9007162269209","83.5700115618262","83.5158307301117","83.4775854513906","83.3541647728152","83.141400727336","82.7128392342628","81.9069324197675","80.7004520240934","79.4957541833473","78.4115751269167","77.2792802328883","76.0376881780341","74.6398709319425","73.0807619791337","71.3536222057356","69.4481556458288","67.2698496428235","64.8052526056802","62.261940609126","59.9498221104256","57.9648902578706","56.2346454755768","54.6563872611096","53.0547414323825","51.3412154712425","49.5460786338393","47.8798783604028","46.4294210539472","45.1710967600072","44.1553936894184","43.429509513285","43.0574599485855","43.0653799174176","43.3734893031827","43.7681325303024","44.38523018963","45.3221818606231","46.123352133928","46.6054316189935","46.9641361395404","47.2392982614886","47.4163647594031","47.5514131558407","47.6476510341859","",
"Vanuatu","VUT","Age dependency ratio (% of working-age population)","SP.POP.DPND","93.6434947254531","94.015342273233","94.3164975487402","94.4216593692845","94.4611987721471","94.5959384486549","94.7269398962677","94.8233725838703","95.175459651481","95.616124813154","95.7299087897627","95.5740915993573","95.1906883540472","94.6531344761433","93.9962102323726","93.2449361111646","92.4571854058079","91.672808988764","90.9577146826431","93.4969787226758","95.7601299888291","94.7800161425818","94.2558621021715","93.9893617021277","93.7312340918444","93.4438393161886","93.0682490867877","92.5660785221993","91.994598502312","91.4112625271754","90.7733340205123","90.1691305437234","90.7101012329338","92.9750465909916","93.9872665938138","92.9386911701894","91.5849297716598","89.9481143876519","88.1216635368092","86.2212174838122","84.3007667573584","82.427709232591","80.6061947310668","78.8287485746864","77.1400769833547","75.5484848989655","74.079508533744","72.8043732916829","71.8050065876153","71.0980576671421","70.7821997935543","70.8488586685753","71.178315473816","71.7476986205221","72.4631534301771","73.1993387052682","73.907040957202","74.5534427215864","75.0882318641321","75.4675368380568","75.6376501563271","75.6146293850835","75.3935971134344","74.9220682087426","74.2451305605171","",
"World","WLD","Age dependency ratio (% of working-age population)","SP.POP.DPND","74.480569075382","74.7574819803159","75.1679679407154","75.9828316699259","76.6617162449254","77.0128698750961","77.2061122998384","77.1503208646285","77.0572755552648","76.9780253075368","76.769688164223","76.5514181331131","76.2450637155868","75.9049272945344","75.7285050301297","75.5628597767056","75.3551271968923","74.7801575421722","73.6677462023115","72.5726619307577","71.6511399702777","70.7783509684738","70.0456760663434","69.2821232976687","68.4926544192228","67.8198349635022","67.2445314784627","66.7845600205914","66.3848799383237","66.0584370604026","65.8293782255109","65.5645004891653","65.2805149243035","64.9995952852085","64.6313335090529","64.1546249673512","63.6049502602328","62.9566963405357","62.2405952607518","61.5185739301082","60.7967291090557","60.0737451505691","59.3509684097883","58.6529983283867","57.9620547134254","57.2791116829302","56.6951661636905","56.2266514625234","55.8320878123004","55.5090909321708","55.2285439096583","55.0327416816633","54.9673931375577","54.9752893022052","55.0272309177305","55.0919210430927","55.1538106317496","55.2604545487474","55.3616642154252","55.4249128195507","55.4235362642562","55.3157367002934","55.1665437495315","54.9957101080858","54.7447998474278","",
"Samoa","WSM","Age dependency ratio (% of working-age population)","SP.POP.DPND","112.145214521452","112.997934493951","114.37376859534","116.023844161374","117.00112935453","117.596150576393","117.997205867678","118.276165921478","118.47984965546","118.384467123764","117.944737659112","117.10111366718","115.834664834919","114.142063724057","111.972480317753","109.366210644166","106.465517241379","103.775654680664","101.504651307985","99.4196723719974","97.4691758598313","95.5571818085244","93.2377691370205","90.6337190687463","88.2627147339669","86.2373032704543","84.7284267327171","83.8699771889805","83.3943394993137","82.9710419896571","82.5557787425214","82.0339201650867","81.0298650228505","79.8793641485329","79.1720127478167","78.8838906024245","79.1360172552371","79.7598436756472","80.3605093101328","81.0153527929231","81.6577513372994","82.2666029812725","82.0623155650741","81.1352824530385","80.4625655236563","79.8288050012022","79.1245598465546","78.2269182104885","77.3353109083786","76.7302794285925","76.4346172830478","76.3880459103715","75.9851687325356","75.4335669285765","75.2920248516873","75.2501302761855","75.389349030829","75.9352838398027","76.633963291667","77.3941500291737","78.2420022202039","78.9865871833085","79.6694766713964","79.9646155890757","79.6782541330828","",
"Kosovo","XKX","Age dependency ratio (% of working-age population)","SP.POP.DPND","81.844803964652","81.2293379729756","80.8347749658193","80.4059204082291","79.9309500311913","79.4460748819357","78.8618870266915","78.1396569697242","79.4505080362091","82.9252351441762","86.5021380756573","87.8390601414451","87.0719094405574","86.3408256424829","85.3736648996788","84.199802843482","82.898758734618","81.4436161284527","79.7248859124044","77.7883528167344","75.8162144041123","74.1107116421698","72.7450932095192","71.4990109538236","70.2567392602126","69.0385791866276","68.2591543309784","67.9189670151678","68.6606133890294","70.0998835027481","70.8419491903186","70.2299854587867","68.3853375963703","66.4120703235084","64.6503032170571","62.9579087243472","61.5173336252744","60.1636855191235","63.0337012566903","69.539084510232","70.4620508863115","67.2834677875216","64.0440592310437","61.1289218402081","58.7471096692721","56.8537705291361","55.4565619445542","54.6324867067475","54.1169412777567","53.7019638808979","53.3777955367448","52.7221885576121","51.6695496139704","50.8212917852572","50.4491591958955","50.3114616718486","49.4234283610369","47.9157805716211","46.8838732984927","46.3859932227911","45.6054847155605","44.9764159941038","44.9007221695902","44.7976993017704","44.4772784115005","",
"Yemen, Rep.","YEM","Age dependency ratio (% of working-age population)","SP.POP.DPND","78.5433373265655","78.581323784126","78.7056911353064","79.1314369249614","79.9669168287647","81.2350594113277","82.7575044592413","84.2992073072089","85.831009238883","87.3403957061224","88.9844963915145","90.7465317201995","92.4651856614228","94.1414433799373","95.7803550324025","97.4109586215015","99.0447452919216","100.680085681328","102.311172958352","103.974004033399","105.654787494815","107.25958655727","108.752410914886","110.164490854386","111.487189461545","112.666553282382","113.789455531184","114.768596061529","115.607088570922","116.364234505728","116.923106960805","117.274660857499","117.403450899535","117.284608670547","116.788025151424","115.858365423994","114.544713955078","112.969449843632","111.233185869489","109.383931478426","107.460544298809","105.463286580092","103.441759651263","101.435512483599","99.4364822396363","97.1784979519556","94.7572731364546","92.4209901964376","90.1589412017358","88.0489445959759","86.1362761650777","84.5141646239343","83.1892317875726","82.0892761335314","81.1275756454274","80.3078546004591","79.6670299659825","79.1640984847763","78.7888852602687","78.450785085874","78.2490319341492","78.1681766734297","77.9743636556573","77.7260933249256","77.466898203994","",
"South Africa","ZAF","Age dependency ratio (% of working-age population)","SP.POP.DPND","83.4347848741973","83.4218872584755","83.3937116940995","83.2815596715653","83.2946670421406","83.5125931796469","83.7789431889435","84.0443230613191","84.2672949681834","84.4611332902078","84.6144769672559","84.6607597911774","84.5941419368539","84.456213117129","84.2661609182519","84.0216139042756","83.7228895041418","83.2517824660601","82.6088976334202","81.9712984691911","80.930065612982","79.5641467458109","78.411814973554","77.4950663292129","76.7236872176089","75.9715065716209","75.1950239512103","74.3989432017673","73.5466703684521","72.5906783658581","71.4822188640895","70.85162085667","71.1025612589463","70.1966820630749","70.1807253727468","71.4735617319473","72.0279171344506","71.6231806476523","69.8400738297717","67.8184635976063","65.7027052287315","63.5438609146193","61.4067784144942","59.455252163521","57.8587721482822","56.6510379746355","55.685311279064","54.8477910510607","54.1990604628856","53.6669938632738","53.0235183096566","52.3610042890342","51.8655072353767","51.4600302732864","51.1390115950153","50.7798142238484","51.0589576961171","51.2667885388625","50.6774275844496","50.0943393660016","49.49614178865","48.9162852048925","48.5504660443153","48.3679344695214","48.3114173367099","",
"Zambia","ZMB","Age dependency ratio (% of working-age population)","SP.POP.DPND","95.5754248424379","96.1826777805778","96.8457550169846","97.7115387687021","98.6261708865504","99.1885897592906","99.5172232591198","99.8497703400247","100.19376323659","100.670988519948","101.681646001733","103.092334833259","104.469063000762","105.782637690393","106.998480022295","108.125947811754","109.125621521411","109.948820203943","110.576373295277","110.987263353772","111.106070483735","110.845526048714","110.17194701274","109.38701913217","108.774641032653","108.18465164059","107.49654740231","106.836733402516","106.26217205053","105.741428724792","105.212755386982","104.71091714615","104.265792247289","103.900814734371","103.671433338043","103.554185310665","103.447538794104","103.148952229642","102.735507397432","102.247164180592","101.54753502566","100.496328798022","99.4309410870537","98.4754018940788","97.6030631602521","96.7715302677538","95.925978930964","95.0937476176288","94.2483279485375","93.4137284231271","92.6272354636416","91.9437657216159","91.2480121650816","90.4153625250029","89.4276668789517","88.3819983200907","87.2726425233368","86.0880279127988","84.8848438316168","83.6337137132054","82.2910754691753","80.8978170758265","79.5164700824871","78.1069920863262","76.6912407389232","",
"Zimbabwe","ZWE","Age dependency ratio (% of working-age population)","SP.POP.DPND","102.966287273731","104.401251244874","105.995410765908","107.881916026349","108.759477522144","108.404886209542","107.982846857532","107.573311510697","107.178164870297","106.783125501558","106.332031211369","105.894136012335","105.60333538846","105.470627323504","105.42739076845","105.498461960435","105.718903082067","106.301039388253","107.828866712826","109.738736675116","108.911667782733","107.13517201564","106.387300948617","105.818910251116","105.47801775074","104.915483213056","104.159127486225","104.047571169401","103.936968495952","102.692672402722","100.830202031148","98.687095231139","99.5506581645971","101.121844938429","99.9268005304341","97.5727814511355","94.1348732788006","90.5308736769466","87.2275306881219","84.5592005826474","82.7828202158217","81.5563751508938","81.0078961121419","81.1534991009947","81.6091651856766","82.2028188716048","82.5129279048771","82.7732704031285","83.4642158994641","84.4783865020806","85.6706799596368","86.7989538485636","87.8594210543489","88.6378275042674","88.9275709065542","88.8363578945822","88.3275279751021","87.5123520945076","86.5168398539074","85.4479058285901","84.3843806399623","83.3849533226054","82.5476054640719","81.6253517563755","80.1004117942445","",
